[1,0,0,[["cc.JsonAsset",["_name","json"],1]],[[0,0,1,3]],[[0,"192",{"cards":[{"faceUp":false,"depth":0,"value":-1,"x":2.214,"y":228.513,"angle":0},{"faceUp":false,"depth":0,"value":-1,"x":119.214,"y":228.513,"angle":0},{"faceUp":false,"depth":0,"value":-1,"x":236.214,"y":228.513,"angle":0},{"faceUp":false,"depth":0,"value":-1,"x":67.214,"y":84.513,"angle":0},{"faceUp":false,"depth":0,"value":-1,"x":184.214,"y":84.513,"angle":0},{"faceUp":false,"depth":0,"value":-1,"x":2.214,"y":-59.487,"angle":0},{"faceUp":false,"depth":0,"value":-1,"x":119.214,"y":-59.487,"angle":0},{"faceUp":false,"depth":0,"value":-1,"x":236.214,"y":-59.487,"angle":0},{"faceUp":false,"depth":0,"value":-1,"x":-49.786,"y":84.513,"angle":0},{"faceUp":false,"depth":0,"value":-1,"x":-166.786,"y":84.513,"angle":0},{"faceUp":false,"depth":0,"value":-1,"x":-114.786,"y":228.513,"angle":0},{"faceUp":false,"depth":0,"value":-1,"x":-231.786,"y":228.513,"angle":0},{"faceUp":false,"depth":0,"value":-1,"x":-114.786,"y":-59.487,"angle":0},{"faceUp":false,"depth":0,"value":-1,"x":-231.786,"y":-59.487,"angle":0},{"faceUp":false,"depth":0,"value":-1,"x":344.088,"y":210.513,"angle":0},{"faceUp":false,"depth":0,"value":-1,"x":-343.533,"y":-41.487,"angle":0},{"faceUp":false,"depth":1,"value":-1,"x":-166.786,"y":192.513,"angle":0},{"faceUp":false,"depth":1,"value":-1,"x":-49.786,"y":192.513,"angle":0},{"faceUp":false,"depth":1,"value":-1,"x":67.214,"y":192.513,"angle":0},{"faceUp":false,"depth":1,"value":-1,"x":184.214,"y":192.513,"angle":0},{"faceUp":false,"depth":1,"value":-1,"x":184.214,"y":-23.487,"angle":0},{"faceUp":false,"depth":1,"value":-1,"x":67.214,"y":-23.487,"angle":0},{"faceUp":false,"depth":1,"value":-1,"x":-49.786,"y":-23.487,"angle":0},{"faceUp":false,"depth":1,"value":-1,"x":-166.786,"y":-23.487,"angle":0},{"faceUp":false,"depth":1,"value":-1,"x":344.088,"y":84.513,"angle":0},{"faceUp":false,"depth":1,"value":-1,"x":-343.533,"y":84.513,"angle":0},{"faceUp":true,"depth":2,"value":-1,"x":-166.786,"y":84.513,"angle":0},{"faceUp":true,"depth":2,"value":-1,"x":-49.786,"y":84.513,"angle":0},{"faceUp":true,"depth":2,"value":-1,"x":67.214,"y":84.513,"angle":0},{"faceUp":true,"depth":2,"value":-1,"x":184.214,"y":84.513,"angle":0},{"faceUp":true,"depth":2,"value":-1,"x":344.088,"y":-41.487,"angle":0},{"faceUp":true,"depth":2,"value":-1,"x":-343.533,"y":210.513,"angle":0}],"settings":{"disableCombo":false,"cost":2500,"reward":2650,"comboCoinReward":170,"undoCost":[650,975,1300],"stars":[30,200,300],"wildCost":[7500],"cardsInStack":[-1,-1,-1,-1,-1,-1,-1,-1,-1,-1,-1,-1,-1,-1,-1,-1,-1,-1,-1,-1,-1,-1],"comboBonus":[5,4,6,4],"extraCardCost":[5000,7550,10000]}}]],0,0,[],[],[]]