[1,0,0,[["cc.JsonAsset",["_name","json"],1]],[[0,0,1,3]],[[0,"127",{"cards":[{"faceUp":false,"depth":0,"value":-1,"x":139.374,"y":22.776,"angle":0},{"faceUp":false,"depth":0,"value":-1,"x":269.374,"y":22.776,"angle":0},{"faceUp":false,"depth":0,"value":-1,"x":-243.13,"y":22.776,"angle":0},{"faceUp":false,"depth":0,"value":-1,"x":-113.13,"y":22.776,"angle":0},{"faceUp":false,"depth":0,"value":-1,"x":-112.283,"y":184.776,"angle":0},{"faceUp":false,"depth":0,"value":-1,"x":-242.283,"y":184.776,"angle":0},{"faceUp":false,"depth":0,"value":-1,"x":268.526,"y":184.776,"angle":0},{"faceUp":false,"depth":0,"value":-1,"x":138.526,"y":184.776,"angle":0},{"faceUp":false,"depth":1,"value":-1,"x":191.374,"y":4.776,"angle":0},{"faceUp":false,"depth":1,"value":-1,"x":74.374,"y":4.776,"angle":0},{"faceUp":false,"depth":1,"value":-1,"x":308.374,"y":4.776,"angle":0},{"faceUp":false,"depth":1,"value":-1,"x":-308.13,"y":4.776,"angle":0},{"faceUp":false,"depth":1,"value":-1,"x":-191.13,"y":4.776,"angle":0},{"faceUp":false,"depth":1,"value":-1,"x":-74.13,"y":4.776,"angle":0},{"faceUp":false,"depth":1,"value":-1,"x":-320.283,"y":202.776,"angle":0},{"faceUp":false,"depth":1,"value":-1,"x":-177.283,"y":202.776,"angle":0},{"faceUp":false,"depth":1,"value":-1,"x":-60.283,"y":202.776,"angle":0},{"faceUp":false,"depth":1,"value":-1,"x":320.526,"y":202.776,"angle":0},{"faceUp":false,"depth":1,"value":-1,"x":203.526,"y":202.776,"angle":0},{"faceUp":false,"depth":1,"value":-1,"x":60.526,"y":202.776,"angle":0},{"faceUp":false,"depth":2,"value":-1,"x":139.374,"y":-31.224,"angle":0},{"faceUp":false,"depth":2,"value":-1,"x":269.374,"y":-31.224,"angle":0},{"faceUp":false,"depth":2,"value":-1,"x":-243.13,"y":-31.224,"angle":0},{"faceUp":false,"depth":2,"value":-1,"x":-113.13,"y":-31.224,"angle":0},{"faceUp":false,"depth":2,"value":-1,"x":-242.283,"y":220.776,"angle":0},{"faceUp":false,"depth":2,"value":-1,"x":-112.283,"y":220.776,"angle":0},{"faceUp":false,"depth":2,"value":-1,"x":268.526,"y":220.776,"angle":0},{"faceUp":false,"depth":2,"value":-1,"x":138.526,"y":220.776,"angle":0},{"faceUp":true,"depth":3,"value":-1,"x":74.374,"y":-49.224,"angle":0},{"faceUp":true,"depth":3,"value":-1,"x":191.374,"y":-49.224,"angle":0},{"faceUp":true,"depth":3,"value":-1,"x":308.374,"y":-49.224,"angle":0},{"faceUp":true,"depth":3,"value":-1,"x":-308.13,"y":-49.224,"angle":0},{"faceUp":true,"depth":3,"value":-1,"x":-191.13,"y":-49.224,"angle":0},{"faceUp":true,"depth":3,"value":-1,"x":-74.13,"y":-49.224,"angle":0},{"faceUp":true,"depth":3,"value":-1,"x":-320.283,"y":238.776,"angle":0},{"faceUp":true,"depth":3,"value":-1,"x":-177.283,"y":238.776,"angle":0},{"faceUp":true,"depth":3,"value":-1,"x":-60.283,"y":238.776,"angle":0},{"faceUp":true,"depth":3,"value":-1,"x":60.526,"y":238.776,"angle":0},{"faceUp":true,"depth":3,"value":-1,"x":203.526,"y":238.776,"angle":0},{"faceUp":true,"depth":3,"value":-1,"x":320.526,"y":238.776,"angle":0}],"settings":{"disableCombo":false,"cost":2200,"reward":2400,"comboCoinReward":170,"undoCost":[500,750,1000],"stars":[30,200,300],"wildCost":[6500],"cardsInStack":[-1,-1,-1,-1,-1,-1,-1,-1,-1,-1,-1,-1,-1,-1,-1,-1,-1,-1,-1,-1,-1,-1,-1,-1,-1,-1,-1,-1],"comboBonus":[5,4,6,4],"extraCardCost":[4500,6750,9000]}}]],0,0,[],[],[]]