[1,0,0,[["cc.JsonAsset",["_name","json"],1]],[[0,0,1,3]],[[0,"250",{"cards":[{"faceUp":false,"depth":0,"value":-1,"x":95.705,"y":146.296,"angle":0},{"faceUp":false,"depth":0,"value":-1,"x":-90.284,"y":146.296,"angle":0},{"faceUp":false,"depth":0,"value":-1,"x":-355.71,"y":-15.704,"angle":0},{"faceUp":false,"depth":0,"value":-1,"x":360.56,"y":-15.704,"angle":0},{"faceUp":false,"depth":1,"value":-1,"x":95.705,"y":128.296,"angle":0},{"faceUp":false,"depth":1,"value":-1,"x":-90.284,"y":128.296,"angle":0},{"faceUp":false,"depth":1,"value":-1,"x":-329.71,"y":-51.704,"angle":0},{"faceUp":false,"depth":1,"value":-1,"x":334.56,"y":-51.704,"angle":0},{"faceUp":false,"depth":2,"value":-1,"x":95.705,"y":110.296,"angle":0},{"faceUp":false,"depth":2,"value":-1,"x":-90.284,"y":110.296,"angle":0},{"faceUp":false,"depth":2,"value":1,"x":-264.71,"y":-69.704,"angle":0},{"faceUp":false,"depth":2,"value":1,"x":269.56,"y":-69.704,"angle":0},{"faceUp":false,"depth":3,"value":-1,"x":95.705,"y":92.296,"angle":0},{"faceUp":false,"depth":3,"value":-1,"x":-90.284,"y":92.296,"angle":0},{"faceUp":false,"depth":3,"value":-1,"x":-199.71,"y":-87.704,"angle":0},{"faceUp":false,"depth":3,"value":-1,"x":204.56,"y":-87.704,"angle":0},{"faceUp":true,"depth":4,"value":-1,"x":95.705,"y":74.296,"angle":0},{"faceUp":true,"depth":4,"value":-1,"x":-90.284,"y":74.296,"angle":0},{"faceUp":false,"depth":4,"value":1,"x":-134.71,"y":-105.704,"angle":0},{"faceUp":false,"depth":4,"value":1,"x":139.56,"y":-105.704,"angle":0},{"faceUp":true,"depth":5,"value":-1,"x":-56.71,"y":-123.704,"angle":0},{"faceUp":true,"depth":5,"value":-1,"x":61.56,"y":-123.704,"angle":0}],"settings":{"disableCombo":false,"cost":2700,"reward":2850,"comboCoinReward":170,"undoCost":[700,1050,1400],"stars":[30,200,300],"wildCost":[8000],"cardsInStack":[-1,-1,-1,-1,-1,-1,-1,-1,-1,-1,-1,-1],"comboBonus":[5,4,6,4],"extraCardCost":[5500,8250,11000]}}]],0,0,[],[],[]]