[1,0,0,[["cc.JsonAsset",["_name","json"],1]],[[0,0,1,3]],[[0,"118",{"cards":[{"faceUp":false,"depth":0,"value":-1,"x":284.68,"y":226.174,"angle":0},{"faceUp":false,"depth":0,"value":-1,"x":-269.586,"y":226.174,"angle":0},{"faceUp":false,"depth":0,"value":-1,"x":7.738,"y":226.174,"angle":0},{"faceUp":false,"depth":1,"value":-1,"x":219.68,"y":208.174,"angle":0},{"faceUp":false,"depth":1,"value":-1,"x":349.68,"y":208.174,"angle":0},{"faceUp":false,"depth":1,"value":-1,"x":-204.586,"y":208.174,"angle":0},{"faceUp":false,"depth":1,"value":-1,"x":-334.586,"y":208.174,"angle":0},{"faceUp":false,"depth":1,"value":-1,"x":72.738,"y":208.174,"angle":0},{"faceUp":false,"depth":1,"value":-1,"x":-57.262,"y":208.174,"angle":0},{"faceUp":false,"depth":1,"value":-1,"x":124.738,"y":-25.826,"angle":0},{"faceUp":false,"depth":1,"value":-1,"x":280.738,"y":-25.826,"angle":0},{"faceUp":false,"depth":1,"value":-1,"x":-109.262,"y":-25.826,"angle":0},{"faceUp":false,"depth":1,"value":-1,"x":-265.262,"y":-25.826,"angle":0},{"faceUp":false,"depth":2,"value":-1,"x":284.68,"y":190.174,"angle":0},{"faceUp":false,"depth":2,"value":-1,"x":-269.586,"y":190.174,"angle":0},{"faceUp":false,"depth":2,"value":-1,"x":7.738,"y":190.174,"angle":0},{"faceUp":false,"depth":2,"value":-1,"x":137.738,"y":-25.826,"angle":0},{"faceUp":false,"depth":2,"value":-1,"x":267.738,"y":-25.826,"angle":0},{"faceUp":false,"depth":2,"value":-1,"x":-122.262,"y":-25.826,"angle":0},{"faceUp":false,"depth":2,"value":-1,"x":-252.262,"y":-25.826,"angle":0},{"faceUp":false,"depth":3,"value":-1,"x":232.68,"y":172.174,"angle":0},{"faceUp":false,"depth":3,"value":-1,"x":336.68,"y":172.174,"angle":0},{"faceUp":false,"depth":3,"value":-1,"x":-217.586,"y":172.174,"angle":0},{"faceUp":false,"depth":3,"value":-1,"x":-321.586,"y":172.174,"angle":0},{"faceUp":false,"depth":3,"value":-1,"x":-44.262,"y":172.174,"angle":0},{"faceUp":false,"depth":3,"value":-1,"x":59.738,"y":172.174,"angle":0},{"faceUp":false,"depth":3,"value":-1,"x":241.738,"y":-25.826,"angle":0},{"faceUp":false,"depth":3,"value":-1,"x":-148.262,"y":-25.826,"angle":0},{"faceUp":true,"depth":4,"value":-1,"x":284.68,"y":154.174,"angle":0},{"faceUp":true,"depth":4,"value":-1,"x":-269.586,"y":154.174,"angle":0},{"faceUp":true,"depth":4,"value":-1,"x":7.738,"y":154.174,"angle":0},{"faceUp":false,"depth":4,"value":-1,"x":-226.262,"y":-25.826,"angle":0},{"faceUp":false,"depth":4,"value":-1,"x":163.738,"y":-25.826,"angle":0},{"faceUp":true,"depth":5,"value":-1,"x":-187.262,"y":-25.826,"angle":0},{"faceUp":true,"depth":5,"value":-1,"x":202.738,"y":-25.826,"angle":0}],"settings":{"disableCombo":false,"cost":2200,"reward":2400,"comboCoinReward":170,"undoCost":[500,750,1000],"stars":[30,200,300],"wildCost":[6500],"cardsInStack":[-1,-1,-1,-1,-1,-1,-1,-1,-1,-1,-1,-1,-1,-1,-1,-1,-1,-1,-1,-1,-1,-1,-1,-1],"comboBonus":[5,4,6,4],"extraCardCost":[4500,6750,9000]}}]],0,0,[],[],[]]