[1,0,0,[["cc.JsonAsset",["_name","json"],1]],[[0,0,1,3]],[[0,"133",{"cards":[{"faceUp":false,"depth":0,"value":-1,"x":-105.512,"y":292.184,"angle":0},{"faceUp":false,"depth":0,"value":-1,"x":102.488,"y":292.184,"angle":0},{"faceUp":false,"depth":0,"value":-1,"x":-72.132,"y":83.132,"angle":0},{"faceUp":false,"depth":0,"value":-1,"x":-280.132,"y":83.132,"angle":0},{"faceUp":false,"depth":0,"value":-1,"x":284.868,"y":83.132,"angle":0},{"faceUp":false,"depth":0,"value":-1,"x":76.868,"y":83.132,"angle":0},{"faceUp":false,"depth":0,"value":-1,"x":79.868,"y":-94.868,"angle":0},{"faceUp":false,"depth":0,"value":-1,"x":287.868,"y":-94.868,"angle":0},{"faceUp":false,"depth":0,"value":-1,"x":-76.132,"y":-94.868,"angle":0},{"faceUp":false,"depth":0,"value":-1,"x":-284.132,"y":-94.868,"angle":0},{"faceUp":false,"depth":1,"value":-1,"x":-92.512,"y":310.184,"angle":0},{"faceUp":false,"depth":1,"value":-1,"x":89.488,"y":310.184,"angle":0},{"faceUp":false,"depth":1,"value":-1,"x":-85.132,"y":101.132,"angle":0},{"faceUp":false,"depth":1,"value":-1,"x":-267.132,"y":101.132,"angle":0},{"faceUp":false,"depth":1,"value":-1,"x":271.868,"y":101.132,"angle":0},{"faceUp":false,"depth":1,"value":-1,"x":89.868,"y":101.132,"angle":0},{"faceUp":false,"depth":1,"value":-1,"x":92.868,"y":-112.868,"angle":0},{"faceUp":false,"depth":1,"value":-1,"x":274.868,"y":-112.868,"angle":0},{"faceUp":false,"depth":1,"value":-1,"x":-89.132,"y":-112.868,"angle":0},{"faceUp":false,"depth":1,"value":-1,"x":-271.132,"y":-112.868,"angle":0},{"faceUp":false,"depth":2,"value":-1,"x":76.488,"y":328.184,"angle":0},{"faceUp":false,"depth":2,"value":-1,"x":-79.512,"y":328.184,"angle":0},{"faceUp":false,"depth":2,"value":-1,"x":-98.132,"y":119.132,"angle":0},{"faceUp":false,"depth":2,"value":-1,"x":-254.132,"y":119.132,"angle":0},{"faceUp":false,"depth":2,"value":-1,"x":258.868,"y":119.132,"angle":0},{"faceUp":false,"depth":2,"value":-1,"x":102.868,"y":119.132,"angle":0},{"faceUp":false,"depth":2,"value":-1,"x":105.868,"y":-130.868,"angle":0},{"faceUp":false,"depth":2,"value":-1,"x":261.868,"y":-130.868,"angle":0},{"faceUp":false,"depth":2,"value":-1,"x":-102.132,"y":-130.868,"angle":0},{"faceUp":false,"depth":2,"value":-1,"x":-258.132,"y":-130.868,"angle":0},{"faceUp":true,"depth":3,"value":-1,"x":-1.512,"y":328.184,"angle":0},{"faceUp":true,"depth":3,"value":-1,"x":-176.132,"y":119.132,"angle":0},{"faceUp":true,"depth":3,"value":-1,"x":180.868,"y":119.132,"angle":0},{"faceUp":true,"depth":3,"value":-1,"x":183.868,"y":-130.868,"angle":0},{"faceUp":true,"depth":3,"value":-1,"x":-180.132,"y":-130.868,"angle":0}],"settings":{"disableCombo":false,"cost":2200,"reward":2400,"comboCoinReward":170,"undoCost":[500,750,1000],"stars":[30,200,300],"wildCost":[6500],"cardsInStack":[-1,-1,-1,-1,-1,-1,-1,-1,-1,-1,-1,-1,-1,-1,-1,-1,-1,-1,-1,-1,-1,-1,-1],"comboBonus":[5,4,6,4],"extraCardCost":[4500,6750,9000]}}]],0,0,[],[],[]]