[1,0,0,[["cc.JsonAsset",["_name","json"],1]],[[0,0,1,3]],[[0,"109",{"cards":[{"faceUp":false,"depth":0,"value":-1,"x":-178.5,"y":99,"angle":0},{"faceUp":false,"depth":0,"value":-1,"x":328.5,"y":9,"angle":0},{"faceUp":false,"depth":0,"value":-1,"x":328.5,"y":189,"angle":0},{"faceUp":false,"depth":0,"value":-1,"x":108.5,"y":99,"angle":0},{"faceUp":false,"depth":1,"value":-1,"x":302.5,"y":189,"angle":0},{"faceUp":false,"depth":1,"value":-1,"x":302.5,"y":9,"angle":0},{"faceUp":false,"depth":1,"value":-1,"x":-243.5,"y":189,"angle":0},{"faceUp":false,"depth":1,"value":-1,"x":-243.5,"y":9,"angle":0},{"faceUp":false,"depth":1,"value":-1,"x":43.5,"y":189,"angle":0},{"faceUp":false,"depth":1,"value":-1,"x":43.5,"y":9,"angle":0},{"faceUp":true,"depth":2,"value":-1,"x":276.5,"y":189,"angle":0},{"faceUp":true,"depth":2,"value":-1,"x":276.5,"y":9,"angle":0},{"faceUp":false,"depth":2,"value":-1,"x":-269.5,"y":189,"angle":0},{"faceUp":false,"depth":2,"value":-1,"x":-269.5,"y":9,"angle":0},{"faceUp":false,"depth":2,"value":-1,"x":17.5,"y":189,"angle":0},{"faceUp":false,"depth":2,"value":-1,"x":17.5,"y":9,"angle":0},{"faceUp":false,"depth":3,"value":-1,"x":-295.5,"y":189,"angle":0},{"faceUp":false,"depth":3,"value":-1,"x":-295.5,"y":9,"angle":0},{"faceUp":true,"depth":3,"value":-1,"x":-8.5,"y":189,"angle":0},{"faceUp":true,"depth":3,"value":-1,"x":-8.5,"y":9,"angle":0},{"faceUp":true,"depth":4,"value":-1,"x":-347.5,"y":99,"angle":0}],"settings":{"disableCombo":false,"cost":2200,"reward":2400,"comboCoinReward":170,"undoCost":[500,750,1000],"stars":[30,200,300],"wildCost":[6500],"cardsInStack":[-1,-1,-1,-1,-1,-1,-1,-1,-1,-1,-1,-1,-1,-1,-1],"comboBonus":[5,4,6,4],"extraCardCost":[4500,6750,9000]}}]],0,0,[],[],[]]