[1,0,0,[["cc.JsonAsset",["_name","json"],1]],[[0,0,1,3]],[[0,"21",{"cards":[{"faceUp":false,"depth":0,"value":-1,"x":-6.144,"y":70.964,"angle":0},{"faceUp":false,"depth":0,"value":-1,"x":-13,"y":-96,"angle":0},{"faceUp":false,"depth":0,"value":-1,"x":5,"y":240,"angle":0},{"faceUp":false,"depth":1,"value":1,"x":168.856,"y":-8.165,"angle":0},{"faceUp":true,"depth":1,"value":1,"x":-71.144,"y":70.964,"angle":0},{"faceUp":true,"depth":1,"value":1,"x":58.856,"y":70.964,"angle":0},{"faceUp":false,"depth":1,"value":-1,"x":-21,"y":240,"angle":0},{"faceUp":false,"depth":1,"value":-1,"x":13,"y":-96,"angle":0},{"faceUp":false,"depth":1,"value":1,"x":-177.464,"y":151.933,"angle":0},{"faceUp":false,"depth":2,"value":-1,"x":123,"y":240,"angle":0},{"faceUp":false,"depth":2,"value":-1,"x":-123,"y":-96,"angle":0},{"faceUp":false,"depth":2,"value":-1,"x":-292,"y":-96,"angle":0},{"faceUp":false,"depth":2,"value":-1,"x":-47,"y":240,"angle":0},{"faceUp":false,"depth":2,"value":-1,"x":39,"y":-96,"angle":0},{"faceUp":false,"depth":2,"value":-1,"x":318,"y":240,"angle":0},{"faceUp":false,"depth":3,"value":-1,"x":292,"y":240,"angle":0},{"faceUp":false,"depth":3,"value":-1,"x":-149,"y":-96,"angle":0},{"faceUp":false,"depth":3,"value":-1,"x":-279,"y":-96,"angle":0},{"faceUp":false,"depth":3,"value":-1,"x":-73,"y":240,"angle":0},{"faceUp":false,"depth":3,"value":-1,"x":65,"y":-96,"angle":0},{"faceUp":false,"depth":3,"value":-1,"x":149,"y":240,"angle":0},{"faceUp":true,"depth":4,"value":-1,"x":227,"y":240,"angle":0},{"faceUp":true,"depth":4,"value":-1,"x":-214,"y":-96,"angle":0},{"faceUp":true,"depth":4,"value":-1,"x":-99,"y":240,"angle":0},{"faceUp":true,"depth":4,"value":-1,"x":91,"y":-96,"angle":0}],"settings":{"disableCombo":false,"cost":1500,"reward":1550,"comboCoinReward":100,"undoCost":[100,150,400],"stars":[30,100,200],"wildCost":[2000],"cardsInStack":[-1,-1,-1,-1,-1,-1,-1,-1,-1,-1,-1,-1,-1,-1,-1,-1,-1,-1,-1,-1],"comboBonus":[5,4,6,4],"extraCardCost":[200,300,500]}}]],0,0,[],[],[]]