[1,0,0,[["cc.JsonAsset",["_name","json"],1]],[[0,0,1,3]],[[0,"35",{"cards":[{"faceUp":false,"depth":0,"value":-1,"x":-255.416,"y":126.714,"angle":20},{"faceUp":false,"depth":0,"value":-1,"x":-158.253,"y":-110.173,"angle":-20},{"faceUp":false,"depth":0,"value":-1,"x":179.747,"y":-110.173,"angle":20},{"faceUp":false,"depth":0,"value":-1,"x":272.564,"y":128.887,"angle":-20},{"faceUp":false,"depth":0,"value":-1,"x":112.613,"y":78.52,"angle":-20},{"faceUp":false,"depth":0,"value":-1,"x":-93.253,"y":69.827,"angle":20},{"faceUp":false,"depth":0,"value":-1,"x":-177.416,"y":342.714,"angle":-20},{"faceUp":false,"depth":0,"value":-1,"x":181.564,"y":344.887,"angle":20},{"faceUp":true,"depth":0,"value":4,"x":10.747,"y":-74.173,"angle":0},{"faceUp":false,"depth":1,"value":-1,"x":192.747,"y":-110.173,"angle":20},{"faceUp":false,"depth":1,"value":-1,"x":285.564,"y":128.887,"angle":-20},{"faceUp":false,"depth":1,"value":-1,"x":-268.416,"y":126.714,"angle":20},{"faceUp":false,"depth":1,"value":-1,"x":-171.253,"y":-110.173,"angle":-20},{"faceUp":false,"depth":1,"value":-1,"x":-106.253,"y":69.827,"angle":20},{"faceUp":false,"depth":1,"value":-1,"x":-190.416,"y":342.714,"angle":-20},{"faceUp":false,"depth":1,"value":-1,"x":194.564,"y":344.887,"angle":20},{"faceUp":false,"depth":1,"value":-1,"x":125.613,"y":78.52,"angle":-20},{"faceUp":false,"depth":2,"value":-1,"x":298.564,"y":128.887,"angle":-20},{"faceUp":false,"depth":2,"value":-1,"x":205.747,"y":-110.173,"angle":20},{"faceUp":false,"depth":2,"value":-1,"x":138.613,"y":78.52,"angle":-20},{"faceUp":false,"depth":2,"value":-1,"x":207.564,"y":344.887,"angle":20},{"faceUp":false,"depth":2,"value":-1,"x":-281.416,"y":126.714,"angle":20},{"faceUp":false,"depth":2,"value":-1,"x":-203.416,"y":342.714,"angle":-20},{"faceUp":false,"depth":2,"value":-1,"x":-119.253,"y":69.827,"angle":20},{"faceUp":false,"depth":2,"value":-1,"x":-184.253,"y":-110.173,"angle":-20},{"faceUp":false,"depth":3,"value":-1,"x":218.747,"y":-110.173,"angle":20},{"faceUp":false,"depth":3,"value":-1,"x":151.613,"y":78.52,"angle":-20},{"faceUp":false,"depth":3,"value":-1,"x":311.564,"y":128.887,"angle":-20},{"faceUp":false,"depth":3,"value":-1,"x":220.564,"y":344.887,"angle":20},{"faceUp":false,"depth":3,"value":-1,"x":-294.416,"y":126.714,"angle":20},{"faceUp":false,"depth":3,"value":-1,"x":-216.416,"y":342.714,"angle":-20},{"faceUp":false,"depth":3,"value":-1,"x":-132.253,"y":69.827,"angle":20},{"faceUp":false,"depth":3,"value":-1,"x":-197.253,"y":-110.173,"angle":-20},{"faceUp":true,"depth":4,"value":-1,"x":233.564,"y":344.887,"angle":20},{"faceUp":true,"depth":4,"value":-1,"x":164.613,"y":78.52,"angle":-20},{"faceUp":true,"depth":4,"value":-1,"x":231.747,"y":-110.173,"angle":20},{"faceUp":true,"depth":4,"value":-1,"x":324.564,"y":128.887,"angle":-20},{"faceUp":true,"depth":4,"value":-1,"x":-307.416,"y":126.714,"angle":20},{"faceUp":true,"depth":4,"value":-1,"x":-229.416,"y":342.714,"angle":-20},{"faceUp":true,"depth":4,"value":-1,"x":-145.253,"y":69.827,"angle":20},{"faceUp":true,"depth":4,"value":-1,"x":-210.253,"y":-110.173,"angle":-20}],"settings":{"disableCombo":false,"cost":1500,"reward":1550,"comboCoinReward":100,"undoCost":[200,300,600],"stars":[30,100,200],"wildCost":[2000],"cardsInStack":[-1,-1,-1,-1,-1,-1,-1,-1,-1,-1,-1,-1,-1,-1,-1,-1,-1,-1,-1,-1,-1],"comboBonus":[6,5,4,4],"extraCardCost":[1500,2250,3000]}}]],0,0,[],[],[]]