[1,0,0,[["cc.JsonAsset",["_name","json"],1]],[[0,0,1,3]],[[0,"299",{"cards":[{"faceUp":false,"depth":0,"value":-1,"x":235.033,"y":-19.461,"angle":0},{"faceUp":false,"depth":0,"value":-1,"x":7,"y":-176.11900000000003,"angle":0},{"faceUp":false,"depth":0,"value":-1,"x":-71.494,"y":148.25900000000001,"angle":0},{"faceUp":false,"depth":0,"value":-1,"x":-217.988,"y":-19.461,"angle":0},{"faceUp":false,"depth":0,"value":-1,"x":86.893,"y":148.25900000000001,"angle":0},{"faceUp":false,"depth":1,"value":-1,"x":235.033,"y":34.539,"angle":0},{"faceUp":false,"depth":1,"value":-1,"x":-71.494,"y":202.25900000000001,"angle":0},{"faceUp":false,"depth":1,"value":-1,"x":-217.988,"y":34.539,"angle":0},{"faceUp":false,"depth":1,"value":-1,"x":86.893,"y":202.25900000000001,"angle":0},{"faceUp":false,"depth":2,"value":-1,"x":248.03300000000002,"y":88.539,"angle":0},{"faceUp":false,"depth":2,"value":-1,"x":-84.494,"y":256.259,"angle":0},{"faceUp":false,"depth":2,"value":-1,"x":-230.988,"y":88.539,"angle":0},{"faceUp":false,"depth":2,"value":-1,"x":99.893,"y":256.259,"angle":0},{"faceUp":false,"depth":3,"value":-1,"x":7,"y":-140.11900000000003,"angle":0},{"faceUp":false,"depth":3,"value":-1,"x":274.033,"y":124.539,"angle":0},{"faceUp":false,"depth":3,"value":-1,"x":-110.494,"y":292.259,"angle":0},{"faceUp":false,"depth":3,"value":-1,"x":-256.988,"y":124.539,"angle":0},{"faceUp":false,"depth":3,"value":-1,"x":125.893,"y":292.259,"angle":0},{"faceUp":false,"depth":4,"value":1,"x":7,"y":-104.119,"angle":0},{"faceUp":true,"depth":4,"value":-1,"x":326.033,"y":142.539,"angle":0},{"faceUp":true,"depth":4,"value":-1,"x":-162.494,"y":310.259,"angle":0},{"faceUp":true,"depth":4,"value":-1,"x":-308.988,"y":142.539,"angle":0},{"faceUp":true,"depth":4,"value":-1,"x":177.893,"y":310.259,"angle":0},{"faceUp":false,"depth":5,"value":-1,"x":7,"y":-68.119,"angle":0},{"faceUp":true,"depth":6,"value":-1,"x":7,"y":-104.119,"angle":0}],"settings":{"disableCombo":false,"cost":2800,"reward":2950,"comboCoinReward":170,"undoCost":[700,1050,1400],"stars":[30,200,300],"wildCost":[8500],"cardsInStack":[-1,-1,-1,-1,-1,-1,-1,-1,-1,-1,-1,-1,-1,-1,-1,-1,-1],"comboBonus":[5,4,6,4],"extraCardCost":[5500,8250,11000]}}]],0,0,[],[],[]]