[1,0,0,[["cc.JsonAsset",["_name","json"],1]],[[0,0,1,3]],[[0,"65",{"cards":[{"faceUp":false,"depth":0,"value":-1,"x":4.612,"y":-84.823,"angle":0},{"faceUp":false,"depth":0,"value":-1,"x":-177.388,"y":-84.823,"angle":0},{"faceUp":false,"depth":0,"value":-1,"x":-353.654,"y":-84.823,"angle":0},{"faceUp":false,"depth":0,"value":-1,"x":186.612,"y":-84.823,"angle":0},{"faceUp":false,"depth":0,"value":-1,"x":360.967,"y":-84.823,"angle":0},{"faceUp":false,"depth":1,"value":-1,"x":-164.388,"y":-30.823,"angle":10},{"faceUp":false,"depth":1,"value":-1,"x":-340.654,"y":-30.823,"angle":10},{"faceUp":false,"depth":1,"value":-1,"x":4.612,"y":-30.823,"angle":0},{"faceUp":false,"depth":1,"value":-1,"x":173.612,"y":-30.823,"angle":-10},{"faceUp":false,"depth":1,"value":-1,"x":347.967,"y":-30.823,"angle":-10},{"faceUp":false,"depth":2,"value":-1,"x":-340.654,"y":23.177,"angle":15},{"faceUp":false,"depth":2,"value":-1,"x":-164.388,"y":23.177,"angle":15},{"faceUp":false,"depth":2,"value":-1,"x":4.612,"y":23.177,"angle":0},{"faceUp":false,"depth":2,"value":-1,"x":173.612,"y":23.177,"angle":-15},{"faceUp":false,"depth":2,"value":-1,"x":347.967,"y":23.177,"angle":-15},{"faceUp":true,"depth":3,"value":-1,"x":-340.654,"y":77.177,"angle":25},{"faceUp":true,"depth":3,"value":-1,"x":-164.388,"y":77.177,"angle":25},{"faceUp":true,"depth":3,"value":-1,"x":4.612,"y":77.177,"angle":0},{"faceUp":true,"depth":3,"value":-1,"x":173.612,"y":77.177,"angle":-25},{"faceUp":true,"depth":3,"value":-1,"x":347.967,"y":77.177,"angle":-25}],"settings":{"disableCombo":false,"cost":2000,"reward":2100,"comboCoinReward":150,"undoCost":[500,750,1000],"stars":[30,150,250],"wildCost":[6000],"cardsInStack":[-1,-1,-1,-1,-1,-1,-1,-1,-1,-1,-1,-1,-1,-1],"comboBonus":[5,4,6,4],"extraCardCost":[4000,6000,8000]}}]],0,0,[],[],[]]