[1,0,0,[["cc.JsonAsset",["_name","json"],1]],[[0,0,1,3]],[[0,"179",{"cards":[{"faceUp":false,"depth":0,"value":-1,"x":25.003999999999998,"y":384.796,"angle":30},{"faceUp":false,"depth":0,"value":-1,"x":-130.996,"y":384.796,"angle":30},{"faceUp":false,"depth":0,"value":-1,"x":204.779,"y":-39.166,"angle":30},{"faceUp":false,"depth":0,"value":-1,"x":-120.221,"y":-39.166,"angle":30},{"faceUp":false,"depth":0,"value":-1,"x":35.779,"y":-39.166,"angle":30},{"faceUp":false,"depth":0,"value":-1,"x":181.00400000000002,"y":384.796,"angle":30},{"faceUp":false,"depth":1,"value":-1,"x":-0.9959999999999951,"y":348.796,"angle":30},{"faceUp":false,"depth":1,"value":-1,"x":-156.996,"y":348.796,"angle":30},{"faceUp":false,"depth":1,"value":-1,"x":178.779,"y":-75.166,"angle":30},{"faceUp":false,"depth":1,"value":-1,"x":-146.221,"y":-75.166,"angle":30},{"faceUp":false,"depth":1,"value":-1,"x":9.779000000000003,"y":-75.166,"angle":30},{"faceUp":false,"depth":1,"value":-1,"x":155.00400000000002,"y":348.796,"angle":30},{"faceUp":false,"depth":2,"value":-1,"x":-26.995999999999995,"y":312.796,"angle":30},{"faceUp":false,"depth":2,"value":-1,"x":-182.996,"y":312.796,"angle":30},{"faceUp":false,"depth":2,"value":-1,"x":152.779,"y":-111.166,"angle":30},{"faceUp":false,"depth":2,"value":-1,"x":-172.221,"y":-111.166,"angle":30},{"faceUp":false,"depth":2,"value":-1,"x":-16.221000000000004,"y":-111.166,"angle":30},{"faceUp":false,"depth":2,"value":-1,"x":129.004,"y":312.796,"angle":30},{"faceUp":false,"depth":3,"value":-1,"x":-26.995999999999995,"y":240.796,"angle":-30},{"faceUp":false,"depth":3,"value":-1,"x":-182.996,"y":240.796,"angle":-30},{"faceUp":false,"depth":3,"value":-1,"x":152.779,"y":-183.166,"angle":-30},{"faceUp":false,"depth":3,"value":-1,"x":-172.221,"y":-183.166,"angle":-30},{"faceUp":false,"depth":3,"value":-1,"x":-16.221000000000004,"y":-183.166,"angle":-30},{"faceUp":false,"depth":3,"value":-1,"x":129.004,"y":240.796,"angle":-30},{"faceUp":false,"depth":4,"value":-1,"x":-0.9959999999999951,"y":204.796,"angle":-30},{"faceUp":false,"depth":4,"value":-1,"x":-156.996,"y":204.796,"angle":-30},{"faceUp":false,"depth":4,"value":-1,"x":178.779,"y":-219.166,"angle":-30},{"faceUp":false,"depth":4,"value":-1,"x":-146.221,"y":-219.166,"angle":-30},{"faceUp":false,"depth":4,"value":-1,"x":9.779000000000003,"y":-219.166,"angle":-30},{"faceUp":false,"depth":4,"value":-1,"x":155.00400000000002,"y":204.796,"angle":-30},{"faceUp":true,"depth":5,"value":-1,"x":25.003999999999998,"y":168.796,"angle":-30},{"faceUp":true,"depth":5,"value":-1,"x":-130.996,"y":168.796,"angle":-30},{"faceUp":true,"depth":5,"value":-1,"x":204.779,"y":-255.166,"angle":-30},{"faceUp":true,"depth":5,"value":-1,"x":-120.221,"y":-255.166,"angle":-30},{"faceUp":true,"depth":5,"value":-1,"x":35.779,"y":-255.166,"angle":-30},{"faceUp":true,"depth":5,"value":-1,"x":181.00400000000002,"y":168.796,"angle":-30}],"settings":{"disableCombo":false,"cost":2500,"reward":2650,"comboCoinReward":170,"undoCost":[650,975,1300],"stars":[30,200,300],"wildCost":[7500],"cardsInStack":[-1,-1,-1,-1,-1,-1,-1,-1,-1,-1,-1,-1,-1,-1,-1,-1,-1,-1,-1,-1,-1,-1,-1,-1],"comboBonus":[5,4,6,4],"extraCardCost":[5000,7550,10000]}}]],0,0,[],[],[]]