[1,0,0,[["cc.JsonAsset",["_name","json"],1]],[[0,0,1,3]],[[0,"185",{"cards":[{"faceUp":false,"depth":0,"value":-1,"x":-296.541,"y":376.111,"angle":0},{"faceUp":false,"depth":0,"value":-1,"x":-192.541,"y":376.111,"angle":0},{"faceUp":false,"depth":0,"value":-1,"x":-296.541,"y":232.111,"angle":0},{"faceUp":false,"depth":0,"value":-1,"x":-192.541,"y":232.111,"angle":0},{"faceUp":false,"depth":0,"value":-1,"x":169.944,"y":9.678,"angle":0},{"faceUp":false,"depth":0,"value":-1,"x":273.944,"y":-206.322,"angle":0},{"faceUp":false,"depth":0,"value":-1,"x":41.459,"y":196.111,"angle":0},{"faceUp":false,"depth":0,"value":-1,"x":-62.541,"y":412.111,"angle":0},{"faceUp":true,"depth":1,"value":-1,"x":-296.541,"y":412.111,"angle":0},{"faceUp":true,"depth":1,"value":-1,"x":-192.541,"y":412.111,"angle":0},{"faceUp":true,"depth":1,"value":-1,"x":-296.541,"y":196.111,"angle":0},{"faceUp":true,"depth":1,"value":-1,"x":-192.541,"y":196.111,"angle":0},{"faceUp":false,"depth":1,"value":-1,"x":169.944,"y":-44.322,"angle":0},{"faceUp":false,"depth":1,"value":-1,"x":273.944,"y":-134.322,"angle":0},{"faceUp":false,"depth":1,"value":-1,"x":41.459,"y":268.111,"angle":0},{"faceUp":false,"depth":1,"value":-1,"x":-62.541,"y":358.111,"angle":0},{"faceUp":false,"depth":2,"value":-1,"x":169.944,"y":-116.322,"angle":0},{"faceUp":false,"depth":2,"value":-1,"x":273.944,"y":-62.322,"angle":0},{"faceUp":false,"depth":2,"value":-1,"x":-64.056,"y":-26.322,"angle":0},{"faceUp":false,"depth":2,"value":-1,"x":39.944,"y":-26.322,"angle":0},{"faceUp":false,"depth":2,"value":-1,"x":39.944,"y":-170.322,"angle":0},{"faceUp":false,"depth":2,"value":-1,"x":-64.056,"y":-170.322,"angle":0},{"faceUp":false,"depth":2,"value":-1,"x":41.459,"y":340.111,"angle":0},{"faceUp":false,"depth":2,"value":-1,"x":-62.541,"y":286.111,"angle":0},{"faceUp":true,"depth":3,"value":-1,"x":169.944,"y":-206.322,"angle":0},{"faceUp":true,"depth":3,"value":-1,"x":273.944,"y":9.678,"angle":0},{"faceUp":true,"depth":3,"value":-1,"x":-64.056,"y":9.678,"angle":0},{"faceUp":true,"depth":3,"value":-1,"x":39.944,"y":9.678,"angle":0},{"faceUp":true,"depth":3,"value":-1,"x":39.944,"y":-206.322,"angle":0},{"faceUp":true,"depth":3,"value":-1,"x":-64.056,"y":-206.322,"angle":0},{"faceUp":true,"depth":3,"value":-1,"x":41.459,"y":412.111,"angle":0},{"faceUp":true,"depth":3,"value":-1,"x":-62.541,"y":196.111,"angle":0}],"settings":{"disableCombo":false,"cost":2500,"reward":2650,"comboCoinReward":170,"undoCost":[650,975,1300],"stars":[30,200,300],"wildCost":[7500],"cardsInStack":[-1,-1,-1,-1,-1,-1,-1,-1,-1,-1,-1,-1,-1,-1,-1,-1,-1,-1,-1,-1,-1,-1],"comboBonus":[5,4,6,4],"extraCardCost":[5000,7550,10000]}}]],0,0,[],[],[]]