[1,0,0,[["cc.JsonAsset",["_name","json"],1]],[[0,0,1,3]],[[0,"8",{"cards":[{"faceUp":false,"depth":0,"value":-1,"x":34.891,"y":-132.526,"angle":0},{"faceUp":false,"depth":1,"value":-1,"x":-153.867,"y":149.506,"angle":0},{"faceUp":false,"depth":1,"value":-1,"x":93.133,"y":149.506,"angle":0},{"faceUp":false,"depth":1,"value":-1,"x":-23.867,"y":311.506,"angle":0},{"faceUp":false,"depth":2,"value":-1,"x":-95.109,"y":29.474,"angle":0},{"faceUp":false,"depth":2,"value":-1,"x":164.891,"y":29.474,"angle":0},{"faceUp":false,"depth":3,"value":-1,"x":-215.225,"y":239.881,"angle":0},{"faceUp":false,"depth":3,"value":-1,"x":-88.867,"y":239.506,"angle":0},{"faceUp":false,"depth":3,"value":-1,"x":41.133,"y":239.506,"angle":0},{"faceUp":false,"depth":3,"value":-1,"x":-160.109,"y":-42.526,"angle":0},{"faceUp":false,"depth":3,"value":-1,"x":99.891,"y":-42.526,"angle":0},{"faceUp":true,"depth":3,"value":-1,"x":229.891,"y":-42.526,"angle":0},{"faceUp":false,"depth":3,"value":-1,"x":-30.109,"y":-42.526,"angle":0},{"faceUp":true,"depth":4,"value":-1,"x":-23.867,"y":149.506,"angle":0},{"faceUp":true,"depth":5,"value":-1,"x":164.891,"y":-132.526,"angle":0},{"faceUp":true,"depth":5,"value":-1,"x":-95.109,"y":-132.526,"angle":0},{"faceUp":true,"depth":5,"value":-1,"x":93.133,"y":311.506,"angle":0},{"faceUp":true,"depth":5,"value":-1,"x":-212.109,"y":29.474,"angle":0},{"faceUp":true,"depth":5,"value":-1,"x":34.891,"y":29.474,"angle":0},{"faceUp":true,"depth":5,"value":-1,"x":-153.867,"y":311.506,"angle":0}],"settings":{"disableCombo":false,"cost":1000,"reward":1050,"comboCoinReward":50,"undoCost":[100,150,400],"stars":[15,80,120],"wildCost":[500],"cardsInStack":[-1,-1,-1,-1,-1,-1,-1,-1,-1,-1,-1,-1,-1,-1,-1,-1,-1,-1],"comboBonus":[4,6,5,4],"extraCardCost":[200,300,500]}}]],0,0,[],[],[]]