[1,0,0,[["cc.JsonAsset",["_name","json"],1]],[[0,0,1,3]],[[0,"32",{"cards":[{"faceUp":false,"depth":0,"value":-1,"x":186.041,"y":258,"angle":0},{"faceUp":false,"depth":0,"value":-1,"x":85.041,"y":71,"angle":0},{"faceUp":false,"depth":0,"value":-1,"x":-62.959,"y":75,"angle":0},{"faceUp":false,"depth":0,"value":-1,"x":-163.959,"y":258,"angle":0},{"faceUp":false,"depth":0,"value":1,"x":-100.825,"y":420.402,"angle":-20},{"faceUp":false,"depth":0,"value":1,"x":107.175,"y":420.402,"angle":20},{"faceUp":false,"depth":1,"value":-1,"x":-88.959,"y":75,"angle":0},{"faceUp":false,"depth":1,"value":-1,"x":111.041,"y":71,"angle":0},{"faceUp":false,"depth":1,"value":-1,"x":-87.825,"y":420.402,"angle":-20},{"faceUp":false,"depth":1,"value":-1,"x":94.175,"y":420.402,"angle":20},{"faceUp":false,"depth":1,"value":1,"x":-182.959,"y":258,"angle":0},{"faceUp":false,"depth":1,"value":1,"x":205.041,"y":258,"angle":0},{"faceUp":false,"depth":2,"value":-1,"x":224.041,"y":258,"angle":0},{"faceUp":false,"depth":2,"value":-1,"x":-114.959,"y":75,"angle":0},{"faceUp":false,"depth":2,"value":-1,"x":137.041,"y":71,"angle":0},{"faceUp":true,"depth":2,"value":-1,"x":81.175,"y":420.402,"angle":20},{"faceUp":true,"depth":2,"value":-1,"x":-74.825,"y":420.402,"angle":-20},{"faceUp":false,"depth":2,"value":-1,"x":-201.959,"y":258,"angle":0},{"faceUp":false,"depth":3,"value":-1,"x":-140.959,"y":75,"angle":0},{"faceUp":false,"depth":3,"value":-1,"x":163.041,"y":71,"angle":0},{"faceUp":false,"depth":3,"value":-1,"x":-219.959,"y":258,"angle":0},{"faceUp":false,"depth":3,"value":-1,"x":242.041,"y":258,"angle":0},{"faceUp":true,"depth":4,"value":-1,"x":-238.959,"y":258,"angle":0},{"faceUp":true,"depth":4,"value":-1,"x":261.041,"y":258,"angle":0},{"faceUp":false,"depth":4,"value":1,"x":-166.959,"y":75,"angle":0},{"faceUp":false,"depth":4,"value":1,"x":189.041,"y":71,"angle":0},{"faceUp":false,"depth":5,"value":-1,"x":228.041,"y":35,"angle":0},{"faceUp":false,"depth":5,"value":-1,"x":-205.959,"y":35,"angle":0},{"faceUp":true,"depth":6,"value":-1,"x":267.041,"y":-1,"angle":0},{"faceUp":true,"depth":6,"value":-1,"x":-244.959,"y":-1,"angle":0}],"settings":{"disableCombo":false,"cost":1500,"reward":1550,"comboCoinReward":100,"undoCost":[200,300,600],"stars":[30,100,200],"wildCost":[2000],"cardsInStack":[-1,-1,-1,-1,-1,-1,-1,-1],"comboBonus":[5,4,6,4],"extraCardCost":[1500,2250,3000]}}]],0,0,[],[],[]]