[1,0,0,[["cc.JsonAsset",["_name","json"],1]],[[0,0,1,3]],[[0,"172",{"cards":[{"faceUp":false,"depth":0,"value":-1,"x":155,"y":195,"angle":-45},{"faceUp":false,"depth":0,"value":-1,"x":-131,"y":195,"angle":-45},{"faceUp":false,"depth":0,"value":-1,"x":12,"y":195,"angle":-45},{"faceUp":false,"depth":0,"value":-1,"x":102.029,"y":2.629000000000019,"angle":0},{"faceUp":false,"depth":0,"value":-1,"x":206.029,"y":2.629000000000019,"angle":0},{"faceUp":false,"depth":0,"value":-1,"x":206.029,"y":-141.37099999999998,"angle":0},{"faceUp":false,"depth":0,"value":-1,"x":102.029,"y":-141.37099999999998,"angle":0},{"faceUp":false,"depth":0,"value":-1,"x":102.029,"y":-285.371,"angle":0},{"faceUp":false,"depth":0,"value":-1,"x":206.029,"y":-285.371,"angle":0},{"faceUp":false,"depth":0,"value":-1,"x":-185.214,"y":-0.5570000000000164,"angle":0},{"faceUp":false,"depth":0,"value":-1,"x":-81.214,"y":-0.5570000000000164,"angle":0},{"faceUp":false,"depth":0,"value":-1,"x":-185.214,"y":-144.55700000000002,"angle":0},{"faceUp":false,"depth":0,"value":-1,"x":-81.214,"y":-144.55700000000002,"angle":0},{"faceUp":false,"depth":0,"value":-1,"x":-185.214,"y":-288.557,"angle":0},{"faceUp":false,"depth":0,"value":-1,"x":-81.214,"y":-288.557,"angle":0},{"faceUp":false,"depth":1,"value":-1,"x":142,"y":249,"angle":45},{"faceUp":false,"depth":1,"value":-1,"x":-144,"y":249,"angle":45},{"faceUp":false,"depth":1,"value":-1,"x":-1,"y":249,"angle":45},{"faceUp":true,"depth":1,"value":-1,"x":154.029,"y":2.629000000000019,"angle":0},{"faceUp":true,"depth":1,"value":-1,"x":154.029,"y":-141.37099999999998,"angle":0},{"faceUp":true,"depth":1,"value":-1,"x":154.029,"y":-285.371,"angle":0},{"faceUp":true,"depth":1,"value":-1,"x":-133.214,"y":-0.5570000000000164,"angle":0},{"faceUp":true,"depth":1,"value":-1,"x":-133.214,"y":-144.55700000000002,"angle":0},{"faceUp":true,"depth":1,"value":-1,"x":-133.214,"y":-288.557,"angle":0},{"faceUp":false,"depth":2,"value":-1,"x":155,"y":303,"angle":-45},{"faceUp":false,"depth":2,"value":-1,"x":-131,"y":303,"angle":-45},{"faceUp":false,"depth":2,"value":-1,"x":12,"y":303,"angle":-45},{"faceUp":false,"depth":3,"value":-1,"x":142,"y":357,"angle":45},{"faceUp":false,"depth":3,"value":-1,"x":-144,"y":357,"angle":45},{"faceUp":false,"depth":3,"value":-1,"x":-1,"y":357,"angle":45},{"faceUp":true,"depth":4,"value":-1,"x":155,"y":411,"angle":-45},{"faceUp":true,"depth":4,"value":-1,"x":-131,"y":411,"angle":-45},{"faceUp":true,"depth":4,"value":-1,"x":12,"y":411,"angle":-45}],"settings":{"disableCombo":false,"cost":2500,"reward":2650,"comboCoinReward":170,"undoCost":[650,975,1300],"stars":[30,200,300],"wildCost":[7500],"cardsInStack":[-1,-1,-1,-1,-1,-1,-1,-1,-1,-1,-1,-1,-1,-1,-1,-1,-1,-1,-1,-1,-1,-1,-1,-1,-1],"comboBonus":[5,4,6,4],"extraCardCost":[5000,7550,10000]}}]],0,0,[],[],[]]