[1,0,0,[["cc.JsonAsset",["_name","json"],1]],[[0,0,1,3]],[[0,"249",{"cards":[{"faceUp":false,"depth":0,"value":-1,"x":-160.858,"y":326,"angle":0},{"faceUp":false,"depth":0,"value":-1,"x":77.142,"y":326,"angle":0},{"faceUp":false,"depth":1,"value":-1,"x":-254.054,"y":99,"angle":-15},{"faceUp":false,"depth":1,"value":-1,"x":-254.054,"y":-81,"angle":15},{"faceUp":false,"depth":1,"value":-1,"x":103.142,"y":326,"angle":0},{"faceUp":false,"depth":1,"value":-1,"x":-134.858,"y":326,"angle":0},{"faceUp":false,"depth":2,"value":-1,"x":-163.054,"y":9,"angle":0},{"faceUp":false,"depth":2,"value":-1,"x":-46.054,"y":9,"angle":0},{"faceUp":false,"depth":2,"value":-1,"x":70.946,"y":9,"angle":0},{"faceUp":false,"depth":2,"value":-1,"x":-108.858,"y":326,"angle":0},{"faceUp":false,"depth":2,"value":-1,"x":129.142,"y":326,"angle":0},{"faceUp":false,"depth":2,"value":-1,"x":257.37,"y":-152.511,"angle":15},{"faceUp":false,"depth":2,"value":-1,"x":283.37,"y":81.489,"angle":-15},{"faceUp":false,"depth":3,"value":-1,"x":-228.054,"y":-99,"angle":0},{"faceUp":false,"depth":3,"value":-1,"x":-228.054,"y":117,"angle":0},{"faceUp":false,"depth":3,"value":-1,"x":-111.054,"y":117,"angle":0},{"faceUp":false,"depth":3,"value":-1,"x":122.946,"y":-99,"angle":0},{"faceUp":false,"depth":3,"value":-1,"x":5.946,"y":-99,"angle":0},{"faceUp":false,"depth":3,"value":-1,"x":-111.054,"y":-99,"angle":0},{"faceUp":false,"depth":3,"value":-1,"x":270.37,"y":117.489,"angle":-15},{"faceUp":false,"depth":3,"value":-1,"x":270.37,"y":-116.511,"angle":15},{"faceUp":false,"depth":3,"value":-1,"x":155.142,"y":326,"angle":0},{"faceUp":false,"depth":3,"value":-1,"x":5.946,"y":117,"angle":0},{"faceUp":false,"depth":3,"value":-1,"x":122.946,"y":117,"angle":0},{"faceUp":false,"depth":3,"value":-1,"x":-82.858,"y":326,"angle":0},{"faceUp":true,"depth":4,"value":-1,"x":-137.054,"y":9,"angle":0},{"faceUp":true,"depth":4,"value":-1,"x":-20.054,"y":9,"angle":0},{"faceUp":true,"depth":4,"value":-1,"x":96.946,"y":9,"angle":0},{"faceUp":true,"depth":4,"value":-1,"x":-56.858,"y":326,"angle":0},{"faceUp":true,"depth":4,"value":-1,"x":181.142,"y":326,"angle":0},{"faceUp":true,"depth":4,"value":-1,"x":283.37,"y":-80.511,"angle":15},{"faceUp":true,"depth":4,"value":-1,"x":257.37,"y":153.489,"angle":-15}],"settings":{"disableCombo":false,"cost":2700,"reward":2850,"comboCoinReward":170,"undoCost":[700,1050,1400],"stars":[30,200,300],"wildCost":[8000],"cardsInStack":[-1,-1,-1,-1,-1,-1,-1,-1,-1,-1,-1,-1,-1,-1,-1,-1,-1,-1,-1,-1,-1],"comboBonus":[5,4,6,4],"extraCardCost":[5500,8250,11000]}}]],0,0,[],[],[]]