[1,0,0,[["cc.JsonAsset",["_name","json"],1]],[[0,0,1,3]],[[0,"149",{"cards":[{"faceUp":false,"depth":0,"value":-1,"x":326.5,"y":96,"angle":20},{"faceUp":false,"depth":0,"value":-1,"x":-316.5,"y":96,"angle":-20},{"faceUp":false,"depth":0,"value":-1,"x":-124.5,"y":368,"angle":-20},{"faceUp":false,"depth":0,"value":-1,"x":-147.5,"y":96,"angle":-20},{"faceUp":false,"depth":0,"value":-1,"x":122.5,"y":368,"angle":20},{"faceUp":false,"depth":0,"value":-1,"x":157.5,"y":96,"angle":20},{"faceUp":false,"depth":0,"value":-1,"x":103.5,"y":-156,"angle":0},{"faceUp":false,"depth":0,"value":-1,"x":259.5,"y":-156,"angle":0},{"faceUp":false,"depth":0,"value":-1,"x":-108.5,"y":-156,"angle":0},{"faceUp":false,"depth":0,"value":-1,"x":-264.5,"y":-156,"angle":0},{"faceUp":false,"depth":1,"value":-1,"x":313.5,"y":78,"angle":20},{"faceUp":false,"depth":1,"value":-1,"x":-303.5,"y":78,"angle":-20},{"faceUp":false,"depth":1,"value":-1,"x":-111.5,"y":350,"angle":-20},{"faceUp":false,"depth":1,"value":-1,"x":-134.5,"y":78,"angle":-20},{"faceUp":false,"depth":1,"value":-1,"x":109.5,"y":350,"angle":20},{"faceUp":false,"depth":1,"value":-1,"x":144.5,"y":78,"angle":20},{"faceUp":false,"depth":1,"value":-1,"x":129.5,"y":-156,"angle":0},{"faceUp":false,"depth":1,"value":-1,"x":233.5,"y":-156,"angle":0},{"faceUp":false,"depth":1,"value":-1,"x":-134.5,"y":-156,"angle":0},{"faceUp":false,"depth":1,"value":-1,"x":-238.5,"y":-156,"angle":0},{"faceUp":false,"depth":2,"value":-1,"x":300.5,"y":60,"angle":20},{"faceUp":false,"depth":2,"value":-1,"x":-290.5,"y":60,"angle":-20},{"faceUp":false,"depth":2,"value":-1,"x":-98.5,"y":332,"angle":-20},{"faceUp":false,"depth":2,"value":-1,"x":-121.5,"y":60,"angle":-20},{"faceUp":false,"depth":2,"value":-1,"x":96.5,"y":332,"angle":20},{"faceUp":false,"depth":2,"value":-1,"x":131.5,"y":60,"angle":20},{"faceUp":true,"depth":2,"value":-1,"x":181.5,"y":-156,"angle":0},{"faceUp":true,"depth":2,"value":-1,"x":-186.5,"y":-156,"angle":0},{"faceUp":true,"depth":3,"value":-1,"x":287.5,"y":42,"angle":20},{"faceUp":true,"depth":3,"value":-1,"x":-277.5,"y":42,"angle":-20},{"faceUp":true,"depth":3,"value":-1,"x":-85.5,"y":314,"angle":-20},{"faceUp":true,"depth":3,"value":-1,"x":-108.5,"y":42,"angle":-20},{"faceUp":true,"depth":3,"value":-1,"x":83.5,"y":314,"angle":20},{"faceUp":true,"depth":3,"value":-1,"x":118.5,"y":42,"angle":20}],"settings":{"disableCombo":false,"cost":2200,"reward":2400,"comboCoinReward":170,"undoCost":[500,750,1000],"stars":[30,200,300],"wildCost":[6500],"cardsInStack":[-1,-1,-1,-1,-1,-1,-1,-1,-1,-1,-1,-1,-1,-1,-1,-1,-1,-1,-1,-1],"comboBonus":[5,4,6,4],"extraCardCost":[4500,6750,9000]}}]],0,0,[],[],[]]