[1,0,0,[["cc.JsonAsset",["_name","json"],1]],[[0,0,1,3]],[[0,"55",{"cards":[{"faceUp":false,"depth":0,"value":-1,"x":176.061,"y":73.577,"angle":0},{"faceUp":false,"depth":0,"value":-1,"x":306.061,"y":73.577,"angle":0},{"faceUp":false,"depth":0,"value":-1,"x":-306.006,"y":339.263,"angle":0},{"faceUp":false,"depth":0,"value":-1,"x":-176.006,"y":339.263,"angle":0},{"faceUp":false,"depth":0,"value":-1,"x":176.061,"y":339.263,"angle":0},{"faceUp":false,"depth":0,"value":-1,"x":306.061,"y":339.263,"angle":0},{"faceUp":false,"depth":0,"value":-1,"x":65.948,"y":339.263,"angle":0},{"faceUp":false,"depth":0,"value":-1,"x":-64.052,"y":339.263,"angle":0},{"faceUp":false,"depth":0,"value":-1,"x":65.948,"y":73.577,"angle":0},{"faceUp":false,"depth":0,"value":-1,"x":-64.052,"y":73.577,"angle":0},{"faceUp":false,"depth":0,"value":-1,"x":-176.006,"y":73.577,"angle":0},{"faceUp":false,"depth":0,"value":-1,"x":-306.006,"y":73.577,"angle":0},{"faceUp":false,"depth":1,"value":-1,"x":241.061,"y":55.577,"angle":0},{"faceUp":false,"depth":1,"value":-1,"x":-241.006,"y":321.263,"angle":0},{"faceUp":false,"depth":1,"value":-1,"x":241.061,"y":321.263,"angle":0},{"faceUp":false,"depth":1,"value":-1,"x":0.948,"y":321.263,"angle":0},{"faceUp":false,"depth":1,"value":-1,"x":0.948,"y":55.577,"angle":0},{"faceUp":false,"depth":1,"value":-1,"x":-241.006,"y":55.577,"angle":0},{"faceUp":false,"depth":2,"value":-1,"x":176.061,"y":19.577,"angle":0},{"faceUp":false,"depth":2,"value":-1,"x":306.061,"y":19.577,"angle":0},{"faceUp":false,"depth":2,"value":-1,"x":-306.006,"y":285.263,"angle":0},{"faceUp":false,"depth":2,"value":-1,"x":-176.006,"y":285.263,"angle":0},{"faceUp":false,"depth":2,"value":-1,"x":176.061,"y":285.263,"angle":0},{"faceUp":false,"depth":2,"value":-1,"x":306.061,"y":285.263,"angle":0},{"faceUp":false,"depth":2,"value":-1,"x":65.948,"y":285.263,"angle":0},{"faceUp":false,"depth":2,"value":-1,"x":-64.052,"y":285.263,"angle":0},{"faceUp":false,"depth":2,"value":-1,"x":65.948,"y":19.577,"angle":0},{"faceUp":false,"depth":2,"value":-1,"x":-64.052,"y":19.577,"angle":0},{"faceUp":false,"depth":2,"value":-1,"x":-176.006,"y":19.577,"angle":0},{"faceUp":false,"depth":2,"value":-1,"x":-306.006,"y":19.577,"angle":0},{"faceUp":true,"depth":3,"value":-1,"x":241.061,"y":37.577,"angle":0},{"faceUp":true,"depth":3,"value":-1,"x":-241.006,"y":303.263,"angle":0},{"faceUp":true,"depth":3,"value":-1,"x":241.061,"y":303.263,"angle":0},{"faceUp":true,"depth":3,"value":-1,"x":0.948,"y":303.263,"angle":0},{"faceUp":true,"depth":3,"value":-1,"x":0.948,"y":37.577,"angle":0},{"faceUp":true,"depth":3,"value":-1,"x":-241.006,"y":37.577,"angle":0}],"settings":{"disableCombo":false,"cost":1500,"reward":1550,"comboCoinReward":100,"undoCost":[400,600,800],"stars":[30,100,200],"wildCost":[4500],"cardsInStack":[-1,-1,-1,-1,-1,-1,-1,-1,-1,-1,-1,-1,-1,-1,-1,-1,-1,-1,-1,-1,-1,-1,-1],"comboBonus":[5,4,6,4],"extraCardCost":[3000,4500,6000]}}]],0,0,[],[],[]]