[1,0,0,[["cc.JsonAsset",["_name","json"],1]],[[0,0,1,3]],[[0,"266",{"cards":[{"faceUp":false,"depth":0,"value":-1,"x":-199.994,"y":171.152,"angle":0},{"faceUp":false,"depth":0,"value":-1,"x":75.5,"y":-80.848,"angle":0},{"faceUp":false,"depth":0,"value":-1,"x":-316.994,"y":-44.848,"angle":0},{"faceUp":false,"depth":0,"value":-1,"x":353.5,"y":171.152,"angle":0},{"faceUp":false,"depth":0,"value":-1,"x":236.5,"y":-44.848,"angle":0},{"faceUp":false,"depth":0,"value":-1,"x":75.5,"y":207.152,"angle":0},{"faceUp":false,"depth":0,"value":-1,"x":-28.5,"y":207.152,"angle":0},{"faceUp":false,"depth":0,"value":-1,"x":-28.5,"y":63.152,"angle":0},{"faceUp":false,"depth":0,"value":-1,"x":-28.5,"y":-80.848,"angle":0},{"faceUp":false,"depth":0,"value":-1,"x":75.5,"y":63.152,"angle":0},{"faceUp":false,"depth":1,"value":-1,"x":-290.994,"y":-44.848,"angle":0},{"faceUp":false,"depth":1,"value":-1,"x":262.5,"y":-44.848,"angle":0},{"faceUp":false,"depth":1,"value":-1,"x":327.5,"y":171.152,"angle":0},{"faceUp":false,"depth":1,"value":-1,"x":-225.994,"y":171.152,"angle":0},{"faceUp":true,"depth":1,"value":-1,"x":23.5,"y":207.152,"angle":0},{"faceUp":true,"depth":1,"value":-1,"x":23.5,"y":63.152,"angle":0},{"faceUp":true,"depth":1,"value":-1,"x":23.5,"y":-80.848,"angle":0},{"faceUp":false,"depth":2,"value":-1,"x":288.5,"y":-44.848,"angle":-3},{"faceUp":false,"depth":2,"value":-1,"x":301.5,"y":171.152,"angle":0},{"faceUp":false,"depth":2,"value":-1,"x":-251.994,"y":171.152,"angle":0},{"faceUp":false,"depth":2,"value":-1,"x":-264.994,"y":-44.848,"angle":-3},{"faceUp":false,"depth":3,"value":-1,"x":314.5,"y":-44.848,"angle":-5},{"faceUp":false,"depth":3,"value":-1,"x":275.5,"y":171.152,"angle":0},{"faceUp":false,"depth":3,"value":-1,"x":-277.994,"y":171.152,"angle":0},{"faceUp":false,"depth":3,"value":-1,"x":-238.994,"y":-44.848,"angle":-5},{"faceUp":true,"depth":4,"value":-1,"x":353.5,"y":-44.848,"angle":-10},{"faceUp":true,"depth":4,"value":-1,"x":249.5,"y":171.152,"angle":0},{"faceUp":true,"depth":4,"value":-1,"x":-303.994,"y":171.152,"angle":0},{"faceUp":true,"depth":4,"value":-1,"x":-199.994,"y":-44.848,"angle":-10}],"settings":{"disableCombo":false,"cost":2700,"reward":2850,"comboCoinReward":170,"undoCost":[700,1050,1400],"stars":[30,200,300],"wildCost":[8000],"cardsInStack":[-1,-1,-1,-1,-1,-1,-1,-1,-1,-1,-1,-1,-1,-1,-1,-1,-1,-1],"comboBonus":[5,4,6,4],"extraCardCost":[5500,8250,11000]}}]],0,0,[],[],[]]