[1,0,0,[["cc.JsonAsset",["_name","json"],1]],[[0,0,1,3]],[[0,"18",{"cards":[{"faceUp":false,"depth":0,"value":-1,"x":-77.397,"y":17.335,"angle":0},{"faceUp":false,"depth":0,"value":-1,"x":78.603,"y":17.335,"angle":0},{"faceUp":false,"depth":0,"value":-1,"x":234.603,"y":17.335,"angle":0},{"faceUp":false,"depth":0,"value":-1,"x":-233.397,"y":17.335,"angle":0},{"faceUp":false,"depth":1,"value":-1,"x":-77.397,"y":179.335,"angle":0},{"faceUp":false,"depth":1,"value":-1,"x":65.603,"y":179.335,"angle":0},{"faceUp":false,"depth":1,"value":-1,"x":195.603,"y":179.335,"angle":0},{"faceUp":false,"depth":1,"value":-1,"x":325.603,"y":179.335,"angle":0},{"faceUp":false,"depth":1,"value":-1,"x":-207.397,"y":179.335,"angle":0},{"faceUp":false,"depth":1,"value":-1,"x":-337.397,"y":179.335,"angle":0},{"faceUp":true,"depth":2,"value":-1,"x":0.603,"y":89.335,"angle":0},{"faceUp":true,"depth":2,"value":-1,"x":143.603,"y":89.335,"angle":0},{"faceUp":true,"depth":2,"value":-1,"x":286.603,"y":89.335,"angle":0},{"faceUp":true,"depth":2,"value":-1,"x":-142.397,"y":89.335,"angle":0},{"faceUp":true,"depth":2,"value":-1,"x":-285.397,"y":89.335,"angle":0},{"faceUp":true,"depth":3,"value":-1,"x":0.603,"y":251.335,"angle":0},{"faceUp":true,"depth":3,"value":-1,"x":130.603,"y":251.335,"angle":0},{"faceUp":true,"depth":3,"value":-1,"x":260.603,"y":251.335,"angle":0},{"faceUp":true,"depth":3,"value":-1,"x":158.361,"y":-100.665,"angle":0},{"faceUp":true,"depth":3,"value":-1,"x":-129.397,"y":251.335,"angle":0},{"faceUp":true,"depth":3,"value":-1,"x":-259.397,"y":251.335,"angle":0},{"faceUp":true,"depth":3,"value":-1,"x":-147.639,"y":-100.665,"angle":0}],"settings":{"disableCombo":false,"cost":1000,"reward":1050,"comboCoinReward":50,"undoCost":[100,150,400],"stars":[30,100,150],"wildCost":[1000],"cardsInStack":[-1,-1,-1,-1,-1,-1,-1,-1,-1,-1],"comboBonus":[5,4,6,4],"extraCardCost":[200,300,500]}}]],0,0,[],[],[]]