[1,0,0,[["cc.JsonAsset",["_name","json"],1]],[[0,0,1,3]],[[0,"108",{"cards":[{"faceUp":false,"depth":0,"value":-1,"x":-216.467,"y":77.703,"angle":0},{"faceUp":false,"depth":0,"value":-1,"x":225.533,"y":77.703,"angle":0},{"faceUp":false,"depth":0,"value":-1,"x":-73.467,"y":-12.297,"angle":-15},{"faceUp":false,"depth":0,"value":-1,"x":82.533,"y":-12.297,"angle":15},{"faceUp":false,"depth":1,"value":-1,"x":-268.467,"y":77.703,"angle":0},{"faceUp":false,"depth":1,"value":-1,"x":277.533,"y":77.703,"angle":0},{"faceUp":false,"depth":1,"value":-1,"x":-73.467,"y":41.703,"angle":-15},{"faceUp":false,"depth":1,"value":-1,"x":82.533,"y":41.703,"angle":15},{"faceUp":false,"depth":2,"value":-1,"x":-320.467,"y":77.703,"angle":0},{"faceUp":false,"depth":2,"value":-1,"x":329.533,"y":77.703,"angle":0},{"faceUp":false,"depth":2,"value":-1,"x":-73.467,"y":95.703,"angle":-15},{"faceUp":false,"depth":2,"value":-1,"x":82.533,"y":95.703,"angle":15},{"faceUp":false,"depth":3,"value":-1,"x":-216.467,"y":113.703,"angle":0},{"faceUp":false,"depth":3,"value":-1,"x":225.533,"y":113.703,"angle":0},{"faceUp":false,"depth":3,"value":-1,"x":82.533,"y":149.703,"angle":15},{"faceUp":false,"depth":3,"value":-1,"x":-73.467,"y":149.703,"angle":-15},{"faceUp":false,"depth":4,"value":-1,"x":-268.467,"y":113.703,"angle":0},{"faceUp":false,"depth":4,"value":-1,"x":277.533,"y":113.703,"angle":0},{"faceUp":true,"depth":4,"value":-1,"x":-73.467,"y":203.703,"angle":-15},{"faceUp":true,"depth":4,"value":-1,"x":82.533,"y":203.703,"angle":15},{"faceUp":true,"depth":5,"value":-1,"x":-320.467,"y":113.703,"angle":0},{"faceUp":true,"depth":5,"value":-1,"x":329.533,"y":113.703,"angle":0}],"settings":{"disableCombo":false,"cost":2200,"reward":2400,"comboCoinReward":170,"undoCost":[500,750,1000],"stars":[30,200,300],"wildCost":[6500],"cardsInStack":[-1,-1,-1,-1,-1,-1,-1,-1,-1,-1,-1,-1,-1,-1,-1,-1],"comboBonus":[5,4,6,4],"extraCardCost":[4500,6750,9000]}}]],0,0,[],[],[]]