[1,0,0,[["cc.JsonAsset",["_name","json"],1]],[[0,0,1,3]],[[0,"211",{"cards":[{"faceUp":false,"depth":0,"value":-1,"x":0,"y":-240,"angle":0},{"faceUp":false,"depth":0,"value":-1,"x":-130,"y":-330,"angle":0},{"faceUp":false,"depth":0,"value":-1,"x":130,"y":-330,"angle":0},{"faceUp":false,"depth":0,"value":-1,"x":-257.623,"y":349.129,"angle":-10},{"faceUp":false,"depth":0,"value":-1,"x":-218.623,"y":133.12900000000002,"angle":-10},{"faceUp":false,"depth":0,"value":-1,"x":220.37699999999995,"y":133.12900000000002,"angle":10},{"faceUp":false,"depth":0,"value":-1,"x":259.37699999999995,"y":349.129,"angle":10},{"faceUp":false,"depth":1,"value":-1,"x":0,"y":-312,"angle":0},{"faceUp":false,"depth":1,"value":-1,"x":-231.623,"y":349.129,"angle":-10},{"faceUp":false,"depth":1,"value":-1,"x":-192.623,"y":133.12900000000002,"angle":-10},{"faceUp":false,"depth":1,"value":-1,"x":194.37699999999995,"y":133.12900000000002,"angle":10},{"faceUp":false,"depth":1,"value":-1,"x":233.37699999999995,"y":349.129,"angle":10},{"faceUp":true,"depth":2,"value":-1,"x":52,"y":-276,"angle":0},{"faceUp":true,"depth":2,"value":-1,"x":-52,"y":-276,"angle":0},{"faceUp":false,"depth":2,"value":-1,"x":-195,"y":-240,"angle":0},{"faceUp":false,"depth":2,"value":-1,"x":195,"y":-240,"angle":0},{"faceUp":true,"depth":2,"value":-1,"x":-205.623,"y":349.129,"angle":-10},{"faceUp":true,"depth":2,"value":-1,"x":-166.623,"y":133.12900000000002,"angle":-10},{"faceUp":true,"depth":2,"value":-1,"x":168.37699999999995,"y":133.12900000000002,"angle":10},{"faceUp":true,"depth":2,"value":-1,"x":207.37699999999995,"y":349.129,"angle":10},{"faceUp":false,"depth":2,"value":-1,"x":-130,"y":-60,"angle":0},{"faceUp":false,"depth":2,"value":-1,"x":0,"y":-60,"angle":0},{"faceUp":false,"depth":2,"value":-1,"x":130,"y":-60,"angle":0},{"faceUp":true,"depth":3,"value":-1,"x":221,"y":-240,"angle":0},{"faceUp":true,"depth":3,"value":-1,"x":-221,"y":-240,"angle":0},{"faceUp":false,"depth":3,"value":-1,"x":-65,"y":-60,"angle":0},{"faceUp":false,"depth":3,"value":-1,"x":65,"y":-60,"angle":0},{"faceUp":true,"depth":4,"value":-1,"x":0,"y":-60,"angle":0}],"settings":{"disableCombo":false,"cost":2600,"reward":2750,"comboCoinReward":170,"undoCost":[650,975,1300],"stars":[30,200,300],"wildCost":[7800],"cardsInStack":[-1,-1,-1,-1,-1,-1,-1,-1,-1,-1,-1,-1,-1,-1,-1,-1],"comboBonus":[5,4,6,4],"extraCardCost":[5000,7550,10000]}}]],0,0,[],[],[]]