[1,0,0,[["cc.JsonAsset",["_name","json"],1]],[[0,0,1,3]],[[0,"72",{"cards":[{"faceUp":false,"depth":0,"value":-1,"x":-265,"y":4,"angle":-25},{"faceUp":false,"depth":0,"value":-1,"x":281,"y":4,"angle":25},{"faceUp":false,"depth":0,"value":-1,"x":8,"y":112,"angle":0},{"faceUp":false,"depth":0,"value":1,"x":-121.101,"y":-161.82999999999998,"angle":0},{"faceUp":false,"depth":0,"value":1,"x":130.804,"y":-158.68200000000002,"angle":0},{"faceUp":false,"depth":1,"value":-1,"x":-265,"y":22,"angle":-25},{"faceUp":false,"depth":1,"value":-1,"x":281,"y":22,"angle":25},{"faceUp":false,"depth":1,"value":-1,"x":8,"y":94,"angle":0},{"faceUp":false,"depth":1,"value":-1,"x":-213,"y":274,"angle":0},{"faceUp":false,"depth":1,"value":-1,"x":-83,"y":274,"angle":0},{"faceUp":false,"depth":1,"value":-1,"x":99,"y":274,"angle":0},{"faceUp":false,"depth":1,"value":-1,"x":229,"y":274,"angle":0},{"faceUp":false,"depth":1,"value":-1,"x":-121.101,"y":-179.82999999999998,"angle":0},{"faceUp":false,"depth":1,"value":-1,"x":130.804,"y":-176.68200000000002,"angle":0},{"faceUp":false,"depth":2,"value":-1,"x":-265,"y":40,"angle":-25},{"faceUp":false,"depth":2,"value":-1,"x":281,"y":40,"angle":25},{"faceUp":false,"depth":2,"value":-1,"x":8,"y":76,"angle":0},{"faceUp":false,"depth":2,"value":-1,"x":229,"y":256,"angle":0},{"faceUp":false,"depth":2,"value":-1,"x":-213,"y":256,"angle":0},{"faceUp":false,"depth":2,"value":-1,"x":-83,"y":256,"angle":0},{"faceUp":false,"depth":2,"value":-1,"x":99,"y":256,"angle":0},{"faceUp":true,"depth":2,"value":-1,"x":-121.101,"y":-197.82999999999998,"angle":0},{"faceUp":true,"depth":2,"value":-1,"x":130.804,"y":-194.68200000000002,"angle":0},{"faceUp":true,"depth":3,"value":-1,"x":281,"y":58,"angle":25},{"faceUp":false,"depth":3,"value":-1,"x":8,"y":58,"angle":0},{"faceUp":true,"depth":3,"value":-1,"x":-265,"y":58,"angle":-25},{"faceUp":false,"depth":3,"value":-1,"x":-83,"y":238,"angle":0},{"faceUp":false,"depth":3,"value":-1,"x":99,"y":238,"angle":0},{"faceUp":true,"depth":4,"value":-1,"x":8,"y":40,"angle":0},{"faceUp":false,"depth":4,"value":-1,"x":177,"y":220,"angle":20},{"faceUp":false,"depth":4,"value":-1,"x":-161,"y":220,"angle":-20},{"faceUp":true,"depth":5,"value":-1,"x":164,"y":202,"angle":15},{"faceUp":true,"depth":5,"value":-1,"x":-148,"y":202,"angle":-15}],"settings":{"disableCombo":false,"cost":2000,"reward":2100,"comboCoinReward":150,"undoCost":[500,750,1000],"stars":[30,150,250],"wildCost":[6000],"cardsInStack":[-1,-1,-1,-1,-1,-1,-1,-1,-1,-1,-1,-1,-1,-1,-1,-1],"comboBonus":[5,4,6,4],"extraCardCost":[4000,6000,8000]}}]],0,0,[],[],[]]