[1,0,0,[["cc.JsonAsset",["_name","json"],1]],[[0,0,1,3]],[[0,"240",{"cards":[{"faceUp":false,"depth":0,"value":-1,"x":0.31,"y":110.691,"angle":0},{"faceUp":false,"depth":0,"value":-1,"x":-129.69,"y":200.691,"angle":0},{"faceUp":false,"depth":0,"value":-1,"x":-129.69,"y":38.691,"angle":0},{"faceUp":false,"depth":0,"value":-1,"x":130.31,"y":38.691,"angle":0},{"faceUp":false,"depth":0,"value":-1,"x":130.31,"y":200.691,"angle":0},{"faceUp":false,"depth":0,"value":-1,"x":247.018,"y":-81.904,"angle":0},{"faceUp":false,"depth":0,"value":-1,"x":-257.696,"y":-79.204,"angle":0},{"faceUp":false,"depth":1,"value":-1,"x":0.31,"y":74.691,"angle":0},{"faceUp":false,"depth":1,"value":-1,"x":195.31,"y":146.691,"angle":15},{"faceUp":false,"depth":1,"value":-1,"x":-207.69,"y":146.691,"angle":-15},{"faceUp":false,"depth":1,"value":-1,"x":273.018,"y":-63.904,"angle":0},{"faceUp":false,"depth":1,"value":-1,"x":-283.696,"y":-61.204,"angle":0},{"faceUp":true,"depth":2,"value":-1,"x":221.31,"y":146.691,"angle":15},{"faceUp":true,"depth":2,"value":-1,"x":-233.69,"y":146.691,"angle":-15},{"faceUp":true,"depth":2,"value":-1,"x":299.018,"y":-45.904,"angle":0},{"faceUp":true,"depth":2,"value":-1,"x":-309.696,"y":-43.204,"angle":0},{"faceUp":true,"depth":2,"value":-1,"x":-51.69,"y":92.691,"angle":0},{"faceUp":true,"depth":2,"value":-1,"x":52.31,"y":92.691,"angle":0}],"settings":{"disableCombo":false,"cost":2600,"reward":2750,"comboCoinReward":170,"undoCost":[650,975,1300],"stars":[30,200,300],"wildCost":[8000],"cardsInStack":[-1,-1,-1,-1,-1,-1,-1,-1,-1,-1,-1,-1],"comboBonus":[5,4,6,4],"extraCardCost":[5000,7550,10000]}}]],0,0,[],[],[]]