[1,0,0,[["cc.JsonAsset",["_name","json"],1]],[[0,0,1,3]],[[0,"10",{"cards":[{"faceUp":false,"depth":0,"value":-1,"x":-320.044,"y":-247.058,"angle":0},{"faceUp":false,"depth":0,"value":-1,"x":-86.044,"y":-247.058,"angle":0},{"faceUp":false,"depth":0,"value":-1,"x":111.817,"y":133.757,"angle":0},{"faceUp":false,"depth":0,"value":-1,"x":87.87,"y":-245.84300000000002,"angle":0},{"faceUp":false,"depth":0,"value":-1,"x":321.87,"y":-245.84300000000002,"angle":0},{"faceUp":false,"depth":0,"value":-1,"x":-122.183,"y":133.757,"angle":0},{"faceUp":false,"depth":1,"value":-1,"x":-320.044,"y":-229.058,"angle":0},{"faceUp":false,"depth":1,"value":-1,"x":-86.044,"y":-229.058,"angle":0},{"faceUp":false,"depth":1,"value":-1,"x":87.87,"y":-227.843,"angle":0},{"faceUp":false,"depth":1,"value":-1,"x":321.87,"y":-227.843,"angle":0},{"faceUp":false,"depth":1,"value":-1,"x":-122.183,"y":151.757,"angle":0},{"faceUp":false,"depth":1,"value":-1,"x":111.817,"y":151.757,"angle":0},{"faceUp":false,"depth":2,"value":-1,"x":-320.044,"y":-211.058,"angle":0},{"faceUp":false,"depth":2,"value":-1,"x":-86.044,"y":-211.058,"angle":0},{"faceUp":false,"depth":2,"value":-1,"x":321.87,"y":-209.843,"angle":0},{"faceUp":false,"depth":2,"value":-1,"x":87.87,"y":-209.843,"angle":0},{"faceUp":false,"depth":2,"value":-1,"x":-122.183,"y":169.757,"angle":0},{"faceUp":true,"depth":2,"value":-1,"x":111.817,"y":169.757,"angle":0},{"faceUp":false,"depth":3,"value":-1,"x":204.87,"y":-155.843,"angle":0},{"faceUp":true,"depth":3,"value":-1,"x":-86.044,"y":-157.058,"angle":0},{"faceUp":false,"depth":3,"value":-1,"x":-203.044,"y":-157.058,"angle":0},{"faceUp":true,"depth":3,"value":-1,"x":-320.044,"y":-157.058,"angle":0},{"faceUp":true,"depth":3,"value":-1,"x":321.87,"y":-155.843,"angle":0},{"faceUp":true,"depth":3,"value":-1,"x":87.87,"y":-155.843,"angle":0},{"faceUp":false,"depth":3,"value":-1,"x":-5.183,"y":223.757,"angle":0},{"faceUp":true,"depth":3,"value":-1,"x":-122.183,"y":223.757,"angle":0},{"faceUp":false,"depth":3,"value":-1,"x":111.817,"y":223.757,"angle":0},{"faceUp":true,"depth":4,"value":-1,"x":-138.04399999999998,"y":-103.058,"angle":0},{"faceUp":true,"depth":4,"value":-1,"x":-268.044,"y":-103.058,"angle":0},{"faceUp":true,"depth":4,"value":-1,"x":139.87,"y":-101.843,"angle":0},{"faceUp":true,"depth":4,"value":-1,"x":59.817,"y":277.757,"angle":0},{"faceUp":true,"depth":4,"value":-1,"x":-70.183,"y":277.757,"angle":0},{"faceUp":true,"depth":4,"value":-1,"x":269.87,"y":-101.843,"angle":0},{"faceUp":true,"depth":5,"value":-1,"x":-203.044,"y":-49.05800000000001,"angle":0},{"faceUp":true,"depth":5,"value":-1,"x":204.87,"y":-47.843,"angle":0},{"faceUp":true,"depth":5,"value":-1,"x":-5.183,"y":331.757,"angle":0}],"settings":{"disableCombo":false,"cost":1000,"reward":1050,"comboCoinReward":50,"undoCost":[100,150,400],"stars":[15,80,120],"wildCost":[500],"cardsInStack":[-1,-1,-1,-1,-1,-1,-1,-1,-1,-1,-1,-1,-1,-1,-1,-1,-1,-1,-1,-1,-1,-1,-1,-1,-1,-1],"comboBonus":[4,6,5,4],"extraCardCost":[200,300,500]}}]],0,0,[],[],[]]