[1,0,0,[["cc.JsonAsset",["_name","json"],1]],[[0,0,1,3]],[[0,"70",{"cards":[{"faceUp":false,"depth":0,"value":-1,"x":-10.163,"y":-219.524,"angle":5},{"faceUp":false,"depth":0,"value":-1,"x":-205.163,"y":-219.524,"angle":5},{"faceUp":false,"depth":0,"value":-1,"x":184.837,"y":-219.524,"angle":5},{"faceUp":false,"depth":0,"value":-1,"x":-86.107,"y":139.379,"angle":5},{"faceUp":false,"depth":0,"value":-1,"x":108.893,"y":139.379,"angle":5},{"faceUp":false,"depth":1,"value":-1,"x":-73.107,"y":193.379,"angle":8},{"faceUp":false,"depth":1,"value":-1,"x":121.893,"y":193.379,"angle":8},{"faceUp":false,"depth":1,"value":-1,"x":197.837,"y":-165.524,"angle":8},{"faceUp":false,"depth":1,"value":-1,"x":-192.163,"y":-165.524,"angle":8},{"faceUp":false,"depth":1,"value":-1,"x":2.837,"y":-165.524,"angle":8},{"faceUp":false,"depth":2,"value":-1,"x":-73.107,"y":247.379,"angle":10},{"faceUp":false,"depth":2,"value":-1,"x":121.893,"y":247.379,"angle":10},{"faceUp":false,"depth":2,"value":-1,"x":197.837,"y":-111.524,"angle":10},{"faceUp":false,"depth":2,"value":-1,"x":-192.163,"y":-111.524,"angle":10},{"faceUp":false,"depth":2,"value":-1,"x":2.837,"y":-111.524,"angle":10},{"faceUp":false,"depth":3,"value":-1,"x":134.893,"y":301.379,"angle":15},{"faceUp":false,"depth":3,"value":-1,"x":-179.163,"y":-57.524,"angle":15},{"faceUp":false,"depth":3,"value":-1,"x":-60.107,"y":301.379,"angle":15},{"faceUp":false,"depth":3,"value":-1,"x":15.837,"y":-57.524,"angle":15},{"faceUp":false,"depth":3,"value":-1,"x":210.837,"y":-57.524,"angle":15},{"faceUp":false,"depth":4,"value":-1,"x":-99.107,"y":139.379,"angle":0},{"faceUp":false,"depth":4,"value":-1,"x":95.893,"y":139.379,"angle":0},{"faceUp":false,"depth":4,"value":-1,"x":171.837,"y":-219.524,"angle":0},{"faceUp":false,"depth":4,"value":-1,"x":-218.163,"y":-219.524,"angle":0},{"faceUp":false,"depth":4,"value":-1,"x":-23.163,"y":-219.524,"angle":0},{"faceUp":false,"depth":5,"value":-1,"x":-99.107,"y":211.379,"angle":0},{"faceUp":false,"depth":5,"value":-1,"x":95.893,"y":211.379,"angle":0},{"faceUp":false,"depth":5,"value":-1,"x":171.837,"y":-147.524,"angle":0},{"faceUp":false,"depth":5,"value":-1,"x":-218.163,"y":-147.524,"angle":0},{"faceUp":false,"depth":5,"value":-1,"x":-23.163,"y":-147.524,"angle":0},{"faceUp":true,"depth":6,"value":-1,"x":-23.163,"y":-75.524,"angle":0},{"faceUp":true,"depth":6,"value":-1,"x":-218.163,"y":-75.524,"angle":0},{"faceUp":true,"depth":6,"value":-1,"x":95.893,"y":283.379,"angle":0},{"faceUp":true,"depth":6,"value":-1,"x":171.837,"y":-75.524,"angle":0},{"faceUp":true,"depth":6,"value":-1,"x":-99.107,"y":283.379,"angle":0}],"settings":{"disableCombo":false,"cost":2000,"reward":2100,"comboCoinReward":150,"undoCost":[500,750,1000],"stars":[30,150,250],"wildCost":[6000],"cardsInStack":[-1,-1,-1,-1,-1,-1,-1,-1,-1,-1,-1,-1,-1,-1,-1,-1,-1,-1,-1,-1,-1,-1,-1,-1],"comboBonus":[5,4,6,4],"extraCardCost":[4000,6000,8000]}}]],0,0,[],[],[]]