[1,0,0,[["cc.JsonAsset",["_name","json"],1]],[[0,0,1,3]],[[0,"26",{"cards":[{"faceUp":false,"depth":0,"value":-1,"x":-88.087,"y":128.887,"angle":0},{"faceUp":false,"depth":0,"value":-1,"x":0.826,"y":-17.311,"angle":0},{"faceUp":false,"depth":0,"value":-1,"x":91.463,"y":128.887,"angle":0},{"faceUp":false,"depth":0,"value":-1,"x":260.463,"y":128.887,"angle":0},{"faceUp":false,"depth":0,"value":-1,"x":-257.087,"y":128.887,"angle":0},{"faceUp":false,"depth":0,"value":-1,"x":-140.008,"y":362.887,"angle":0},{"faceUp":false,"depth":0,"value":-1,"x":-283.008,"y":362.887,"angle":0},{"faceUp":false,"depth":0,"value":-1,"x":284.359,"y":362.887,"angle":0},{"faceUp":false,"depth":0,"value":1,"x":2.992,"y":362.887,"angle":0},{"faceUp":false,"depth":0,"value":1,"x":141.359,"y":362.887,"angle":0},{"faceUp":true,"depth":1,"value":-1,"x":-179.087,"y":110.887,"angle":0},{"faceUp":false,"depth":1,"value":-1,"x":-12.174,"y":-53.311,"angle":0},{"faceUp":true,"depth":1,"value":-1,"x":-62.087,"y":110.887,"angle":0},{"faceUp":true,"depth":1,"value":-1,"x":65.463,"y":110.887,"angle":0},{"faceUp":true,"depth":1,"value":-1,"x":182.463,"y":110.887,"angle":0},{"faceUp":false,"depth":1,"value":-1,"x":-153.008,"y":326.887,"angle":0},{"faceUp":false,"depth":1,"value":-1,"x":-296.008,"y":326.887,"angle":0},{"faceUp":false,"depth":1,"value":-1,"x":-10.008,"y":326.887,"angle":0},{"faceUp":false,"depth":1,"value":-1,"x":271.359,"y":326.887,"angle":0},{"faceUp":false,"depth":1,"value":-1,"x":128.359,"y":326.887,"angle":0},{"faceUp":true,"depth":2,"value":-1,"x":154.359,"y":308.887,"angle":0},{"faceUp":true,"depth":2,"value":-1,"x":297.359,"y":308.887,"angle":0},{"faceUp":true,"depth":2,"value":-1,"x":13.826,"y":-71.311,"angle":0},{"faceUp":true,"depth":2,"value":-1,"x":-270.008,"y":308.887,"angle":0},{"faceUp":true,"depth":2,"value":-1,"x":-127.008,"y":308.887,"angle":0},{"faceUp":true,"depth":2,"value":-1,"x":15.992,"y":308.887,"angle":0}],"settings":{"disableCombo":false,"cost":1500,"reward":1550,"comboCoinReward":100,"undoCost":[200,300,600],"stars":[30,100,200],"wildCost":[2000],"cardsInStack":[-1,-1,-1,-1,-1,-1,-1,-1,-1,-1,-1,-1,-1],"comboBonus":[5,4,6,4],"extraCardCost":[900,1350,1800]}}]],0,0,[],[],[]]