[1,0,0,[["cc.JsonAsset",["_name","json"],1]],[[0,0,1,3]],[[0,"160",{"cards":[{"faceUp":false,"depth":0,"value":-1,"x":-297.3,"y":217.6,"angle":0},{"faceUp":false,"depth":0,"value":-1,"x":-3.3,"y":217.6,"angle":0},{"faceUp":false,"depth":0,"value":-1,"x":288.7,"y":217.6,"angle":0},{"faceUp":true,"depth":0,"value":-1,"x":-3.3,"y":-16.4,"angle":0},{"faceUp":false,"depth":1,"value":-1,"x":-349.3,"y":199.6,"angle":0},{"faceUp":false,"depth":1,"value":-1,"x":-245.3,"y":199.6,"angle":0},{"faceUp":false,"depth":1,"value":-1,"x":-55.3,"y":199.6,"angle":0},{"faceUp":false,"depth":1,"value":-1,"x":48.7,"y":199.6,"angle":0},{"faceUp":false,"depth":1,"value":-1,"x":236.7,"y":199.6,"angle":0},{"faceUp":false,"depth":1,"value":-1,"x":340.7,"y":199.6,"angle":0},{"faceUp":false,"depth":1,"value":-1,"x":-94.3,"y":-16.4,"angle":-15},{"faceUp":false,"depth":1,"value":-1,"x":87.7,"y":-16.4,"angle":15},{"faceUp":false,"depth":2,"value":-1,"x":-219.3,"y":181.6,"angle":0},{"faceUp":false,"depth":2,"value":-1,"x":-375.3,"y":181.6,"angle":0},{"faceUp":true,"depth":2,"value":-1,"x":100.7,"y":181.6,"angle":0},{"faceUp":true,"depth":2,"value":-1,"x":-3.3,"y":181.6,"angle":0},{"faceUp":true,"depth":2,"value":-1,"x":-107.3,"y":181.6,"angle":0},{"faceUp":false,"depth":2,"value":-1,"x":366.7,"y":181.6,"angle":0},{"faceUp":false,"depth":2,"value":-1,"x":210.7,"y":181.6,"angle":0},{"faceUp":true,"depth":2,"value":-1,"x":-185.3,"y":-16.4,"angle":-15},{"faceUp":true,"depth":2,"value":-1,"x":178.7,"y":-16.4,"angle":15},{"faceUp":true,"depth":3,"value":-1,"x":-297.3,"y":181.6,"angle":0},{"faceUp":true,"depth":3,"value":-1,"x":288.7,"y":181.6,"angle":0},{"faceUp":true,"depth":3,"value":-1,"x":-276.3,"y":-16.4,"angle":-15},{"faceUp":true,"depth":3,"value":-1,"x":269.7,"y":-16.4,"angle":15}],"settings":{"disableCombo":false,"cost":2200,"reward":2400,"comboCoinReward":170,"undoCost":[500,750,1000],"stars":[30,200,300],"wildCost":[6500],"cardsInStack":[-1,-1,-1,-1,-1,-1,-1,-1,-1,-1,-1,-1,-1,-1,-1,-1,-1],"comboBonus":[5,4,6,4],"extraCardCost":[4500,6750,9000]}}]],0,0,[],[],[]]