[1,0,0,[["cc.JsonAsset",["_name","json"],1]],[[0,0,1,3]],[[0,"220",{"cards":[{"faceUp":false,"depth":0,"value":-1,"x":98.05799999999999,"y":221.32,"angle":0},{"faceUp":false,"depth":0,"value":-1,"x":-83.35900000000001,"y":-8.097,"angle":0},{"faceUp":false,"depth":0,"value":-1,"x":46.641000000000005,"y":-8.097,"angle":0},{"faceUp":false,"depth":0,"value":-1,"x":176.641,"y":-8.097,"angle":0},{"faceUp":false,"depth":0,"value":-1,"x":306.641,"y":-8.097,"angle":0},{"faceUp":false,"depth":0,"value":-1,"x":-31.941999999999993,"y":221.32,"angle":0},{"faceUp":false,"depth":0,"value":-1,"x":-161.942,"y":221.32,"angle":0},{"faceUp":false,"depth":0,"value":-1,"x":-291.942,"y":221.32,"angle":0},{"faceUp":false,"depth":1,"value":-1,"x":-265.942,"y":293.32,"angle":-30},{"faceUp":false,"depth":1,"value":-1,"x":-5.359000000000002,"y":-80.097,"angle":-30},{"faceUp":false,"depth":1,"value":-1,"x":137.641,"y":-80.097,"angle":-30},{"faceUp":false,"depth":1,"value":-1,"x":280.641,"y":-80.097,"angle":-30},{"faceUp":false,"depth":1,"value":-1,"x":20.058,"y":293.32,"angle":-30},{"faceUp":false,"depth":1,"value":-1,"x":-122.94200000000001,"y":293.32,"angle":-30},{"faceUp":true,"depth":2,"value":-1,"x":-252.942,"y":275.32,"angle":-30},{"faceUp":true,"depth":2,"value":-1,"x":-18.359,"y":-62.097,"angle":-30},{"faceUp":true,"depth":2,"value":-1,"x":124.64099999999999,"y":-62.097,"angle":-30},{"faceUp":true,"depth":2,"value":-1,"x":267.641,"y":-62.097,"angle":-30},{"faceUp":true,"depth":2,"value":-1,"x":33.058,"y":275.32,"angle":-30},{"faceUp":true,"depth":2,"value":-1,"x":-109.94200000000001,"y":275.32,"angle":-30}],"settings":{"disableCombo":false,"cost":2600,"reward":2750,"comboCoinReward":170,"undoCost":[650,975,1300],"stars":[30,200,300],"wildCost":[7800],"cardsInStack":[-1,-1,-1,-1,-1,-1,-1,-1,-1,-1,-1],"comboBonus":[5,4,6,4],"extraCardCost":[5000,7550,10000]}}]],0,0,[],[],[]]