[1,0,0,[["cc.JsonAsset",["_name","json"],1]],[[0,0,1,3]],[[0,"183",{"cards":[{"faceUp":false,"depth":0,"value":-1,"x":104,"y":157.422,"angle":0},{"faceUp":false,"depth":0,"value":-1,"x":0,"y":157.422,"angle":0},{"faceUp":false,"depth":0,"value":-1,"x":-104,"y":157.422,"angle":0},{"faceUp":false,"depth":0,"value":-1,"x":0,"y":373.422,"angle":0},{"faceUp":false,"depth":0,"value":-1,"x":104,"y":373.422,"angle":0},{"faceUp":false,"depth":0,"value":-1,"x":-104,"y":373.422,"angle":0},{"faceUp":false,"depth":1,"value":-1,"x":104,"y":265.422,"angle":0},{"faceUp":false,"depth":1,"value":-1,"x":-270.871,"y":173.592,"angle":0},{"faceUp":false,"depth":1,"value":-1,"x":76.065,"y":-34.339,"angle":0},{"faceUp":false,"depth":1,"value":-1,"x":-104,"y":265.422,"angle":0},{"faceUp":false,"depth":2,"value":-1,"x":-270.871,"y":119.592,"angle":0},{"faceUp":false,"depth":2,"value":-1,"x":76.065,"y":-88.339,"angle":0},{"faceUp":true,"depth":2,"value":-1,"x":-104,"y":373.422,"angle":0},{"faceUp":true,"depth":2,"value":-1,"x":104,"y":373.422,"angle":0},{"faceUp":true,"depth":2,"value":-1,"x":104,"y":157.422,"angle":0},{"faceUp":true,"depth":2,"value":-1,"x":0,"y":157.422,"angle":0},{"faceUp":true,"depth":2,"value":-1,"x":-104,"y":157.422,"angle":0},{"faceUp":true,"depth":2,"value":-1,"x":0,"y":373.422,"angle":0},{"faceUp":false,"depth":3,"value":-1,"x":-270.871,"y":65.592,"angle":0},{"faceUp":false,"depth":3,"value":-1,"x":76.065,"y":-142.339,"angle":0},{"faceUp":false,"depth":4,"value":-1,"x":-270.871,"y":11.592,"angle":0},{"faceUp":false,"depth":4,"value":-1,"x":76.065,"y":-196.339,"angle":0},{"faceUp":false,"depth":7,"value":-1,"x":-270.871,"y":-42.408,"angle":0},{"faceUp":false,"depth":7,"value":-1,"x":76.065,"y":-250.339,"angle":0},{"faceUp":false,"depth":8,"value":-1,"x":-205.871,"y":-42.408,"angle":0},{"faceUp":false,"depth":8,"value":-1,"x":141.065,"y":-250.339,"angle":0},{"faceUp":false,"depth":9,"value":-1,"x":-140.871,"y":-42.408,"angle":0},{"faceUp":false,"depth":9,"value":-1,"x":206.065,"y":-250.339,"angle":0},{"faceUp":true,"depth":10,"value":-1,"x":-75.871,"y":-42.408,"angle":0},{"faceUp":true,"depth":10,"value":-1,"x":271.065,"y":-250.339,"angle":0}],"settings":{"disableCombo":false,"cost":2500,"reward":2650,"comboCoinReward":170,"undoCost":[650,975,1300],"stars":[30,200,300],"wildCost":[7500],"cardsInStack":[-1,-1,-1,-1,-1,-1,-1,-1,-1,-1,-1,-1,-1,-1,-1,-1,-1,-1,-1,-1,-1],"comboBonus":[5,4,6,4],"extraCardCost":[5000,7550,10000]}}]],0,0,[],[],[]]