[1,0,0,[["cc.JsonAsset",["_name","json"],1]],[[0,0,1,3]],[[0,"193",{"cards":[{"faceUp":false,"depth":0,"value":-1,"x":199.601,"y":8.279,"angle":0},{"faceUp":false,"depth":0,"value":-1,"x":-217.939,"y":252.156,"angle":0},{"faceUp":false,"depth":0,"value":-1,"x":-9.939,"y":396.156,"angle":0},{"faceUp":false,"depth":0,"value":-1,"x":-8.399,"y":-27.721,"angle":0},{"faceUp":false,"depth":1,"value":-1,"x":198.061,"y":306.156,"angle":0},{"faceUp":false,"depth":1,"value":-1,"x":-216.399,"y":8.279,"angle":0},{"faceUp":false,"depth":1,"value":-1,"x":-112.399,"y":-117.721,"angle":0},{"faceUp":false,"depth":1,"value":-1,"x":-8.399,"y":-45.721000000000004,"angle":0},{"faceUp":false,"depth":1,"value":-1,"x":95.601,"y":-99.721,"angle":0},{"faceUp":false,"depth":1,"value":-1,"x":199.601,"y":-9.721,"angle":0},{"faceUp":false,"depth":1,"value":-1,"x":-217.939,"y":234.156,"angle":0},{"faceUp":false,"depth":1,"value":-1,"x":-113.939,"y":288.156,"angle":0},{"faceUp":false,"depth":1,"value":-1,"x":-9.939,"y":378.156,"angle":0},{"faceUp":false,"depth":1,"value":-1,"x":94.061,"y":234.156,"angle":0},{"faceUp":false,"depth":2,"value":-1,"x":198.061,"y":288.156,"angle":0},{"faceUp":false,"depth":2,"value":-1,"x":-216.399,"y":-9.721,"angle":0},{"faceUp":false,"depth":2,"value":-1,"x":-112.399,"y":-135.721,"angle":0},{"faceUp":false,"depth":2,"value":-1,"x":-8.399,"y":-63.721,"angle":0},{"faceUp":false,"depth":2,"value":-1,"x":95.601,"y":-117.721,"angle":0},{"faceUp":false,"depth":2,"value":-1,"x":199.601,"y":-27.721,"angle":0},{"faceUp":false,"depth":2,"value":-1,"x":-217.939,"y":216.156,"angle":0},{"faceUp":false,"depth":2,"value":-1,"x":-113.939,"y":270.156,"angle":0},{"faceUp":false,"depth":2,"value":-1,"x":-9.939,"y":360.156,"angle":0},{"faceUp":false,"depth":2,"value":-1,"x":94.061,"y":216.156,"angle":0},{"faceUp":false,"depth":3,"value":-1,"x":198.061,"y":270.156,"angle":0},{"faceUp":false,"depth":3,"value":-1,"x":-216.399,"y":-27.721,"angle":0},{"faceUp":false,"depth":3,"value":-1,"x":-112.399,"y":-153.721,"angle":0},{"faceUp":false,"depth":3,"value":-1,"x":-8.399,"y":-81.721,"angle":0},{"faceUp":false,"depth":3,"value":-1,"x":95.601,"y":-135.721,"angle":0},{"faceUp":true,"depth":3,"value":-1,"x":199.601,"y":-45.721000000000004,"angle":0},{"faceUp":false,"depth":3,"value":-1,"x":-217.939,"y":198.156,"angle":0},{"faceUp":false,"depth":3,"value":-1,"x":-113.939,"y":252.156,"angle":0},{"faceUp":true,"depth":3,"value":-1,"x":-9.939,"y":342.156,"angle":0},{"faceUp":false,"depth":3,"value":-1,"x":94.061,"y":198.156,"angle":0},{"faceUp":true,"depth":4,"value":-1,"x":198.061,"y":252.156,"angle":0},{"faceUp":true,"depth":4,"value":-1,"x":-216.399,"y":-45.721000000000004,"angle":0},{"faceUp":true,"depth":4,"value":-1,"x":-112.399,"y":-171.721,"angle":0},{"faceUp":true,"depth":4,"value":-1,"x":-8.399,"y":-99.721,"angle":0},{"faceUp":true,"depth":4,"value":-1,"x":95.601,"y":-153.721,"angle":0},{"faceUp":true,"depth":4,"value":-1,"x":-217.939,"y":180.156,"angle":0},{"faceUp":true,"depth":4,"value":-1,"x":-113.939,"y":234.156,"angle":0},{"faceUp":true,"depth":4,"value":-1,"x":94.061,"y":180.156,"angle":0}],"settings":{"disableCombo":false,"cost":2500,"reward":2650,"comboCoinReward":170,"undoCost":[650,975,1300],"stars":[30,200,300],"wildCost":[7500],"cardsInStack":[-1,-1,-1,-1,-1,-1,-1,-1,-1,-1,-1,-1,-1,-1,-1,-1,-1,-1,-1,-1,-1,-1,-1,-1,-1,-1,-1,-1],"comboBonus":[5,4,6,4],"extraCardCost":[5000,7550,10000]}}]],0,0,[],[],[]]