[1,0,0,[["cc.JsonAsset",["_name","json"],1]],[[0,0,1,3]],[[0,"137",{"cards":[{"faceUp":false,"depth":0,"value":-1,"x":-377.544,"y":216.579,"angle":0},{"faceUp":false,"depth":0,"value":-1,"x":-377.544,"y":0.5790000000000006,"angle":0},{"faceUp":false,"depth":0,"value":-1,"x":371.73,"y":2.4860000000000007,"angle":0},{"faceUp":false,"depth":0,"value":-1,"x":371.73,"y":218.486,"angle":0},{"faceUp":false,"depth":1,"value":-1,"x":-377.544,"y":180.579,"angle":0},{"faceUp":false,"depth":1,"value":-1,"x":-377.544,"y":36.579,"angle":0},{"faceUp":false,"depth":1,"value":-1,"x":371.73,"y":182.486,"angle":0},{"faceUp":false,"depth":1,"value":-1,"x":371.73,"y":38.486,"angle":0},{"faceUp":true,"depth":2,"value":-1,"x":371.73,"y":92.486,"angle":0},{"faceUp":true,"depth":2,"value":-1,"x":-377.544,"y":90.579,"angle":0},{"faceUp":false,"depth":3,"value":-1,"x":-3.861,"y":190.949,"angle":0},{"faceUp":false,"depth":3,"value":-1,"x":256.139,"y":190.949,"angle":0},{"faceUp":false,"depth":3,"value":-1,"x":-133.861,"y":190.949,"angle":0},{"faceUp":false,"depth":3,"value":-1,"x":-263.861,"y":190.949,"angle":0},{"faceUp":false,"depth":3,"value":-1,"x":-263.861,"y":10.949000000000002,"angle":0},{"faceUp":false,"depth":3,"value":-1,"x":-133.861,"y":10.949000000000002,"angle":0},{"faceUp":false,"depth":3,"value":-1,"x":126.139,"y":10.949000000000002,"angle":0},{"faceUp":false,"depth":3,"value":-1,"x":256.139,"y":10.949000000000002,"angle":0},{"faceUp":false,"depth":3,"value":-1,"x":-3.861,"y":10.949000000000002,"angle":0},{"faceUp":false,"depth":3,"value":-1,"x":126.139,"y":190.949,"angle":0},{"faceUp":true,"depth":4,"value":-1,"x":-198.861,"y":190.949,"angle":0},{"faceUp":true,"depth":4,"value":-1,"x":-68.861,"y":190.949,"angle":0},{"faceUp":true,"depth":4,"value":-1,"x":61.139,"y":190.949,"angle":0},{"faceUp":true,"depth":4,"value":-1,"x":191.139,"y":190.949,"angle":0},{"faceUp":true,"depth":4,"value":-1,"x":191.139,"y":10.949000000000002,"angle":0},{"faceUp":true,"depth":4,"value":-1,"x":61.139,"y":10.949000000000002,"angle":0},{"faceUp":true,"depth":4,"value":-1,"x":-68.861,"y":10.949000000000002,"angle":0},{"faceUp":true,"depth":4,"value":-1,"x":-198.861,"y":10.949000000000002,"angle":0}],"settings":{"disableCombo":false,"cost":2200,"reward":2400,"comboCoinReward":170,"undoCost":[500,750,1000],"stars":[30,200,300],"wildCost":[6500],"cardsInStack":[-1,-1,-1,-1,-1,-1,-1,-1,-1,-1,-1,-1,-1,-1,-1,-1,-1,-1,-1,-1],"comboBonus":[5,4,6,4],"extraCardCost":[4500,6750,9000]}}]],0,0,[],[],[]]