[1,0,0,[["cc.JsonAsset",["_name","json"],1]],[[0,0,1,3]],[[0,"37",{"cards":[{"faceUp":false,"depth":0,"value":-1,"x":118.665,"y":274.687,"angle":0},{"faceUp":false,"depth":0,"value":-1,"x":-53.024,"y":-304.481,"angle":0},{"faceUp":false,"depth":0,"value":-1,"x":-129.531,"y":239.155,"angle":0},{"faceUp":false,"depth":0,"value":-1,"x":-52,"y":63.034,"angle":0},{"faceUp":false,"depth":0,"value":-1,"x":59.544,"y":488.05,"angle":0},{"faceUp":false,"depth":1,"value":-1,"x":79.665,"y":256.687,"angle":0},{"faceUp":false,"depth":1,"value":-1,"x":-92.024,"y":-286.481,"angle":0},{"faceUp":false,"depth":1,"value":-1,"x":-90.531,"y":257.155,"angle":0},{"faceUp":false,"depth":1,"value":-1,"x":-104,"y":-8.966,"angle":0},{"faceUp":false,"depth":1,"value":-1,"x":98.544,"y":470.05,"angle":0},{"faceUp":false,"depth":2,"value":-1,"x":118.665,"y":238.687,"angle":0},{"faceUp":false,"depth":2,"value":-1,"x":-53.024,"y":-268.481,"angle":0},{"faceUp":false,"depth":2,"value":-1,"x":59.544,"y":452.05,"angle":0},{"faceUp":false,"depth":2,"value":-1,"x":-52,"y":-80.966,"angle":0},{"faceUp":false,"depth":2,"value":-1,"x":-129.531,"y":275.155,"angle":0},{"faceUp":false,"depth":3,"value":-1,"x":183.665,"y":256.687,"angle":0},{"faceUp":false,"depth":3,"value":-1,"x":11.976,"y":-286.481,"angle":0},{"faceUp":false,"depth":3,"value":-1,"x":-194.531,"y":257.155,"angle":0},{"faceUp":false,"depth":3,"value":-1,"x":0,"y":-8.966,"angle":0},{"faceUp":false,"depth":3,"value":-1,"x":-5.456,"y":470.05,"angle":0},{"faceUp":false,"depth":4,"value":-1,"x":222.665,"y":274.687,"angle":0},{"faceUp":false,"depth":4,"value":-1,"x":50.976,"y":-304.481,"angle":0},{"faceUp":false,"depth":4,"value":-1,"x":-233.531,"y":239.155,"angle":0},{"faceUp":false,"depth":4,"value":-1,"x":52,"y":63.034,"angle":0},{"faceUp":false,"depth":4,"value":-1,"x":-44.456,"y":488.05,"angle":0},{"faceUp":false,"depth":5,"value":-1,"x":287.665,"y":256.687,"angle":0},{"faceUp":false,"depth":5,"value":-1,"x":115.976,"y":-286.481,"angle":0},{"faceUp":false,"depth":5,"value":-1,"x":-298.531,"y":257.155,"angle":0},{"faceUp":false,"depth":5,"value":-1,"x":104,"y":-8.966,"angle":0},{"faceUp":false,"depth":5,"value":-1,"x":-109.456,"y":470.05,"angle":0},{"faceUp":true,"depth":6,"value":-1,"x":222.665,"y":238.687,"angle":0},{"faceUp":true,"depth":6,"value":-1,"x":50.976,"y":-268.481,"angle":0},{"faceUp":true,"depth":6,"value":-1,"x":-233.531,"y":275.155,"angle":0},{"faceUp":true,"depth":6,"value":-1,"x":52,"y":-80.966,"angle":0},{"faceUp":true,"depth":6,"value":-1,"x":-44.456,"y":452.05,"angle":0}],"settings":{"disableCombo":false,"cost":1500,"reward":1550,"comboCoinReward":100,"undoCost":[300,450,600],"stars":[30,100,200],"wildCost":[3000],"cardsInStack":[-1,-1,-1,-1,-1,-1,-1,-1,-1,-1,-1,-1,-1,-1,-1,-1,-1,-1,-1,-1,-1,-1,-1,-1],"comboBonus":[5,4,6,4],"extraCardCost":[2000,3000,4000]}}]],0,0,[],[],[]]