[1,0,0,[["cc.JsonAsset",["_name","json"],1]],[[0,0,1,3]],[[0,"196",{"cards":[{"faceUp":false,"depth":0,"value":-1,"x":-49.586,"y":-81.40899999999999,"angle":-20},{"faceUp":false,"depth":0,"value":-1,"x":58.686,"y":394.424,"angle":20},{"faceUp":false,"depth":0,"value":-1,"x":73.319,"y":-41.436,"angle":-20},{"faceUp":false,"depth":0,"value":-1,"x":-58.943,"y":440.907,"angle":20},{"faceUp":false,"depth":1,"value":-1,"x":-36.586,"y":-117.409,"angle":-20},{"faceUp":false,"depth":1,"value":-1,"x":45.686,"y":358.424,"angle":20},{"faceUp":false,"depth":1,"value":-1,"x":86.319,"y":-77.436,"angle":-20},{"faceUp":false,"depth":1,"value":-1,"x":-71.943,"y":404.907,"angle":20},{"faceUp":false,"depth":2,"value":-1,"x":-153.586,"y":-171.409,"angle":-20},{"faceUp":false,"depth":2,"value":-1,"x":162.686,"y":304.424,"angle":20},{"faceUp":false,"depth":2,"value":-1,"x":99.319,"y":-113.436,"angle":-20},{"faceUp":false,"depth":2,"value":-1,"x":-84.943,"y":368.907,"angle":20},{"faceUp":false,"depth":2,"value":-1,"x":-23.586,"y":-153.409,"angle":-20},{"faceUp":false,"depth":2,"value":-1,"x":32.686,"y":322.424,"angle":20},{"faceUp":false,"depth":3,"value":-1,"x":-140.586,"y":-207.409,"angle":-20},{"faceUp":false,"depth":3,"value":-1,"x":149.686,"y":268.424,"angle":20},{"faceUp":false,"depth":3,"value":-1,"x":112.319,"y":-149.436,"angle":-20},{"faceUp":false,"depth":3,"value":-1,"x":-97.943,"y":332.907,"angle":20},{"faceUp":false,"depth":3,"value":-1,"x":-10.586,"y":-189.409,"angle":-20},{"faceUp":false,"depth":3,"value":-1,"x":19.686,"y":286.424,"angle":20},{"faceUp":false,"depth":4,"value":-1,"x":-127.586,"y":-243.409,"angle":-20},{"faceUp":false,"depth":4,"value":-1,"x":136.686,"y":232.42399999999998,"angle":20},{"faceUp":false,"depth":4,"value":-1,"x":125.319,"y":-185.436,"angle":-20},{"faceUp":false,"depth":4,"value":-1,"x":-110.943,"y":296.907,"angle":20},{"faceUp":false,"depth":4,"value":-1,"x":2.414,"y":-225.409,"angle":-20},{"faceUp":false,"depth":4,"value":-1,"x":6.686,"y":250.42399999999998,"angle":20},{"faceUp":false,"depth":5,"value":-1,"x":-123.943,"y":260.907,"angle":20},{"faceUp":false,"depth":5,"value":-1,"x":-114.586,"y":-279.409,"angle":-20},{"faceUp":false,"depth":5,"value":-1,"x":123.686,"y":196.424,"angle":20},{"faceUp":false,"depth":5,"value":-1,"x":138.319,"y":-221.436,"angle":-20},{"faceUp":false,"depth":5,"value":-1,"x":15.414,"y":-261.409,"angle":-20},{"faceUp":false,"depth":5,"value":-1,"x":-6.314,"y":214.42399999999998,"angle":20},{"faceUp":true,"depth":6,"value":-1,"x":-136.943,"y":224.90699999999998,"angle":20},{"faceUp":true,"depth":6,"value":-1,"x":-101.586,"y":-315.409,"angle":-20},{"faceUp":true,"depth":6,"value":-1,"x":110.686,"y":160.424,"angle":20},{"faceUp":true,"depth":6,"value":-1,"x":151.319,"y":-257.43600000000004,"angle":-20},{"faceUp":true,"depth":6,"value":-1,"x":28.414,"y":-297.409,"angle":-20},{"faceUp":true,"depth":6,"value":-1,"x":-19.314,"y":178.424,"angle":20}],"settings":{"disableCombo":false,"cost":2500,"reward":2650,"comboCoinReward":170,"undoCost":[650,975,1300],"stars":[30,200,300],"wildCost":[7500],"cardsInStack":[-1,-1,-1,-1,-1,-1,-1,-1,-1,-1,-1,-1,-1,-1,-1,-1,-1,-1,-1,-1,-1,-1,-1,-1],"comboBonus":[5,4,6,4],"extraCardCost":[5000,7550,10000]}}]],0,0,[],[],[]]