[1,0,0,[["cc.JsonAsset",["_name","json"],1]],[[0,0,1,3]],[[0,"11",{"cards":[{"faceUp":false,"depth":0,"value":-1,"x":-282.975,"y":187.531,"angle":0},{"faceUp":false,"depth":0,"value":-1,"x":280.298,"y":7.531,"angle":0},{"faceUp":false,"depth":0,"value":-1,"x":-74.975,"y":7.531,"angle":0},{"faceUp":false,"depth":0,"value":-1,"x":-282.975,"y":7.531,"angle":0},{"faceUp":false,"depth":0,"value":-1,"x":72.298,"y":187.531,"angle":0},{"faceUp":false,"depth":0,"value":-1,"x":-74.975,"y":187.531,"angle":0},{"faceUp":false,"depth":0,"value":-1,"x":72.298,"y":7.531,"angle":0},{"faceUp":false,"depth":0,"value":-1,"x":280.298,"y":187.531,"angle":0},{"faceUp":false,"depth":1,"value":-1,"x":-74.975,"y":-28.469,"angle":0},{"faceUp":false,"depth":1,"value":-1,"x":-282.975,"y":-28.469,"angle":0},{"faceUp":false,"depth":1,"value":-1,"x":280.298,"y":-28.469,"angle":0},{"faceUp":false,"depth":1,"value":-1,"x":72.298,"y":-28.469,"angle":0},{"faceUp":false,"depth":1,"value":-1,"x":-74.975,"y":223.531,"angle":0},{"faceUp":false,"depth":1,"value":-1,"x":-282.975,"y":223.531,"angle":0},{"faceUp":false,"depth":1,"value":-1,"x":280.298,"y":223.531,"angle":0},{"faceUp":false,"depth":1,"value":-1,"x":72.298,"y":223.531,"angle":0},{"faceUp":true,"depth":2,"value":-1,"x":111.298,"y":223.531,"angle":0},{"faceUp":true,"depth":2,"value":-1,"x":241.298,"y":223.531,"angle":0},{"faceUp":true,"depth":2,"value":-1,"x":111.298,"y":-28.469,"angle":0},{"faceUp":true,"depth":2,"value":-1,"x":241.298,"y":-28.469,"angle":0},{"faceUp":true,"depth":2,"value":-1,"x":-113.975,"y":223.531,"angle":0},{"faceUp":true,"depth":2,"value":-1,"x":-243.975,"y":223.531,"angle":0},{"faceUp":true,"depth":2,"value":-1,"x":-243.975,"y":-28.469,"angle":0},{"faceUp":true,"depth":2,"value":-1,"x":-113.975,"y":-28.469,"angle":0}],"settings":{"disableCombo":false,"cost":1000,"reward":1050,"comboCoinReward":50,"undoCost":[100,150,400],"stars":[15,80,120],"wildCost":[500],"cardsInStack":[-1,-1,-1,-1,-1,-1,-1,-1,-1,-1,-1,-1,-1,-1,-1,-1,-1,-1],"comboBonus":[4,5,5,5],"extraCardCost":[200,300,500]}}]],0,0,[],[],[]]