[1,0,0,[["cc.JsonAsset",["_name","json"],1]],[[0,0,1,3]],[[0,"148",{"cards":[{"faceUp":false,"depth":0,"value":-1,"x":80.706,"y":186.249,"angle":0},{"faceUp":false,"depth":0,"value":-1,"x":-75.294,"y":186.249,"angle":0},{"faceUp":false,"depth":0,"value":-1,"x":-322.294,"y":24.249,"angle":0},{"faceUp":false,"depth":0,"value":-1,"x":327.706,"y":24.249,"angle":0},{"faceUp":false,"depth":1,"value":-1,"x":80.706,"y":168.249,"angle":0},{"faceUp":false,"depth":1,"value":-1,"x":-75.294,"y":168.249,"angle":0},{"faceUp":false,"depth":1,"value":-1,"x":-270.294,"y":-11.751,"angle":0},{"faceUp":false,"depth":1,"value":-1,"x":275.706,"y":-11.751,"angle":0},{"faceUp":false,"depth":2,"value":-1,"x":80.706,"y":150.249,"angle":0},{"faceUp":false,"depth":2,"value":-1,"x":-75.294,"y":150.249,"angle":0},{"faceUp":false,"depth":2,"value":-1,"x":-218.294,"y":-47.751,"angle":0},{"faceUp":false,"depth":2,"value":-1,"x":223.706,"y":-47.751,"angle":0},{"faceUp":false,"depth":3,"value":-1,"x":80.706,"y":132.249,"angle":0},{"faceUp":false,"depth":3,"value":-1,"x":-75.294,"y":132.249,"angle":0},{"faceUp":false,"depth":3,"value":-1,"x":171.706,"y":-65.751,"angle":0},{"faceUp":false,"depth":3,"value":-1,"x":-166.294,"y":-65.751,"angle":0},{"faceUp":false,"depth":4,"value":-1,"x":80.706,"y":114.249,"angle":0},{"faceUp":false,"depth":4,"value":-1,"x":-75.294,"y":114.249,"angle":0},{"faceUp":false,"depth":4,"value":-1,"x":119.706,"y":-65.751,"angle":0},{"faceUp":false,"depth":4,"value":-1,"x":-114.294,"y":-65.751,"angle":0},{"faceUp":true,"depth":5,"value":-1,"x":80.706,"y":96.249,"angle":0},{"faceUp":true,"depth":5,"value":-1,"x":-75.294,"y":96.249,"angle":0},{"faceUp":false,"depth":5,"value":-1,"x":67.706,"y":-65.751,"angle":0},{"faceUp":false,"depth":5,"value":-1,"x":-62.294,"y":-65.751,"angle":0},{"faceUp":true,"depth":6,"value":-1,"x":2.706,"y":-65.751,"angle":0}],"settings":{"disableCombo":false,"cost":2200,"reward":2400,"comboCoinReward":170,"undoCost":[500,750,1000],"stars":[30,200,300],"wildCost":[6500],"cardsInStack":[-1,-1,-1,-1,-1,-1,-1,-1,-1,-1,-1,-1,-1,-1,-1,-1,-1,-1,-1,-1,-1],"comboBonus":[5,4,6,4],"extraCardCost":[4500,6750,9000]}}]],0,0,[],[],[]]