[1,0,0,[["cc.JsonAsset",["_name","json"],1]],[[0,0,1,3]],[[0,"204",{"cards":[{"faceUp":false,"depth":0,"value":-1,"x":-326.892,"y":105.019,"angle":0},{"faceUp":false,"depth":0,"value":-1,"x":77.365,"y":15.498000000000001,"angle":-30},{"faceUp":false,"depth":0,"value":-1,"x":-92.713,"y":431.817,"angle":30},{"faceUp":false,"depth":0,"value":-1,"x":89.287,"y":431.817,"angle":-30},{"faceUp":false,"depth":0,"value":-1,"x":-104.635,"y":15.498000000000001,"angle":30},{"faceUp":false,"depth":0,"value":-1,"x":-12.965,"y":-198.926,"angle":0},{"faceUp":false,"depth":0,"value":-1,"x":322.207,"y":106.849,"angle":0},{"faceUp":false,"depth":1,"value":-1,"x":-326.892,"y":87.019,"angle":0},{"faceUp":false,"depth":1,"value":-1,"x":103.365,"y":-2.5020000000000007,"angle":-20},{"faceUp":false,"depth":1,"value":-1,"x":-118.713,"y":413.817,"angle":20},{"faceUp":false,"depth":1,"value":-1,"x":115.287,"y":413.817,"angle":-20},{"faceUp":false,"depth":1,"value":-1,"x":-130.635,"y":-2.5020000000000007,"angle":20},{"faceUp":false,"depth":1,"value":-1,"x":-12.965,"y":-216.926,"angle":0},{"faceUp":false,"depth":1,"value":-1,"x":322.207,"y":88.849,"angle":0},{"faceUp":false,"depth":2,"value":-1,"x":-326.892,"y":69.019,"angle":0},{"faceUp":false,"depth":2,"value":-1,"x":129.365,"y":-56.501999999999995,"angle":-10},{"faceUp":false,"depth":2,"value":-1,"x":-144.713,"y":359.817,"angle":10},{"faceUp":false,"depth":2,"value":-1,"x":141.287,"y":359.817,"angle":-10},{"faceUp":false,"depth":2,"value":-1,"x":-156.635,"y":-56.501999999999995,"angle":10},{"faceUp":false,"depth":2,"value":-1,"x":-12.965,"y":-234.926,"angle":0},{"faceUp":false,"depth":2,"value":-1,"x":322.207,"y":70.84899999999999,"angle":0},{"faceUp":true,"depth":3,"value":-1,"x":-326.892,"y":51.019,"angle":0},{"faceUp":false,"depth":3,"value":-1,"x":142.365,"y":-92.502,"angle":0},{"faceUp":false,"depth":3,"value":-1,"x":-157.713,"y":323.817,"angle":0},{"faceUp":false,"depth":3,"value":-1,"x":154.287,"y":323.817,"angle":0},{"faceUp":false,"depth":3,"value":-1,"x":-169.635,"y":-92.502,"angle":0},{"faceUp":false,"depth":3,"value":-1,"x":-12.965,"y":-252.926,"angle":0},{"faceUp":true,"depth":3,"value":-1,"x":322.207,"y":52.849,"angle":0},{"faceUp":false,"depth":4,"value":-1,"x":-12.965,"y":-270.926,"angle":0},{"faceUp":false,"depth":4,"value":-1,"x":142.365,"y":-146.502,"angle":0},{"faceUp":false,"depth":4,"value":-1,"x":-157.713,"y":269.817,"angle":0},{"faceUp":false,"depth":4,"value":-1,"x":154.287,"y":269.817,"angle":0},{"faceUp":false,"depth":4,"value":-1,"x":-169.635,"y":-146.502,"angle":0},{"faceUp":true,"depth":5,"value":-1,"x":-12.965,"y":-288.926,"angle":0},{"faceUp":true,"depth":5,"value":-1,"x":142.365,"y":-182.502,"angle":0},{"faceUp":true,"depth":5,"value":-1,"x":-157.713,"y":233.817,"angle":0},{"faceUp":true,"depth":5,"value":-1,"x":154.287,"y":233.817,"angle":0},{"faceUp":true,"depth":5,"value":-1,"x":-169.635,"y":-182.502,"angle":0}],"settings":{"disableCombo":false,"cost":2500,"reward":2650,"comboCoinReward":170,"undoCost":[650,975,1300],"stars":[30,200,300],"wildCost":[7500],"cardsInStack":[-1,-1,-1,-1,-1,-1,-1,-1,-1,-1,-1,-1,-1,-1,-1,-1,-1,-1,-1,-1,-1,-1,-1,-1,-1],"comboBonus":[5,4,6,4],"extraCardCost":[5000,7550,10000]}}]],0,0,[],[],[]]