[1,0,0,[["cc.JsonAsset",["_name","json"],1]],[[0,0,1,3]],[[0,"6",{"cards":[{"faceUp":false,"depth":0,"value":3,"x":146.93,"y":48.119,"angle":0},{"faceUp":false,"depth":0,"value":2,"x":-113.07,"y":48.119,"angle":0},{"faceUp":false,"depth":0,"value":13,"x":16.93,"y":120.119,"angle":0},{"faceUp":false,"depth":0,"value":11,"x":16.93,"y":-41.881,"angle":0},{"faceUp":false,"depth":1,"value":5,"x":-151.951,"y":-59.881,"angle":0},{"faceUp":false,"depth":1,"value":7,"x":185.851,"y":156.119,"angle":0},{"faceUp":false,"depth":1,"value":6,"x":185.851,"y":-59.881,"angle":0},{"faceUp":false,"depth":1,"value":3,"x":16.93,"y":138.119,"angle":0},{"faceUp":false,"depth":1,"value":5,"x":16.93,"y":-59.881,"angle":0},{"faceUp":false,"depth":1,"value":8,"x":-151.951,"y":156.119,"angle":0},{"faceUp":false,"depth":2,"value":2,"x":-190.951,"y":-59.881,"angle":0},{"faceUp":false,"depth":2,"value":6,"x":224.851,"y":-59.881,"angle":0},{"faceUp":false,"depth":2,"value":7,"x":224.851,"y":156.119,"angle":0},{"faceUp":true,"depth":2,"value":13,"x":16.93,"y":156.119,"angle":0},{"faceUp":true,"depth":2,"value":12,"x":16.93,"y":-77.881,"angle":0},{"faceUp":false,"depth":2,"value":3,"x":-190.951,"y":156.119,"angle":0},{"faceUp":false,"depth":3,"value":4,"x":263.851,"y":156.119,"angle":0},{"faceUp":false,"depth":3,"value":5,"x":263.851,"y":-59.881,"angle":0},{"faceUp":false,"depth":3,"value":4,"x":-229.951,"y":156.119,"angle":0},{"faceUp":false,"depth":3,"value":2,"x":-229.951,"y":-59.881,"angle":0},{"faceUp":true,"depth":4,"value":6,"x":302.851,"y":156.119,"angle":0},{"faceUp":true,"depth":4,"value":11,"x":-268.951,"y":-59.881,"angle":0},{"faceUp":true,"depth":4,"value":1,"x":-268.951,"y":156.119,"angle":0},{"faceUp":true,"depth":4,"value":7,"x":302.851,"y":-59.881,"angle":0}],"settings":{"disableCombo":false,"cost":1000,"reward":1050,"comboCoinReward":50,"undoCost":[100,150,400],"stars":[15,80,120],"wildCost":[500],"cardsInStack":[-1,-1,-1,-1,-1,-1,-1,-1,-1,-1,-1,-1,-1,-1,-1,-1,-1,-1,-1,-1],"comboBonus":[4,6,5,4],"extraCardCost":[200,300,500]}}]],0,0,[],[],[]]