[1,0,0,[["cc.JsonAsset",["_name","json"],1]],[[0,0,1,3]],[[0,"217",{"cards":[{"faceUp":false,"depth":0,"value":-1,"x":76.623,"y":-149.439,"angle":0},{"faceUp":false,"depth":0,"value":-1,"x":310.623,"y":-149.439,"angle":0},{"faceUp":false,"depth":0,"value":-1,"x":-313.998,"y":-146.252,"angle":0},{"faceUp":false,"depth":0,"value":-1,"x":-79.998,"y":-146.252,"angle":0},{"faceUp":false,"depth":0,"value":-1,"x":-140.689,"y":218.751,"angle":0},{"faceUp":false,"depth":0,"value":-1,"x":-270.689,"y":218.751,"angle":0},{"faceUp":false,"depth":0,"value":-1,"x":314.127,"y":177.753,"angle":0},{"faceUp":false,"depth":0,"value":-1,"x":80.127,"y":177.753,"angle":0},{"faceUp":false,"depth":1,"value":-1,"x":76.623,"y":-131.439,"angle":0},{"faceUp":false,"depth":1,"value":-1,"x":310.623,"y":-131.439,"angle":0},{"faceUp":false,"depth":1,"value":-1,"x":-313.998,"y":-128.252,"angle":0},{"faceUp":false,"depth":1,"value":-1,"x":-79.998,"y":-128.252,"angle":0},{"faceUp":false,"depth":1,"value":-1,"x":314.127,"y":195.753,"angle":0},{"faceUp":true,"depth":1,"value":-1,"x":-322.689,"y":200.751,"angle":0},{"faceUp":true,"depth":1,"value":-1,"x":-205.689,"y":200.751,"angle":0},{"faceUp":false,"depth":1,"value":-1,"x":80.127,"y":195.753,"angle":0},{"faceUp":true,"depth":1,"value":-1,"x":-88.689,"y":200.751,"angle":0},{"faceUp":false,"depth":2,"value":-1,"x":102.623,"y":-113.439,"angle":0},{"faceUp":false,"depth":2,"value":-1,"x":-105.998,"y":-110.252,"angle":0},{"faceUp":false,"depth":2,"value":-1,"x":-287.998,"y":-110.252,"angle":0},{"faceUp":false,"depth":2,"value":-1,"x":106.127,"y":213.753,"angle":0},{"faceUp":false,"depth":2,"value":-1,"x":288.127,"y":213.753,"angle":0},{"faceUp":false,"depth":2,"value":-1,"x":284.623,"y":-113.439,"angle":0},{"faceUp":false,"depth":3,"value":-1,"x":245.623,"y":-77.439,"angle":0},{"faceUp":false,"depth":3,"value":-1,"x":-248.998,"y":-74.252,"angle":0},{"faceUp":false,"depth":3,"value":-1,"x":-144.998,"y":-74.252,"angle":0},{"faceUp":true,"depth":3,"value":-1,"x":145.127,"y":249.753,"angle":0},{"faceUp":true,"depth":3,"value":-1,"x":249.127,"y":249.753,"angle":0},{"faceUp":false,"depth":3,"value":-1,"x":141.623,"y":-77.439,"angle":0},{"faceUp":true,"depth":4,"value":-1,"x":-196.998,"y":-56.252,"angle":0},{"faceUp":true,"depth":4,"value":-1,"x":193.623,"y":-59.439,"angle":0}],"settings":{"disableCombo":false,"cost":2600,"reward":2750,"comboCoinReward":170,"undoCost":[650,975,1300],"stars":[30,200,300],"wildCost":[7800],"cardsInStack":[-1,-1,-1,-1,-1,-1,-1,-1,-1,-1,-1,-1,-1,-1,-1,-1,-1,-1,-1],"comboBonus":[5,4,6,4],"extraCardCost":[5000,7550,10000]}}]],0,0,[],[],[]]