[1,0,0,[["cc.JsonAsset",["_name","json"],1]],[[0,0,1,3]],[[0,"189",{"cards":[{"faceUp":false,"depth":0,"value":-1,"x":210.576,"y":71.58,"angle":0},{"faceUp":false,"depth":0,"value":-1,"x":-209.756,"y":359.579,"angle":0},{"faceUp":false,"depth":0,"value":-1,"x":-209.756,"y":71.579,"angle":0},{"faceUp":false,"depth":0,"value":-1,"x":-3.223,"y":-337.641,"angle":0},{"faceUp":false,"depth":0,"value":-1,"x":-3.223,"y":-49.641,"angle":0},{"faceUp":false,"depth":0,"value":-1,"x":210.576,"y":359.58,"angle":0},{"faceUp":false,"depth":1,"value":-1,"x":249.57600000000002,"y":107.58,"angle":0},{"faceUp":false,"depth":1,"value":-1,"x":249.57600000000002,"y":323.58,"angle":0},{"faceUp":false,"depth":1,"value":-1,"x":-248.756,"y":107.579,"angle":0},{"faceUp":false,"depth":1,"value":-1,"x":-248.756,"y":323.579,"angle":0},{"faceUp":false,"depth":1,"value":-1,"x":61.777,"y":-301.641,"angle":0},{"faceUp":false,"depth":1,"value":-1,"x":-68.223,"y":-301.641,"angle":0},{"faceUp":false,"depth":1,"value":-1,"x":61.777,"y":-85.641,"angle":0},{"faceUp":false,"depth":1,"value":-1,"x":-68.223,"y":-85.641,"angle":0},{"faceUp":false,"depth":2,"value":-1,"x":288.576,"y":287.58,"angle":0},{"faceUp":false,"depth":2,"value":-1,"x":-120.223,"y":-121.641,"angle":0},{"faceUp":false,"depth":2,"value":-1,"x":288.576,"y":143.58,"angle":0},{"faceUp":false,"depth":2,"value":-1,"x":-287.756,"y":143.579,"angle":0},{"faceUp":false,"depth":2,"value":-1,"x":-287.756,"y":287.579,"angle":0},{"faceUp":false,"depth":2,"value":-1,"x":113.777,"y":-265.641,"angle":0},{"faceUp":false,"depth":2,"value":-1,"x":-3.223,"y":-265.641,"angle":0},{"faceUp":false,"depth":2,"value":-1,"x":-120.223,"y":-265.641,"angle":0},{"faceUp":false,"depth":2,"value":-1,"x":-3.223,"y":-121.641,"angle":0},{"faceUp":false,"depth":2,"value":-1,"x":113.777,"y":-121.641,"angle":0},{"faceUp":true,"depth":3,"value":-1,"x":-172.223,"y":-193.641,"angle":0},{"faceUp":true,"depth":3,"value":-1,"x":327.576,"y":215.58,"angle":0},{"faceUp":true,"depth":3,"value":-1,"x":-326.756,"y":215.579,"angle":0},{"faceUp":true,"depth":3,"value":-1,"x":61.777,"y":-193.641,"angle":0},{"faceUp":true,"depth":3,"value":-1,"x":178.777,"y":-193.641,"angle":0},{"faceUp":true,"depth":3,"value":-1,"x":-55.223,"y":-193.641,"angle":0}],"settings":{"disableCombo":false,"cost":2500,"reward":2650,"comboCoinReward":170,"undoCost":[650,975,1300],"stars":[30,200,300],"wildCost":[7500],"cardsInStack":[-1,-1,-1,-1,-1,-1,-1,-1,-1,-1,-1,-1,-1,-1,-1,-1,-1,-1,-1,-1],"comboBonus":[5,4,6,4],"extraCardCost":[5000,7550,10000]}}]],0,0,[],[],[]]