[1,0,0,[["cc.JsonAsset",["_name","json"],1]],[[0,0,1,3]],[[0,"113",{"cards":[{"faceUp":false,"depth":0,"value":-1,"x":173.809,"y":5.609,"angle":0},{"faceUp":false,"depth":0,"value":-1,"x":-216.191,"y":5.609,"angle":0},{"faceUp":false,"depth":0,"value":-1,"x":173.809,"y":167.609,"angle":0},{"faceUp":false,"depth":0,"value":-1,"x":-21.191,"y":23.609,"angle":0},{"faceUp":false,"depth":0,"value":-1,"x":-216.191,"y":167.609,"angle":0},{"faceUp":false,"depth":1,"value":-1,"x":225.809,"y":5.609,"angle":0},{"faceUp":false,"depth":1,"value":-1,"x":-164.191,"y":5.609,"angle":0},{"faceUp":false,"depth":1,"value":-1,"x":186.809,"y":203.609,"angle":0},{"faceUp":false,"depth":1,"value":-1,"x":-8.190999999999999,"y":59.609,"angle":0},{"faceUp":false,"depth":1,"value":-1,"x":-203.191,"y":203.609,"angle":0},{"faceUp":false,"depth":2,"value":-1,"x":186.809,"y":5.609,"angle":0},{"faceUp":false,"depth":2,"value":-1,"x":-203.191,"y":5.609,"angle":0},{"faceUp":false,"depth":2,"value":-1,"x":199.809,"y":185.609,"angle":0},{"faceUp":false,"depth":2,"value":-1,"x":4.809,"y":41.609,"angle":0},{"faceUp":false,"depth":2,"value":-1,"x":-190.191,"y":185.609,"angle":0},{"faceUp":false,"depth":3,"value":-1,"x":212.809,"y":5.609,"angle":0},{"faceUp":false,"depth":3,"value":-1,"x":-177.191,"y":5.609,"angle":0},{"faceUp":false,"depth":3,"value":-1,"x":212.809,"y":203.609,"angle":0},{"faceUp":false,"depth":3,"value":-1,"x":17.809,"y":59.609,"angle":0},{"faceUp":false,"depth":3,"value":-1,"x":-177.191,"y":203.609,"angle":0},{"faceUp":false,"depth":4,"value":-1,"x":199.809,"y":5.609,"angle":0},{"faceUp":false,"depth":4,"value":-1,"x":-190.191,"y":5.609,"angle":0},{"faceUp":false,"depth":4,"value":-1,"x":225.809,"y":185.609,"angle":0},{"faceUp":false,"depth":4,"value":-1,"x":30.809,"y":41.609,"angle":0},{"faceUp":false,"depth":4,"value":-1,"x":-164.191,"y":185.609,"angle":0},{"faceUp":false,"depth":5,"value":-1,"x":225.809,"y":113.609,"angle":0},{"faceUp":false,"depth":5,"value":-1,"x":-164.191,"y":113.609,"angle":0},{"faceUp":false,"depth":5,"value":-1,"x":30.809,"y":5.609,"angle":0},{"faceUp":true,"depth":6,"value":-1,"x":225.809,"y":149.609,"angle":0},{"faceUp":true,"depth":6,"value":-1,"x":-164.191,"y":149.609,"angle":0},{"faceUp":true,"depth":6,"value":-1,"x":30.809,"y":23.609,"angle":0}],"settings":{"disableCombo":false,"cost":2200,"reward":2400,"comboCoinReward":170,"undoCost":[500,750,1000],"stars":[30,200,300],"wildCost":[6500],"cardsInStack":[-1,-1,-1,-1,-1,-1,-1,-1,-1,-1,-1,-1,-1,-1,-1,-1,-1,-1,-1,-1],"comboBonus":[5,4,6,4],"extraCardCost":[4500,6750,9000]}}]],0,0,[],[],[]]