[1,0,0,[["cc.JsonAsset",["_name","json"],1]],[[0,0,1,3]],[[0,"83",{"cards":[{"faceUp":false,"depth":0,"value":-1,"x":-171.5,"y":53,"angle":-15},{"faceUp":false,"depth":0,"value":-1,"x":140.5,"y":53,"angle":-15},{"faceUp":false,"depth":0,"value":-1,"x":-257.852,"y":297.179,"angle":-15},{"faceUp":false,"depth":0,"value":-1,"x":-2.5,"y":-127,"angle":0},{"faceUp":false,"depth":0,"value":-1,"x":190.431,"y":301.368,"angle":-15},{"faceUp":false,"depth":1,"value":-1,"x":-205.852,"y":297.179,"angle":15},{"faceUp":false,"depth":1,"value":-1,"x":-119.5,"y":53,"angle":15},{"faceUp":false,"depth":1,"value":-1,"x":192.5,"y":53,"angle":15},{"faceUp":false,"depth":1,"value":-1,"x":-67.5,"y":-163,"angle":0},{"faceUp":false,"depth":1,"value":-1,"x":62.5,"y":-163,"angle":0},{"faceUp":false,"depth":1,"value":-1,"x":242.43099999999998,"y":301.368,"angle":15},{"faceUp":false,"depth":2,"value":-1,"x":-257.852,"y":279.179,"angle":-15},{"faceUp":false,"depth":2,"value":-1,"x":-171.5,"y":35,"angle":-15},{"faceUp":false,"depth":2,"value":-1,"x":140.5,"y":35,"angle":-15},{"faceUp":false,"depth":2,"value":-1,"x":190.431,"y":283.368,"angle":-15},{"faceUp":true,"depth":2,"value":-1,"x":-2.5,"y":-199,"angle":0},{"faceUp":true,"depth":2,"value":-1,"x":-132.5,"y":-199,"angle":0},{"faceUp":true,"depth":2,"value":-1,"x":114.5,"y":-199,"angle":0},{"faceUp":false,"depth":3,"value":-1,"x":-119.5,"y":35,"angle":15},{"faceUp":false,"depth":3,"value":-1,"x":192.5,"y":35,"angle":15},{"faceUp":false,"depth":3,"value":-1,"x":242.43099999999998,"y":283.368,"angle":15},{"faceUp":false,"depth":3,"value":-1,"x":-205.852,"y":279.179,"angle":15},{"faceUp":false,"depth":4,"value":-1,"x":-171.5,"y":17,"angle":-15},{"faceUp":false,"depth":4,"value":-1,"x":140.5,"y":17,"angle":-15},{"faceUp":false,"depth":4,"value":-1,"x":190.431,"y":265.368,"angle":-15},{"faceUp":false,"depth":4,"value":-1,"x":-257.852,"y":261.179,"angle":-15},{"faceUp":true,"depth":5,"value":-1,"x":-119.5,"y":17,"angle":15},{"faceUp":true,"depth":5,"value":-1,"x":192.5,"y":17,"angle":15},{"faceUp":true,"depth":5,"value":-1,"x":242.43099999999998,"y":265.368,"angle":15},{"faceUp":true,"depth":5,"value":-1,"x":-205.852,"y":261.179,"angle":15}],"settings":{"disableCombo":false,"cost":2000,"reward":2100,"comboCoinReward":150,"undoCost":[500,750,1000],"stars":[30,150,250],"wildCost":[6000],"cardsInStack":[-1,-1,-1,-1,-1,-1,-1,-1,-1,-1,-1,-1,-1,-1,-1,-1,-1,-1,-1,-1,-1],"comboBonus":[5,4,6,4],"extraCardCost":[4000,6000,8000]}}]],0,0,[],[],[]]