[1,0,0,[["cc.JsonAsset",["_name","json"],1]],[[0,0,1,3]],[[0,"101",{"cards":[{"faceUp":false,"depth":0,"value":-1,"x":231.981,"y":373.32,"angle":0},{"faceUp":false,"depth":0,"value":-1,"x":-208.371,"y":373.32,"angle":0},{"faceUp":false,"depth":0,"value":-1,"x":16.519,"y":370.178,"angle":0},{"faceUp":false,"depth":0,"value":-1,"x":-205.815,"y":74.303,"angle":35},{"faceUp":false,"depth":0,"value":-1,"x":31.641999999999996,"y":71.161,"angle":35},{"faceUp":false,"depth":0,"value":-1,"x":272.241,"y":68.019,"angle":35},{"faceUp":false,"depth":1,"value":-1,"x":231.981,"y":355.32,"angle":0},{"faceUp":false,"depth":1,"value":-1,"x":-208.371,"y":355.32,"angle":0},{"faceUp":false,"depth":1,"value":-1,"x":16.519,"y":352.178,"angle":0},{"faceUp":false,"depth":1,"value":-1,"x":-231.815,"y":38.303,"angle":30},{"faceUp":false,"depth":1,"value":-1,"x":5.6419999999999995,"y":35.161,"angle":30},{"faceUp":false,"depth":1,"value":-1,"x":246.24099999999999,"y":32.019,"angle":30},{"faceUp":false,"depth":2,"value":-1,"x":231.981,"y":337.32,"angle":0},{"faceUp":false,"depth":2,"value":-1,"x":-208.371,"y":337.32,"angle":0},{"faceUp":false,"depth":2,"value":-1,"x":16.519,"y":334.178,"angle":0},{"faceUp":false,"depth":2,"value":-1,"x":-257.815,"y":2.303,"angle":25},{"faceUp":false,"depth":2,"value":-1,"x":-20.357999999999997,"y":-0.8390000000000004,"angle":25},{"faceUp":false,"depth":2,"value":-1,"x":220.241,"y":-3.981,"angle":25},{"faceUp":false,"depth":3,"value":-1,"x":231.981,"y":319.32,"angle":0},{"faceUp":false,"depth":3,"value":-1,"x":-208.371,"y":319.32,"angle":0},{"faceUp":false,"depth":3,"value":-1,"x":16.519,"y":316.178,"angle":0},{"faceUp":false,"depth":3,"value":-1,"x":-270.815,"y":-33.697,"angle":20},{"faceUp":false,"depth":3,"value":-1,"x":207.241,"y":-39.981,"angle":20},{"faceUp":false,"depth":3,"value":4,"x":-33.358,"y":-36.839,"angle":20},{"faceUp":true,"depth":4,"value":-1,"x":-208.371,"y":301.32,"angle":0},{"faceUp":true,"depth":4,"value":-1,"x":16.519,"y":298.178,"angle":0},{"faceUp":true,"depth":4,"value":-1,"x":231.981,"y":301.32,"angle":0},{"faceUp":false,"depth":4,"value":-1,"x":-283.815,"y":-69.697,"angle":15},{"faceUp":false,"depth":4,"value":-1,"x":194.241,"y":-75.981,"angle":15},{"faceUp":false,"depth":4,"value":4,"x":-46.358000000000004,"y":-72.839,"angle":15},{"faceUp":false,"depth":5,"value":-1,"x":194.241,"y":-129.981,"angle":-2},{"faceUp":false,"depth":5,"value":-1,"x":-46.358000000000004,"y":-126.839,"angle":-2},{"faceUp":false,"depth":5,"value":-1,"x":-283.815,"y":-123.697,"angle":-2},{"faceUp":true,"depth":6,"value":-1,"x":207.241,"y":-183.981,"angle":-10},{"faceUp":true,"depth":6,"value":-1,"x":-33.358,"y":-180.839,"angle":-10},{"faceUp":true,"depth":6,"value":-1,"x":-270.815,"y":-177.697,"angle":-10}],"settings":{"disableCombo":false,"cost":2200,"reward":2400,"comboCoinReward":170,"undoCost":[500,750,1000],"stars":[30,200,300],"wildCost":[6500],"cardsInStack":[-1,-1,-1,-1,-1,-1,-1,-1,-1,-1,-1,-1,-1,-1,-1,-1,-1,-1,-1],"comboBonus":[5,4,6,4],"extraCardCost":[4500,6750,9000]}}]],0,0,[],[],[]]