[1,0,0,[["cc.JsonAsset",["_name","json"],1]],[[0,0,1,3]],[[0,"199",{"cards":[{"faceUp":false,"depth":0,"value":-1,"x":-39.5,"y":24,"angle":0},{"faceUp":false,"depth":0,"value":-1,"x":64.5,"y":24,"angle":0},{"faceUp":false,"depth":0,"value":-1,"x":-143.5,"y":-12,"angle":0},{"faceUp":true,"depth":0,"value":-1,"x":-247.5,"y":-66,"angle":0},{"faceUp":false,"depth":0,"value":-1,"x":168.5,"y":-12,"angle":0},{"faceUp":false,"depth":0,"value":-1,"x":-39.5,"y":-120,"angle":0},{"faceUp":false,"depth":0,"value":-1,"x":64.5,"y":-120,"angle":0},{"faceUp":false,"depth":0,"value":-1,"x":168.5,"y":-156,"angle":0},{"faceUp":false,"depth":0,"value":-1,"x":-143.5,"y":-156,"angle":0},{"faceUp":false,"depth":0,"value":-1,"x":-39.5,"y":-264,"angle":0},{"faceUp":true,"depth":0,"value":-1,"x":-247.5,"y":-210,"angle":0},{"faceUp":true,"depth":0,"value":-1,"x":272.5,"y":-66,"angle":0},{"faceUp":true,"depth":0,"value":-1,"x":272.5,"y":-210,"angle":0},{"faceUp":false,"depth":0,"value":-1,"x":64.5,"y":-264,"angle":0},{"faceUp":false,"depth":0,"value":-1,"x":-106.079,"y":429.11699999999996,"angle":40},{"faceUp":false,"depth":0,"value":-1,"x":124.822,"y":419.67100000000005,"angle":-40},{"faceUp":true,"depth":1,"value":-1,"x":-91.5,"y":-48,"angle":-40},{"faceUp":true,"depth":1,"value":-1,"x":116.5,"y":-48,"angle":-320},{"faceUp":true,"depth":1,"value":-1,"x":116.5,"y":-210,"angle":-40},{"faceUp":true,"depth":1,"value":-1,"x":-91.5,"y":-210,"angle":-320},{"faceUp":false,"depth":1,"value":-1,"x":-106.079,"y":393.11699999999996,"angle":40},{"faceUp":false,"depth":1,"value":-1,"x":124.822,"y":383.67100000000005,"angle":-40},{"faceUp":false,"depth":2,"value":-1,"x":-106.079,"y":357.117,"angle":40},{"faceUp":false,"depth":2,"value":-1,"x":124.822,"y":347.671,"angle":-40},{"faceUp":false,"depth":3,"value":-1,"x":-106.079,"y":321.117,"angle":40},{"faceUp":false,"depth":3,"value":-1,"x":124.822,"y":311.671,"angle":-40},{"faceUp":false,"depth":4,"value":-1,"x":-106.079,"y":285.117,"angle":40},{"faceUp":false,"depth":4,"value":-1,"x":124.822,"y":275.671,"angle":-40},{"faceUp":false,"depth":5,"value":-1,"x":-106.079,"y":249.11700000000002,"angle":40},{"faceUp":false,"depth":5,"value":-1,"x":124.822,"y":239.671,"angle":-40},{"faceUp":true,"depth":6,"value":-1,"x":-106.079,"y":213.11700000000002,"angle":40},{"faceUp":true,"depth":6,"value":-1,"x":124.822,"y":203.671,"angle":-40}],"settings":{"disableCombo":false,"cost":2500,"reward":2650,"comboCoinReward":170,"undoCost":[650,975,1300],"stars":[30,200,300],"wildCost":[7500],"cardsInStack":[-1,-1,-1,-1,-1,-1,-1,-1,-1,-1,-1,-1,-1,-1,-1,-1,-1,-1,-1,-1,-1,-1,-1],"comboBonus":[5,4,6,4],"extraCardCost":[5000,7550,10000]}}]],0,0,[],[],[]]