[1,0,0,[["cc.JsonAsset",["_name","json"],1]],[[0,0,1,3]],[[0,"69",{"cards":[{"faceUp":false,"depth":0,"value":-1,"x":-79.617,"y":-62.555,"angle":0},{"faceUp":false,"depth":0,"value":-1,"x":50.383,"y":-62.555,"angle":0},{"faceUp":false,"depth":0,"value":-1,"x":-79.617,"y":99.445,"angle":0},{"faceUp":false,"depth":0,"value":-1,"x":50.383,"y":99.445,"angle":0},{"faceUp":false,"depth":1,"value":-1,"x":141.383,"y":9.445,"angle":0},{"faceUp":false,"depth":1,"value":-1,"x":-170.617,"y":9.445,"angle":0},{"faceUp":false,"depth":2,"value":-1,"x":102.383,"y":-8.555,"angle":0},{"faceUp":false,"depth":2,"value":-1,"x":219.383,"y":117.445,"angle":0},{"faceUp":false,"depth":2,"value":-1,"x":-235.617,"y":-98.555,"angle":0},{"faceUp":false,"depth":2,"value":-1,"x":-131.617,"y":45.445,"angle":0},{"faceUp":false,"depth":3,"value":-1,"x":-105.617,"y":-80.555,"angle":0},{"faceUp":false,"depth":3,"value":-1,"x":271.383,"y":81.445,"angle":0},{"faceUp":false,"depth":3,"value":-1,"x":-287.617,"y":-62.555,"angle":0},{"faceUp":false,"depth":3,"value":-1,"x":-144.617,"y":117.445,"angle":0},{"faceUp":false,"depth":3,"value":-1,"x":76.383,"y":117.445,"angle":0},{"faceUp":false,"depth":3,"value":-1,"x":128.383,"y":-80.555,"angle":0},{"faceUp":true,"depth":4,"value":-1,"x":-118.617,"y":-80.555,"angle":0},{"faceUp":false,"depth":4,"value":-1,"x":297.383,"y":63.445,"angle":0},{"faceUp":false,"depth":4,"value":-1,"x":-313.617,"y":-44.555,"angle":0},{"faceUp":true,"depth":4,"value":-1,"x":-157.617,"y":117.445,"angle":0},{"faceUp":true,"depth":4,"value":-1,"x":89.383,"y":117.445,"angle":0},{"faceUp":true,"depth":4,"value":-1,"x":141.383,"y":-80.555,"angle":0},{"faceUp":true,"depth":5,"value":-1,"x":-339.617,"y":-26.555,"angle":0},{"faceUp":true,"depth":5,"value":-1,"x":323.383,"y":45.445,"angle":0}],"settings":{"disableCombo":false,"cost":2000,"reward":2100,"comboCoinReward":150,"undoCost":[500,750,1000],"stars":[30,150,250],"wildCost":[6000],"cardsInStack":[-1,-1,-1,-1,-1,-1,-1,-1,-1,-1,-1,-1,-1,-1,-1,-1,-1,-1,-1],"comboBonus":[5,4,6,4],"extraCardCost":[4000,6000,8000]}}]],0,0,[],[],[]]