[1,0,0,[["cc.JsonAsset",["_name","json"],1]],[[0,0,1,3]],[[0,"254",{"cards":[{"faceUp":false,"depth":0,"value":-1,"x":197.996,"y":309.399,"angle":0},{"faceUp":false,"depth":0,"value":-1,"x":-57.322,"y":-130.228,"angle":0},{"faceUp":false,"depth":0,"value":-1,"x":85.678,"y":-130.228,"angle":0},{"faceUp":false,"depth":0,"value":-1,"x":196.671,"y":129.467,"angle":0},{"faceUp":false,"depth":0,"value":-1,"x":-255.906,"y":126.826,"angle":0},{"faceUp":false,"depth":0,"value":-1,"x":-252.398,"y":306.45,"angle":0},{"faceUp":false,"depth":0,"value":-1,"x":-174.322,"y":-130.228,"angle":0},{"faceUp":false,"depth":0,"value":-1,"x":345.678,"y":-130.228,"angle":0},{"faceUp":false,"depth":0,"value":-1,"x":202.678,"y":-130.228,"angle":0},{"faceUp":false,"depth":0,"value":-1,"x":-59.356,"y":213.616,"angle":0},{"faceUp":false,"depth":0,"value":-1,"x":83.644,"y":213.616,"angle":0},{"faceUp":false,"depth":0,"value":-1,"x":-317.322,"y":-130.228,"angle":0},{"faceUp":false,"depth":1,"value":-1,"x":223.996,"y":309.399,"angle":0},{"faceUp":false,"depth":1,"value":-1,"x":-44.322,"y":-94.228,"angle":0},{"faceUp":false,"depth":1,"value":-1,"x":59.678,"y":-94.228,"angle":0},{"faceUp":false,"depth":1,"value":-1,"x":222.671,"y":129.467,"angle":0},{"faceUp":false,"depth":1,"value":-1,"x":-229.906,"y":126.826,"angle":0},{"faceUp":false,"depth":1,"value":-1,"x":-226.398,"y":306.45,"angle":0},{"faceUp":false,"depth":1,"value":-1,"x":-200.322,"y":-94.228,"angle":0},{"faceUp":false,"depth":1,"value":-1,"x":215.678,"y":-94.228,"angle":0},{"faceUp":false,"depth":1,"value":-1,"x":319.678,"y":-94.228,"angle":0},{"faceUp":false,"depth":1,"value":-1,"x":-46.356,"y":249.61599999999999,"angle":0},{"faceUp":false,"depth":1,"value":-1,"x":57.644000000000005,"y":249.61599999999999,"angle":0},{"faceUp":false,"depth":1,"value":-1,"x":-304.322,"y":-94.228,"angle":0},{"faceUp":false,"depth":2,"value":-1,"x":-200.398,"y":306.45,"angle":0},{"faceUp":false,"depth":2,"value":-1,"x":249.99599999999998,"y":309.399,"angle":0},{"faceUp":false,"depth":2,"value":-1,"x":248.671,"y":129.467,"angle":0},{"faceUp":false,"depth":2,"value":-1,"x":-203.906,"y":126.826,"angle":0},{"faceUp":true,"depth":2,"value":-1,"x":-252.322,"y":-58.228,"angle":0},{"faceUp":true,"depth":2,"value":-1,"x":267.678,"y":-58.228,"angle":0},{"faceUp":true,"depth":2,"value":-1,"x":7.678000000000001,"y":-58.228,"angle":0},{"faceUp":true,"depth":2,"value":-1,"x":5.643999999999998,"y":285.616,"angle":0},{"faceUp":true,"depth":3,"value":-1,"x":-177.906,"y":126.826,"angle":0},{"faceUp":true,"depth":3,"value":-1,"x":274.671,"y":129.467,"angle":0},{"faceUp":true,"depth":3,"value":-1,"x":275.996,"y":309.399,"angle":0},{"faceUp":true,"depth":3,"value":-1,"x":-174.398,"y":306.45,"angle":0}],"settings":{"disableCombo":false,"cost":2700,"reward":2850,"comboCoinReward":170,"undoCost":[700,1050,1400],"stars":[30,200,300],"wildCost":[8000],"cardsInStack":[-1,-1,-1,-1,-1,-1,-1,-1,-1,-1,-1,-1,-1,-1,-1,-1,-1,-1,-1,-1,-1,-1],"comboBonus":[5,4,6,4],"extraCardCost":[5500,8250,11000]}}]],0,0,[],[],[]]