[1,0,0,[["cc.JsonAsset",["_name","json"],1]],[[0,0,1,3]],[[0,"146",{"cards":[{"faceUp":false,"depth":0,"value":-1,"x":160.887,"y":-182.766,"angle":-40},{"faceUp":false,"depth":0,"value":-1,"x":-121.964,"y":203.14,"angle":-40},{"faceUp":false,"depth":0,"value":-1,"x":-125.113,"y":-182.766,"angle":-40},{"faceUp":false,"depth":0,"value":-1,"x":164.036,"y":203.14,"angle":-40},{"faceUp":false,"depth":1,"value":-1,"x":82.887,"y":-92.766,"angle":-40},{"faceUp":false,"depth":1,"value":-1,"x":-199.964,"y":293.14,"angle":-40},{"faceUp":false,"depth":1,"value":-1,"x":-203.113,"y":-92.766,"angle":-40},{"faceUp":false,"depth":1,"value":-1,"x":86.036,"y":293.14,"angle":-40},{"faceUp":false,"depth":2,"value":-1,"x":69.887,"y":-20.766,"angle":30},{"faceUp":false,"depth":2,"value":-1,"x":-212.964,"y":365.14,"angle":30},{"faceUp":false,"depth":2,"value":-1,"x":-216.113,"y":-20.766,"angle":30},{"faceUp":false,"depth":2,"value":-1,"x":73.036,"y":365.14,"angle":30},{"faceUp":false,"depth":3,"value":-1,"x":121.887,"y":-2.766,"angle":0},{"faceUp":false,"depth":3,"value":-1,"x":-160.964,"y":383.14,"angle":0},{"faceUp":false,"depth":3,"value":-1,"x":-164.113,"y":-2.766,"angle":0},{"faceUp":false,"depth":3,"value":-1,"x":125.036,"y":383.14,"angle":0},{"faceUp":false,"depth":4,"value":-1,"x":212.887,"y":-92.766,"angle":0},{"faceUp":false,"depth":4,"value":-1,"x":-69.964,"y":293.14,"angle":0},{"faceUp":false,"depth":4,"value":-1,"x":-73.113,"y":-92.766,"angle":0},{"faceUp":false,"depth":4,"value":-1,"x":216.036,"y":293.14,"angle":0},{"faceUp":true,"depth":5,"value":-1,"x":212.887,"y":-2.766,"angle":0},{"faceUp":true,"depth":5,"value":-1,"x":212.887,"y":-182.766,"angle":0},{"faceUp":true,"depth":5,"value":-1,"x":-69.964,"y":203.14,"angle":0},{"faceUp":true,"depth":5,"value":-1,"x":-69.964,"y":383.14,"angle":0},{"faceUp":true,"depth":5,"value":-1,"x":-73.113,"y":-182.766,"angle":0},{"faceUp":true,"depth":5,"value":-1,"x":-73.113,"y":-2.766,"angle":0},{"faceUp":true,"depth":5,"value":-1,"x":216.036,"y":383.14,"angle":0},{"faceUp":true,"depth":5,"value":-1,"x":216.036,"y":203.14,"angle":0}],"settings":{"disableCombo":false,"cost":2200,"reward":2400,"comboCoinReward":170,"undoCost":[500,750,1000],"stars":[30,200,300],"wildCost":[6500],"cardsInStack":[-1,-1,-1,-1,-1,-1,-1,-1,-1,-1,-1,-1,-1,-1,-1,-1,-1,-1,-1,-1,-1,-1],"comboBonus":[5,4,6,4],"extraCardCost":[4500,6750,9000]}}]],0,0,[],[],[]]