[1,0,0,[["cc.JsonAsset",["_name","json"],1]],[[0,0,1,3]],[[0,"216",{"cards":[{"faceUp":true,"depth":0,"value":-1,"x":229.502,"y":-83.751,"angle":15},{"faceUp":true,"depth":0,"value":-1,"x":-216.498,"y":-83.751,"angle":15},{"faceUp":true,"depth":0,"value":-1,"x":5.502,"y":-83.751,"angle":15},{"faceUp":true,"depth":0,"value":-1,"x":210.559,"y":194.814,"angle":15},{"faceUp":true,"depth":0,"value":-1,"x":-13.440999999999999,"y":194.814,"angle":15},{"faceUp":true,"depth":0,"value":-1,"x":-235.441,"y":194.814,"angle":15},{"faceUp":true,"depth":1,"value":-1,"x":229.502,"y":-83.751,"angle":0},{"faceUp":true,"depth":1,"value":-1,"x":-216.498,"y":-83.751,"angle":0},{"faceUp":true,"depth":1,"value":-1,"x":5.502,"y":-83.751,"angle":0},{"faceUp":true,"depth":1,"value":-1,"x":210.559,"y":194.814,"angle":0},{"faceUp":true,"depth":1,"value":-1,"x":-13.440999999999999,"y":194.814,"angle":0},{"faceUp":true,"depth":1,"value":-1,"x":-235.441,"y":194.814,"angle":0},{"faceUp":true,"depth":2,"value":-1,"x":229.502,"y":-83.751,"angle":-15},{"faceUp":true,"depth":2,"value":-1,"x":-216.498,"y":-83.751,"angle":-15},{"faceUp":true,"depth":2,"value":-1,"x":5.502,"y":-83.751,"angle":-15},{"faceUp":true,"depth":2,"value":-1,"x":210.559,"y":194.814,"angle":-15},{"faceUp":true,"depth":2,"value":-1,"x":-13.440999999999999,"y":194.814,"angle":-15},{"faceUp":true,"depth":2,"value":-1,"x":-235.441,"y":194.814,"angle":-15},{"faceUp":true,"depth":3,"value":-1,"x":229.502,"y":-83.751,"angle":-30},{"faceUp":true,"depth":3,"value":-1,"x":-216.498,"y":-83.751,"angle":-30},{"faceUp":true,"depth":3,"value":-1,"x":5.502,"y":-83.751,"angle":-30},{"faceUp":true,"depth":3,"value":-1,"x":210.559,"y":194.814,"angle":-30},{"faceUp":true,"depth":3,"value":-1,"x":-13.440999999999999,"y":194.814,"angle":-30},{"faceUp":true,"depth":3,"value":-1,"x":-235.441,"y":194.814,"angle":-30},{"faceUp":true,"depth":4,"value":-1,"x":229.502,"y":-83.751,"angle":-45},{"faceUp":true,"depth":4,"value":-1,"x":-216.498,"y":-83.751,"angle":-45},{"faceUp":true,"depth":4,"value":-1,"x":5.502,"y":-83.751,"angle":-45},{"faceUp":true,"depth":4,"value":-1,"x":210.559,"y":194.814,"angle":-45},{"faceUp":true,"depth":4,"value":-1,"x":-13.440999999999999,"y":194.814,"angle":-45},{"faceUp":true,"depth":4,"value":-1,"x":-235.441,"y":194.814,"angle":-45}],"settings":{"disableCombo":false,"cost":2600,"reward":2750,"comboCoinReward":170,"undoCost":[650,975,1300],"stars":[30,200,300],"wildCost":[7800],"cardsInStack":[-1,-1,-1,-1,-1,-1,-1,-1,-1,-1,-1,-1,-1,-1,-1,-1,-1,-1,-1,-1],"comboBonus":[5,4,6,4],"extraCardCost":[5000,7550,10000]}}]],0,0,[],[],[]]