[1,0,0,[["cc.JsonAsset",["_name","json"],1]],[[0,0,1,3]],[[0,"95",{"cards":[{"faceUp":false,"depth":0,"value":-1,"x":108.369,"y":-221.338,"angle":0},{"faceUp":false,"depth":0,"value":-1,"x":-99.631,"y":-221.338,"angle":0},{"faceUp":false,"depth":0,"value":-1,"x":253.918,"y":163.641,"angle":0},{"faceUp":false,"depth":0,"value":-1,"x":-242.032,"y":162.344,"angle":0},{"faceUp":false,"depth":0,"value":-1,"x":69.369,"y":-23.338,"angle":0},{"faceUp":false,"depth":0,"value":-1,"x":-60.631,"y":-23.338,"angle":0},{"faceUp":false,"depth":0,"value":-1,"x":123.918,"y":325.641,"angle":0},{"faceUp":false,"depth":0,"value":-1,"x":-112.032,"y":324.344,"angle":0},{"faceUp":false,"depth":1,"value":-1,"x":69.369,"y":-221.338,"angle":0},{"faceUp":false,"depth":1,"value":-1,"x":-60.631,"y":-221.338,"angle":0},{"faceUp":false,"depth":1,"value":-1,"x":227.918,"y":163.641,"angle":-10},{"faceUp":false,"depth":1,"value":-1,"x":-216.032,"y":162.344,"angle":10},{"faceUp":false,"depth":1,"value":-1,"x":95.369,"y":-23.338,"angle":0},{"faceUp":false,"depth":1,"value":-1,"x":-86.631,"y":-23.338,"angle":0},{"faceUp":false,"depth":1,"value":-1,"x":149.918,"y":343.641,"angle":0},{"faceUp":false,"depth":1,"value":-1,"x":-138.032,"y":342.344,"angle":0},{"faceUp":true,"depth":2,"value":-1,"x":4.369,"y":-221.338,"angle":0},{"faceUp":false,"depth":2,"value":-1,"x":-177.032,"y":162.344,"angle":20},{"faceUp":false,"depth":2,"value":-1,"x":188.918,"y":163.641,"angle":-20},{"faceUp":false,"depth":2,"value":-1,"x":175.918,"y":361.641,"angle":0},{"faceUp":false,"depth":2,"value":-1,"x":-112.631,"y":-23.338,"angle":0},{"faceUp":false,"depth":2,"value":-1,"x":121.369,"y":-23.338,"angle":0},{"faceUp":false,"depth":2,"value":-1,"x":-164.032,"y":360.344,"angle":0},{"faceUp":false,"depth":3,"value":-1,"x":201.918,"y":379.641,"angle":0},{"faceUp":true,"depth":3,"value":-1,"x":-138.032,"y":162.344,"angle":35},{"faceUp":true,"depth":3,"value":-1,"x":149.918,"y":163.641,"angle":-35},{"faceUp":false,"depth":3,"value":-1,"x":-138.631,"y":-23.338,"angle":0},{"faceUp":false,"depth":3,"value":-1,"x":147.369,"y":-23.338,"angle":0},{"faceUp":false,"depth":3,"value":-1,"x":-190.032,"y":378.344,"angle":0},{"faceUp":false,"depth":4,"value":-1,"x":-216.032,"y":396.344,"angle":0},{"faceUp":false,"depth":4,"value":-1,"x":227.918,"y":397.641,"angle":0},{"faceUp":true,"depth":4,"value":-1,"x":-164.631,"y":-23.338,"angle":0},{"faceUp":true,"depth":4,"value":-1,"x":173.369,"y":-23.338,"angle":0},{"faceUp":true,"depth":5,"value":-1,"x":253.918,"y":415.641,"angle":0},{"faceUp":true,"depth":5,"value":-1,"x":-242.032,"y":414.344,"angle":0}],"settings":{"disableCombo":false,"cost":2000,"reward":2100,"comboCoinReward":150,"undoCost":[500,750,1000],"stars":[30,150,250],"wildCost":[6000],"cardsInStack":[-1,-1,-1,-1,-1,-1,-1,-1,-1,-1,-1,-1,-1,-1,-1,-1,-1,-1,-1,-1,-1,-1,-1],"comboBonus":[5,4,6,4],"extraCardCost":[4000,6000,8000]}}]],0,0,[],[],[]]