[1,0,0,[["cc.JsonAsset",["_name","json"],1]],[[0,0,1,3]],[[0,"138",{"cards":[{"faceUp":false,"depth":0,"value":-1,"x":-108.053,"y":307.643,"angle":15},{"faceUp":false,"depth":0,"value":-1,"x":112.947,"y":307.643,"angle":-15},{"faceUp":false,"depth":0,"value":-1,"x":131.5,"y":-4,"angle":-15},{"faceUp":false,"depth":0,"value":-1,"x":287.5,"y":-4,"angle":-15},{"faceUp":false,"depth":0,"value":-1,"x":-283.5,"y":1,"angle":15},{"faceUp":false,"depth":0,"value":-1,"x":-127.5,"y":1,"angle":15},{"faceUp":false,"depth":1,"value":-1,"x":-108.053,"y":271.643,"angle":15},{"faceUp":false,"depth":1,"value":-1,"x":112.947,"y":271.643,"angle":-15},{"faceUp":false,"depth":1,"value":-1,"x":131.5,"y":-40,"angle":-15},{"faceUp":false,"depth":1,"value":-1,"x":287.5,"y":-40,"angle":-15},{"faceUp":false,"depth":1,"value":-1,"x":-283.5,"y":-35,"angle":15},{"faceUp":false,"depth":1,"value":-1,"x":-127.5,"y":-35,"angle":15},{"faceUp":false,"depth":2,"value":-1,"x":-108.053,"y":235.64299999999997,"angle":-15},{"faceUp":false,"depth":2,"value":-1,"x":112.947,"y":235.64299999999997,"angle":15},{"faceUp":false,"depth":2,"value":-1,"x":131.5,"y":-76,"angle":15},{"faceUp":false,"depth":2,"value":-1,"x":287.5,"y":-76,"angle":15},{"faceUp":false,"depth":2,"value":-1,"x":-283.5,"y":-71,"angle":-15},{"faceUp":false,"depth":2,"value":-1,"x":-127.5,"y":-71,"angle":-15},{"faceUp":true,"depth":3,"value":-1,"x":-108.053,"y":199.64299999999997,"angle":-15},{"faceUp":true,"depth":3,"value":-1,"x":112.947,"y":199.64299999999997,"angle":15},{"faceUp":true,"depth":3,"value":-1,"x":131.5,"y":-109,"angle":15},{"faceUp":true,"depth":3,"value":-1,"x":287.5,"y":-109,"angle":15},{"faceUp":true,"depth":3,"value":-1,"x":-283.5,"y":-107,"angle":-15},{"faceUp":true,"depth":3,"value":-1,"x":-127.5,"y":-107,"angle":-15}],"settings":{"disableCombo":false,"cost":2200,"reward":2400,"comboCoinReward":170,"undoCost":[500,750,1000],"stars":[30,200,300],"wildCost":[6500],"cardsInStack":[-1,-1,-1,-1,-1,-1,-1,-1,-1,-1,-1,-1,-1,-1,-1,-1],"comboBonus":[5,4,6,4],"extraCardCost":[4500,6750,9000]}}]],0,0,[],[],[]]