[1,0,0,[["cc.JsonAsset",["_name","json"],1]],[[0,0,1,3]],[[0,"71",{"cards":[{"faceUp":false,"depth":0,"value":-1,"x":20.406999999999996,"y":101.12,"angle":0},{"faceUp":false,"depth":0,"value":-1,"x":20.406999999999996,"y":371.12,"angle":0},{"faceUp":false,"depth":0,"value":-1,"x":-233.404,"y":-70.117,"angle":0},{"faceUp":false,"depth":0,"value":-1,"x":-233.404,"y":-232.117,"angle":0},{"faceUp":false,"depth":0,"value":-1,"x":236.031,"y":-79.562,"angle":0},{"faceUp":false,"depth":0,"value":-1,"x":236.031,"y":-241.562,"angle":0},{"faceUp":false,"depth":1,"value":-1,"x":150.407,"y":101.12,"angle":0},{"faceUp":false,"depth":1,"value":-1,"x":-109.593,"y":101.12,"angle":0},{"faceUp":false,"depth":1,"value":-1,"x":-109.593,"y":371.12,"angle":0},{"faceUp":false,"depth":1,"value":-1,"x":150.407,"y":371.12,"angle":0},{"faceUp":false,"depth":1,"value":-1,"x":-285.404,"y":-106.117,"angle":0},{"faceUp":false,"depth":1,"value":-1,"x":-168.404,"y":-106.117,"angle":0},{"faceUp":false,"depth":1,"value":-1,"x":184.031,"y":-115.562,"angle":0},{"faceUp":false,"depth":1,"value":-1,"x":301.031,"y":-115.562,"angle":0},{"faceUp":false,"depth":2,"value":-1,"x":124.40700000000001,"y":101.12,"angle":0},{"faceUp":false,"depth":2,"value":-1,"x":-83.593,"y":101.12,"angle":0},{"faceUp":false,"depth":2,"value":-1,"x":-83.593,"y":371.12,"angle":0},{"faceUp":false,"depth":2,"value":-1,"x":124.40700000000001,"y":371.12,"angle":0},{"faceUp":false,"depth":2,"value":-1,"x":-233.404,"y":-142.117,"angle":0},{"faceUp":false,"depth":2,"value":-1,"x":236.031,"y":-151.562,"angle":0},{"faceUp":false,"depth":3,"value":-1,"x":-57.593,"y":101.12,"angle":0},{"faceUp":false,"depth":3,"value":-1,"x":98.407,"y":101.12,"angle":0},{"faceUp":false,"depth":3,"value":-1,"x":-57.593,"y":371.12,"angle":0},{"faceUp":false,"depth":3,"value":-1,"x":98.407,"y":371.12,"angle":0},{"faceUp":true,"depth":3,"value":-1,"x":-285.404,"y":-196.117,"angle":0},{"faceUp":true,"depth":3,"value":-1,"x":-168.404,"y":-196.117,"angle":0},{"faceUp":true,"depth":3,"value":-1,"x":301.031,"y":-205.562,"angle":0},{"faceUp":true,"depth":3,"value":-1,"x":184.031,"y":-205.562,"angle":0},{"faceUp":false,"depth":4,"value":-1,"x":20.406999999999996,"y":317.12,"angle":0},{"faceUp":false,"depth":4,"value":-1,"x":20.406999999999996,"y":155.12,"angle":0},{"faceUp":true,"depth":5,"value":-1,"x":20.406999999999996,"y":227.12,"angle":0}],"settings":{"disableCombo":false,"cost":2000,"reward":2100,"comboCoinReward":150,"undoCost":[500,750,1000],"stars":[30,150,250],"wildCost":[6000],"cardsInStack":[-1,-1,-1,-1,-1,-1,-1,-1,-1,-1,-1,-1,-1,-1,-1,-1,-1,-1,-1,-1,-1,-1],"comboBonus":[5,4,6,4],"extraCardCost":[4000,6000,8000]}}]],0,0,[],[],[]]