[1,0,0,[["cc.JsonAsset",["_name","json"],1]],[[0,0,1,3]],[[0,"44",{"cards":[{"faceUp":false,"depth":0,"value":-1,"x":102.818,"y":205.184,"angle":-35},{"faceUp":false,"depth":0,"value":-1,"x":-261.182,"y":205.184,"angle":-35},{"faceUp":false,"depth":0,"value":-1,"x":-66.182,"y":205.184,"angle":-35},{"faceUp":false,"depth":0,"value":-1,"x":284.818,"y":205.184,"angle":-35},{"faceUp":false,"depth":0,"value":-1,"x":-66.182,"y":43.184,"angle":0},{"faceUp":false,"depth":0,"value":-1,"x":115.818,"y":43.184,"angle":0},{"faceUp":false,"depth":0,"value":-1,"x":297.818,"y":43.184,"angle":0},{"faceUp":false,"depth":0,"value":-1,"x":-248.182,"y":43.184,"angle":0},{"faceUp":false,"depth":1,"value":-1,"x":115.818,"y":25.184,"angle":0},{"faceUp":false,"depth":1,"value":-1,"x":297.818,"y":25.184,"angle":0},{"faceUp":false,"depth":1,"value":-1,"x":-248.182,"y":25.184,"angle":0},{"faceUp":false,"depth":1,"value":-1,"x":-66.182,"y":25.184,"angle":0},{"faceUp":false,"depth":1,"value":-1,"x":-66.182,"y":223.184,"angle":-35},{"faceUp":false,"depth":1,"value":-1,"x":-261.182,"y":223.184,"angle":-35},{"faceUp":false,"depth":1,"value":-1,"x":284.818,"y":223.184,"angle":-35},{"faceUp":false,"depth":1,"value":-1,"x":102.818,"y":223.184,"angle":-35},{"faceUp":false,"depth":2,"value":-1,"x":-66.182,"y":7.184,"angle":0},{"faceUp":false,"depth":2,"value":-1,"x":-248.182,"y":7.184,"angle":0},{"faceUp":false,"depth":2,"value":-1,"x":297.818,"y":7.184,"angle":0},{"faceUp":false,"depth":2,"value":-1,"x":115.818,"y":7.184,"angle":0},{"faceUp":true,"depth":2,"value":-1,"x":-66.182,"y":241.184,"angle":-35},{"faceUp":true,"depth":2,"value":-1,"x":-261.182,"y":241.184,"angle":-35},{"faceUp":true,"depth":2,"value":-1,"x":284.818,"y":241.184,"angle":-35},{"faceUp":true,"depth":2,"value":-1,"x":102.818,"y":241.184,"angle":-35},{"faceUp":true,"depth":3,"value":-1,"x":115.818,"y":-10.816,"angle":0},{"faceUp":true,"depth":3,"value":-1,"x":297.818,"y":-10.816,"angle":0},{"faceUp":true,"depth":3,"value":-1,"x":-248.182,"y":-10.816,"angle":0},{"faceUp":true,"depth":3,"value":-1,"x":-66.182,"y":-10.816,"angle":0}],"settings":{"disableCombo":false,"cost":1500,"reward":1550,"comboCoinReward":100,"undoCost":[300,450,600],"stars":[30,100,200],"wildCost":[3000],"cardsInStack":[-1,-1,-1,-1,-1,-1,-1,-1,-1,-1,-1,-1,-1,-1,-1,-1,-1,-1],"comboBonus":[5,4,6,4],"extraCardCost":[2000,3000,4000]}}]],0,0,[],[],[]]