[1,0,0,[["cc.JsonAsset",["_name","json"],1]],[[0,0,1,3]],[[0,"215",{"cards":[{"faceUp":false,"depth":0,"value":-1,"x":160.311,"y":-47.686,"angle":0},{"faceUp":false,"depth":0,"value":-1,"x":290.311,"y":96.314,"angle":0},{"faceUp":false,"depth":0,"value":-1,"x":-282.249,"y":-117.251,"angle":0},{"faceUp":false,"depth":0,"value":-1,"x":-165.249,"y":26.749000000000002,"angle":0},{"faceUp":false,"depth":0,"value":-1,"x":-165.249,"y":-261.251,"angle":0},{"faceUp":false,"depth":0,"value":-1,"x":160.311,"y":240.31400000000002,"angle":0},{"faceUp":false,"depth":1,"value":-1,"x":160.311,"y":-29.686,"angle":0},{"faceUp":false,"depth":1,"value":-1,"x":160.311,"y":222.314,"angle":0},{"faceUp":false,"depth":1,"value":-1,"x":16.751,"y":-117.251,"angle":0},{"faceUp":false,"depth":1,"value":-1,"x":-21.689,"y":96.314,"angle":0},{"faceUp":false,"depth":1,"value":-1,"x":-308.249,"y":-117.251,"angle":0},{"faceUp":false,"depth":1,"value":-1,"x":316.311,"y":96.314,"angle":0},{"faceUp":false,"depth":1,"value":-1,"x":-165.249,"y":-243.251,"angle":0},{"faceUp":false,"depth":1,"value":-1,"x":-165.249,"y":8.749000000000002,"angle":0},{"faceUp":false,"depth":2,"value":-1,"x":160.311,"y":-11.686,"angle":0},{"faceUp":false,"depth":2,"value":-1,"x":160.311,"y":204.314,"angle":0},{"faceUp":false,"depth":2,"value":-1,"x":-9.249,"y":-117.251,"angle":0},{"faceUp":false,"depth":2,"value":-1,"x":4.311,"y":96.314,"angle":0},{"faceUp":false,"depth":2,"value":-1,"x":-334.249,"y":-117.251,"angle":0},{"faceUp":false,"depth":2,"value":-1,"x":342.311,"y":96.314,"angle":0},{"faceUp":false,"depth":2,"value":-1,"x":-165.249,"y":-225.251,"angle":0},{"faceUp":false,"depth":2,"value":-1,"x":-165.249,"y":-9.251000000000001,"angle":0},{"faceUp":true,"depth":3,"value":-1,"x":160.311,"y":6.314,"angle":0},{"faceUp":true,"depth":3,"value":-1,"x":160.311,"y":186.314,"angle":0},{"faceUp":true,"depth":3,"value":-1,"x":-35.249,"y":-117.251,"angle":0},{"faceUp":true,"depth":3,"value":-1,"x":30.311,"y":96.314,"angle":0},{"faceUp":true,"depth":3,"value":-1,"x":-360.249,"y":-117.251,"angle":0},{"faceUp":true,"depth":3,"value":-1,"x":368.311,"y":96.314,"angle":0},{"faceUp":true,"depth":3,"value":-1,"x":-165.249,"y":-207.251,"angle":0},{"faceUp":true,"depth":3,"value":-1,"x":-165.249,"y":-27.250999999999998,"angle":0}],"settings":{"disableCombo":false,"cost":2600,"reward":2750,"comboCoinReward":170,"undoCost":[650,975,1300],"stars":[30,200,300],"wildCost":[7800],"cardsInStack":[-1,-1,-1,-1,-1,-1,-1,-1,-1,-1,-1,-1,-1,-1,-1,-1,-1,-1],"comboBonus":[5,4,6,4],"extraCardCost":[5000,7550,10000]}}]],0,0,[],[],[]]