[1,0,0,[["cc.JsonAsset",["_name","json"],1]],[[0,0,1,3]],[[0,"23",{"cards":[{"faceUp":false,"depth":0,"value":-1,"x":20.533,"y":82.401,"angle":0},{"faceUp":false,"depth":0,"value":-1,"x":-222.836,"y":341.629,"angle":0},{"faceUp":false,"depth":0,"value":-1,"x":-222.836,"y":53.629,"angle":0},{"faceUp":false,"depth":0,"value":-1,"x":243.369,"y":351.896,"angle":0},{"faceUp":false,"depth":0,"value":1,"x":-222.836,"y":197.629,"angle":0},{"faceUp":false,"depth":0,"value":1,"x":20.533,"y":-61.599,"angle":0},{"faceUp":false,"depth":0,"value":1,"x":243.369,"y":207.896,"angle":0},{"faceUp":false,"depth":0,"value":-1,"x":-118.836,"y":197.629,"angle":0},{"faceUp":false,"depth":0,"value":-1,"x":20.533,"y":-205.599,"angle":0},{"faceUp":false,"depth":0,"value":-1,"x":243.369,"y":63.896,"angle":0},{"faceUp":false,"depth":0,"value":-1,"x":347.369,"y":207.896,"angle":0},{"faceUp":false,"depth":0,"value":-1,"x":124.533,"y":-61.599,"angle":0},{"faceUp":false,"depth":0,"value":-1,"x":139.369,"y":207.896,"angle":0},{"faceUp":false,"depth":0,"value":-1,"x":-326.836,"y":197.629,"angle":0},{"faceUp":false,"depth":0,"value":-1,"x":-83.467,"y":-61.599,"angle":0},{"faceUp":true,"depth":1,"value":-1,"x":191.369,"y":279.896,"angle":0},{"faceUp":true,"depth":1,"value":-1,"x":72.533,"y":-151.599,"angle":0},{"faceUp":true,"depth":1,"value":-1,"x":-44.467,"y":-151.599,"angle":0},{"faceUp":true,"depth":1,"value":-1,"x":308.369,"y":117.896,"angle":0},{"faceUp":true,"depth":1,"value":-1,"x":191.369,"y":117.896,"angle":0},{"faceUp":true,"depth":1,"value":-1,"x":308.369,"y":279.896,"angle":0},{"faceUp":true,"depth":1,"value":-1,"x":-274.836,"y":107.629,"angle":0},{"faceUp":true,"depth":1,"value":-1,"x":-157.836,"y":269.629,"angle":0},{"faceUp":true,"depth":1,"value":-1,"x":-274.836,"y":269.629,"angle":0},{"faceUp":true,"depth":1,"value":-1,"x":72.533,"y":10.401,"angle":0},{"faceUp":true,"depth":1,"value":-1,"x":-44.467,"y":10.401,"angle":0},{"faceUp":true,"depth":1,"value":-1,"x":-157.836,"y":107.629,"angle":0}],"settings":{"disableCombo":false,"cost":1500,"reward":1550,"comboCoinReward":100,"undoCost":[200,300,600],"stars":[30,100,200],"wildCost":[2000],"cardsInStack":[-1,-1,-1,-1,-1,-1,-1,-1,-1,-1,-1,-1,-1],"comboBonus":[5,4,6,4],"extraCardCost":[900,1350,1800]}}]],0,0,[],[],[]]