[1,0,0,[["cc.JsonAsset",["_name","json"],1]],[[0,0,1,3]],[[0,"147",{"cards":[{"faceUp":false,"depth":0,"value":-1,"x":52,"y":293.14,"angle":0},{"faceUp":false,"depth":0,"value":-1,"x":-208,"y":-115.03,"angle":0},{"faceUp":false,"depth":0,"value":-1,"x":-104,"y":-115.03,"angle":0},{"faceUp":false,"depth":0,"value":-1,"x":238,"y":-115.03,"angle":0},{"faceUp":false,"depth":0,"value":-1,"x":134,"y":-115.03,"angle":0},{"faceUp":false,"depth":1,"value":-1,"x":-13,"y":293.14,"angle":0},{"faceUp":false,"depth":1,"value":-1,"x":117,"y":293.14,"angle":0},{"faceUp":false,"depth":1,"value":-1,"x":-78,"y":-79.03,"angle":-5},{"faceUp":false,"depth":1,"value":-1,"x":-234,"y":-151.03,"angle":-5},{"faceUp":false,"depth":1,"value":-1,"x":264,"y":-79.03,"angle":-5},{"faceUp":false,"depth":1,"value":-1,"x":108,"y":-151.03,"angle":-5},{"faceUp":true,"depth":2,"value":-1,"x":-13,"y":401.14,"angle":0},{"faceUp":true,"depth":2,"value":-1,"x":117,"y":401.14,"angle":0},{"faceUp":true,"depth":2,"value":-1,"x":-13,"y":185.14,"angle":0},{"faceUp":true,"depth":2,"value":-1,"x":117,"y":185.14,"angle":0},{"faceUp":false,"depth":2,"value":-1,"x":-234,"y":-187.03,"angle":-10},{"faceUp":false,"depth":2,"value":-1,"x":-78,"y":-43.03,"angle":-15},{"faceUp":false,"depth":2,"value":-1,"x":264,"y":-43.03,"angle":-15},{"faceUp":false,"depth":2,"value":-1,"x":108,"y":-187.03,"angle":-10},{"faceUp":true,"depth":3,"value":-1,"x":-234,"y":-223.03,"angle":-20},{"faceUp":true,"depth":3,"value":-1,"x":-91,"y":-7.03,"angle":-20},{"faceUp":true,"depth":3,"value":-1,"x":251,"y":-7.03,"angle":-20},{"faceUp":true,"depth":3,"value":-1,"x":108,"y":-223.03,"angle":-20}],"settings":{"disableCombo":false,"cost":2200,"reward":2400,"comboCoinReward":170,"undoCost":[500,750,1000],"stars":[30,200,300],"wildCost":[6500],"cardsInStack":[-1,-1,-1,-1,-1,-1,-1,-1,-1,-1,-1,-1,-1,-1,-1],"comboBonus":[5,4,6,4],"extraCardCost":[4500,6750,9000]}}]],0,0,[],[],[]]