[1,0,0,[["cc.JsonAsset",["_name","json"],1]],[[0,0,1,3]],[[0,"269",{"cards":[{"faceUp":false,"depth":0,"value":-1,"x":-25.938,"y":338.645,"angle":0},{"faceUp":false,"depth":0,"value":-1,"x":78.062,"y":338.645,"angle":0},{"faceUp":false,"depth":0,"value":-1,"x":-25.938,"y":194.645,"angle":0},{"faceUp":false,"depth":0,"value":-1,"x":78.062,"y":194.645,"angle":0},{"faceUp":false,"depth":0,"value":-1,"x":134.512,"y":-1.196,"angle":0},{"faceUp":false,"depth":0,"value":-1,"x":264.512,"y":-1.196,"angle":0},{"faceUp":false,"depth":0,"value":-1,"x":-230.687,"y":-1.196,"angle":0},{"faceUp":false,"depth":0,"value":-1,"x":-100.687,"y":-1.196,"angle":0},{"faceUp":false,"depth":1,"value":-1,"x":26.062,"y":356.645,"angle":0},{"faceUp":false,"depth":1,"value":-1,"x":26.062,"y":176.645,"angle":0},{"faceUp":false,"depth":1,"value":-1,"x":199.512,"y":-91.196,"angle":0},{"faceUp":false,"depth":1,"value":-1,"x":82.512,"y":-145.196,"angle":0},{"faceUp":false,"depth":1,"value":-1,"x":316.512,"y":-145.196,"angle":0},{"faceUp":false,"depth":1,"value":-1,"x":-165.687,"y":-91.196,"angle":0},{"faceUp":false,"depth":1,"value":-1,"x":-282.687,"y":-145.196,"angle":0},{"faceUp":false,"depth":1,"value":-1,"x":-48.687,"y":-145.196,"angle":0},{"faceUp":true,"depth":2,"value":-1,"x":26.062,"y":266.645,"angle":0},{"faceUp":true,"depth":2,"value":-1,"x":251.512,"y":-163.196,"angle":0},{"faceUp":true,"depth":2,"value":-1,"x":147.512,"y":-163.196,"angle":0},{"faceUp":true,"depth":2,"value":-1,"x":-217.687,"y":-163.196,"angle":0},{"faceUp":true,"depth":2,"value":-1,"x":-113.687,"y":-163.196,"angle":0}],"settings":{"disableCombo":false,"cost":2700,"reward":2850,"comboCoinReward":170,"undoCost":[700,1050,1400],"stars":[30,200,300],"wildCost":[8000],"cardsInStack":[-1,-1,-1,-1,-1,-1,-1,-1,-1,-1,-1,-1,-1,-1],"comboBonus":[5,4,6,4],"extraCardCost":[5500,8250,11000]}}]],0,0,[],[],[]]