[1,0,0,[["cc.JsonAsset",["_name","json"],1]],[[0,0,1,3]],[[0,"33",{"cards":[{"faceUp":false,"depth":0,"value":-1,"x":98.536,"y":278.737,"angle":0},{"faceUp":false,"depth":0,"value":-1,"x":98.536,"y":26.737,"angle":0},{"faceUp":false,"depth":0,"value":-1,"x":-57.464,"y":26.737,"angle":0},{"faceUp":false,"depth":0,"value":-1,"x":-57.464,"y":278.737,"angle":0},{"faceUp":false,"depth":0,"value":-1,"x":254.536,"y":26.737,"angle":0},{"faceUp":false,"depth":0,"value":-1,"x":254.536,"y":278.737,"angle":0},{"faceUp":false,"depth":0,"value":-1,"x":-213.464,"y":278.737,"angle":0},{"faceUp":false,"depth":0,"value":-1,"x":-213.464,"y":26.737,"angle":0},{"faceUp":false,"depth":1,"value":-1,"x":98.536,"y":260.737,"angle":0},{"faceUp":false,"depth":1,"value":-1,"x":98.536,"y":44.737,"angle":0},{"faceUp":false,"depth":1,"value":-1,"x":-57.464,"y":44.737,"angle":0},{"faceUp":false,"depth":1,"value":-1,"x":-57.464,"y":260.737,"angle":0},{"faceUp":false,"depth":1,"value":-1,"x":254.536,"y":44.737,"angle":0},{"faceUp":false,"depth":1,"value":-1,"x":254.536,"y":260.737,"angle":0},{"faceUp":false,"depth":1,"value":-1,"x":-213.464,"y":260.737,"angle":0},{"faceUp":false,"depth":1,"value":-1,"x":-213.464,"y":44.737,"angle":0},{"faceUp":false,"depth":2,"value":-1,"x":254.536,"y":62.737,"angle":0},{"faceUp":false,"depth":2,"value":-1,"x":98.536,"y":62.737,"angle":0},{"faceUp":false,"depth":2,"value":-1,"x":-57.464,"y":242.737,"angle":0},{"faceUp":false,"depth":2,"value":-1,"x":254.536,"y":242.737,"angle":0},{"faceUp":false,"depth":2,"value":-1,"x":-213.464,"y":242.737,"angle":0},{"faceUp":false,"depth":2,"value":-1,"x":-57.464,"y":62.737,"angle":0},{"faceUp":false,"depth":2,"value":-1,"x":-213.464,"y":62.737,"angle":0},{"faceUp":false,"depth":2,"value":-1,"x":98.536,"y":242.737,"angle":0},{"faceUp":false,"depth":3,"value":-1,"x":98.536,"y":224.737,"angle":0},{"faceUp":false,"depth":3,"value":-1,"x":98.536,"y":80.737,"angle":0},{"faceUp":false,"depth":3,"value":-1,"x":-57.464,"y":80.737,"angle":0},{"faceUp":false,"depth":3,"value":-1,"x":-57.464,"y":224.737,"angle":0},{"faceUp":false,"depth":3,"value":-1,"x":254.536,"y":80.737,"angle":0},{"faceUp":false,"depth":3,"value":-1,"x":254.536,"y":224.737,"angle":0},{"faceUp":false,"depth":3,"value":-1,"x":-213.464,"y":224.737,"angle":0},{"faceUp":false,"depth":3,"value":-1,"x":-213.464,"y":80.737,"angle":0},{"faceUp":false,"depth":4,"value":-1,"x":98.536,"y":206.737,"angle":0},{"faceUp":false,"depth":4,"value":-1,"x":-57.464,"y":206.737,"angle":0},{"faceUp":false,"depth":4,"value":-1,"x":254.536,"y":206.737,"angle":0},{"faceUp":false,"depth":4,"value":-1,"x":-213.464,"y":206.737,"angle":0},{"faceUp":true,"depth":5,"value":-1,"x":98.536,"y":98.737,"angle":0},{"faceUp":true,"depth":5,"value":-1,"x":-57.464,"y":98.737,"angle":0},{"faceUp":true,"depth":5,"value":-1,"x":254.536,"y":98.737,"angle":0},{"faceUp":true,"depth":5,"value":-1,"x":-213.464,"y":98.737,"angle":0}],"settings":{"disableCombo":false,"cost":1500,"reward":1550,"comboCoinReward":100,"undoCost":[200,300,600],"stars":[30,100,200],"wildCost":[2000],"cardsInStack":[-1,-1,-1,-1,-1,-1,-1,-1,-1,-1,-1,-1,-1,-1,-1,-1,-1,-1,-1,-1,-1,-1,-1,-1,-1,-1,-1,-1],"comboBonus":[5,4,6,4],"extraCardCost":[1500,2250,3000]}}]],0,0,[],[],[]]