[1,0,0,[["cc.JsonAsset",["_name","json"],1]],[[0,0,1,3]],[[0,"295",{"cards":[{"faceUp":false,"depth":0,"value":-1,"x":-303.365,"y":369.625,"angle":0},{"faceUp":false,"depth":0,"value":-1,"x":-303.365,"y":189.625,"angle":0},{"faceUp":false,"depth":0,"value":-1,"x":307.166,"y":-98.027,"angle":0},{"faceUp":false,"depth":0,"value":-1,"x":307.166,"y":-278.027,"angle":0},{"faceUp":false,"depth":1,"value":-1,"x":-277.365,"y":387.625,"angle":0},{"faceUp":false,"depth":1,"value":-1,"x":-277.365,"y":171.625,"angle":0},{"faceUp":false,"depth":1,"value":-1,"x":281.166,"y":-80.027,"angle":0},{"faceUp":false,"depth":1,"value":-1,"x":281.166,"y":-296.027,"angle":0},{"faceUp":false,"depth":2,"value":-1,"x":-251.365,"y":405.625,"angle":0},{"faceUp":false,"depth":2,"value":-1,"x":255.166,"y":-62.027,"angle":0},{"faceUp":false,"depth":2,"value":-1,"x":255.166,"y":-314.027,"angle":0},{"faceUp":false,"depth":2,"value":-1,"x":-251.365,"y":153.625,"angle":0},{"faceUp":false,"depth":3,"value":-1,"x":-186.365,"y":135.625,"angle":0},{"faceUp":false,"depth":3,"value":-1,"x":190.166,"y":-44.027,"angle":0},{"faceUp":false,"depth":3,"value":-1,"x":190.166,"y":-332.027,"angle":0},{"faceUp":false,"depth":3,"value":-1,"x":-186.365,"y":423.625,"angle":0},{"faceUp":false,"depth":3,"value":-1,"x":-251.365,"y":279.625,"angle":0},{"faceUp":false,"depth":3,"value":-1,"x":255.166,"y":-188.027,"angle":0},{"faceUp":false,"depth":4,"value":-1,"x":-199.365,"y":279.625,"angle":0},{"faceUp":false,"depth":4,"value":-1,"x":203.166,"y":-188.027,"angle":0},{"faceUp":false,"depth":4,"value":-1,"x":-108.365,"y":423.625,"angle":0},{"faceUp":false,"depth":4,"value":-1,"x":-108.365,"y":135.625,"angle":0},{"faceUp":false,"depth":4,"value":-1,"x":112.166,"y":-44.027,"angle":0},{"faceUp":false,"depth":4,"value":-1,"x":112.166,"y":-332.027,"angle":0},{"faceUp":true,"depth":5,"value":-1,"x":-147.365,"y":279.625,"angle":0},{"faceUp":true,"depth":5,"value":-1,"x":151.166,"y":-188.027,"angle":0},{"faceUp":false,"depth":5,"value":-1,"x":-17.365,"y":423.625,"angle":0},{"faceUp":false,"depth":5,"value":-1,"x":-17.365,"y":135.625,"angle":0},{"faceUp":false,"depth":5,"value":-1,"x":21.166,"y":-44.027,"angle":0},{"faceUp":false,"depth":5,"value":-1,"x":21.166,"y":-332.027,"angle":0},{"faceUp":true,"depth":6,"value":-1,"x":60.635,"y":405.625,"angle":0},{"faceUp":false,"depth":6,"value":-1,"x":-56.834,"y":-62.027,"angle":0},{"faceUp":false,"depth":6,"value":-1,"x":60.635,"y":153.625,"angle":0},{"faceUp":true,"depth":6,"value":-1,"x":-56.834,"y":-314.027,"angle":0},{"faceUp":true,"depth":7,"value":-1,"x":115.037,"y":171.625,"angle":0},{"faceUp":true,"depth":7,"value":-1,"x":-117.937,"y":-80.027,"angle":0}],"settings":{"disableCombo":false,"cost":2700,"reward":2850,"comboCoinReward":170,"undoCost":[700,1050,1400],"stars":[30,200,300],"wildCost":[8000],"cardsInStack":[-1,-1,-1,-1,-1,-1,-1,-1,-1,-1,-1,-1,-1,-1,-1,-1,-1,-1,-1,-1,-1,-1,-1,-1,-1,-1],"comboBonus":[5,4,6,4],"extraCardCost":[5500,8250,11000]}}]],0,0,[],[],[]]