[1,0,0,[["cc.JsonAsset",["_name","json"],1]],[[0,0,1,3]],[[0,"119",{"cards":[{"faceUp":false,"depth":0,"value":-1,"x":86.966,"y":-0.683,"angle":0},{"faceUp":false,"depth":0,"value":-1,"x":86.966,"y":-144.683,"angle":0},{"faceUp":false,"depth":0,"value":-1,"x":346.966,"y":-0.683,"angle":0},{"faceUp":false,"depth":0,"value":-1,"x":346.966,"y":-144.683,"angle":0},{"faceUp":false,"depth":0,"value":-1,"x":-333.44,"y":-0.683,"angle":0},{"faceUp":false,"depth":0,"value":-1,"x":-333.44,"y":-144.683,"angle":0},{"faceUp":false,"depth":0,"value":-1,"x":-73.44,"y":-144.683,"angle":0},{"faceUp":false,"depth":0,"value":-1,"x":-73.44,"y":-0.683,"angle":0},{"faceUp":false,"depth":0,"value":-1,"x":0,"y":364.296,"angle":0},{"faceUp":false,"depth":1,"value":-1,"x":151.966,"y":-36.683,"angle":0},{"faceUp":false,"depth":1,"value":-1,"x":151.966,"y":-180.683,"angle":0},{"faceUp":false,"depth":1,"value":-1,"x":281.966,"y":-36.683,"angle":0},{"faceUp":false,"depth":1,"value":-1,"x":281.966,"y":-180.683,"angle":0},{"faceUp":false,"depth":1,"value":-1,"x":-268.44,"y":-36.683,"angle":0},{"faceUp":false,"depth":1,"value":-1,"x":-268.44,"y":-180.683,"angle":0},{"faceUp":false,"depth":1,"value":-1,"x":-138.44,"y":-180.683,"angle":0},{"faceUp":false,"depth":1,"value":-1,"x":-138.44,"y":-36.683,"angle":0},{"faceUp":false,"depth":1,"value":-1,"x":0,"y":328.296,"angle":0},{"faceUp":true,"depth":2,"value":-1,"x":216.966,"y":-72.683,"angle":0},{"faceUp":true,"depth":2,"value":-1,"x":216.966,"y":-216.683,"angle":0},{"faceUp":true,"depth":2,"value":-1,"x":-203.44,"y":-216.683,"angle":0},{"faceUp":true,"depth":2,"value":-1,"x":-203.44,"y":-72.683,"angle":0},{"faceUp":false,"depth":2,"value":-1,"x":0,"y":292.296,"angle":0},{"faceUp":false,"depth":3,"value":-1,"x":0,"y":256.296,"angle":0},{"faceUp":false,"depth":4,"value":-1,"x":0,"y":220.296,"angle":0},{"faceUp":true,"depth":5,"value":-1,"x":0,"y":184.296,"angle":0}],"settings":{"disableCombo":false,"cost":2200,"reward":2400,"comboCoinReward":170,"undoCost":[500,750,1000],"stars":[30,200,300],"wildCost":[6500],"cardsInStack":[-1,-1,-1,-1,-1,-1,-1,-1,-1,-1,-1,-1,-1,-1,-1,-1,-1,-1],"comboBonus":[5,4,6,4],"extraCardCost":[4500,6750,9000]}}]],0,0,[],[],[]]