[1,0,0,[["cc.JsonAsset",["_name","json"],1]],[[0,0,1,3]],[[0,"210",{"cards":[{"faceUp":false,"depth":0,"value":-1,"x":-219.001,"y":74,"angle":0},{"faceUp":false,"depth":0,"value":-1,"x":-336.001,"y":74,"angle":0},{"faceUp":false,"depth":0,"value":-1,"x":107.32499999999999,"y":-106,"angle":0},{"faceUp":false,"depth":0,"value":-1,"x":-102.001,"y":74,"angle":0},{"faceUp":false,"depth":0,"value":-1,"x":-336.001,"y":-106,"angle":0},{"faceUp":false,"depth":0,"value":-1,"x":-219.001,"y":-106,"angle":0},{"faceUp":false,"depth":0,"value":-1,"x":-102.001,"y":-106,"angle":0},{"faceUp":false,"depth":0,"value":-1,"x":107.32499999999999,"y":74,"angle":0},{"faceUp":false,"depth":0,"value":-1,"x":341.325,"y":74,"angle":0},{"faceUp":false,"depth":0,"value":-1,"x":224.325,"y":-106,"angle":0},{"faceUp":false,"depth":0,"value":-1,"x":341.325,"y":-106,"angle":0},{"faceUp":false,"depth":0,"value":-1,"x":224.325,"y":74,"angle":0},{"faceUp":false,"depth":1,"value":-1,"x":159.325,"y":56,"angle":0},{"faceUp":false,"depth":1,"value":-1,"x":-154.001,"y":56,"angle":0},{"faceUp":false,"depth":1,"value":-1,"x":289.325,"y":56,"angle":0},{"faceUp":false,"depth":1,"value":-1,"x":159.325,"y":-88,"angle":0},{"faceUp":false,"depth":1,"value":-1,"x":289.325,"y":-88,"angle":0},{"faceUp":false,"depth":1,"value":-1,"x":-154.001,"y":-88,"angle":0},{"faceUp":false,"depth":1,"value":-1,"x":-284.001,"y":-88,"angle":0},{"faceUp":false,"depth":1,"value":-1,"x":-284.001,"y":56,"angle":0},{"faceUp":false,"depth":2,"value":-1,"x":172.325,"y":-88,"angle":0},{"faceUp":false,"depth":2,"value":-1,"x":172.325,"y":56,"angle":0},{"faceUp":false,"depth":2,"value":-1,"x":276.325,"y":56,"angle":0},{"faceUp":false,"depth":2,"value":1,"x":66,"y":289.943,"angle":0},{"faceUp":false,"depth":2,"value":1,"x":-64,"y":289.943,"angle":0},{"faceUp":false,"depth":2,"value":-1,"x":276.325,"y":-88,"angle":0},{"faceUp":false,"depth":2,"value":-1,"x":-271.001,"y":56,"angle":0},{"faceUp":false,"depth":2,"value":-1,"x":-167.001,"y":56,"angle":0},{"faceUp":false,"depth":2,"value":-1,"x":-271.001,"y":-88,"angle":0},{"faceUp":false,"depth":2,"value":-1,"x":-167.001,"y":-88,"angle":0},{"faceUp":true,"depth":3,"value":11,"x":-64,"y":253.94299999999998,"angle":0},{"faceUp":true,"depth":3,"value":11,"x":66,"y":253.94299999999998,"angle":0},{"faceUp":true,"depth":3,"value":-1,"x":-219.001,"y":-16,"angle":0},{"faceUp":true,"depth":3,"value":-1,"x":237.325,"y":-16,"angle":0}],"settings":{"disableCombo":false,"cost":2600,"reward":2750,"comboCoinReward":170,"undoCost":[650,975,1300],"stars":[30,200,300],"wildCost":[7800],"cardsInStack":[-1,-1,-1,-1,-1,-1,-1,-1,-1,-1,-1,-1,-1,-1,-1,-1,-1,-1,-1,-1,-1,-1,-1,-1],"comboBonus":[5,4,6,4],"extraCardCost":[5000,7550,10000]}}]],0,0,[],[],[]]