[1,0,0,[["cc.JsonAsset",["_name","json"],1]],[[0,0,1,3]],[[0,"267",{"cards":[{"faceUp":false,"depth":0,"value":-1,"x":-192.471,"y":148.568,"angle":0},{"faceUp":false,"depth":0,"value":-1,"x":-322.471,"y":148.568,"angle":0},{"faceUp":false,"depth":0,"value":-1,"x":-62.471,"y":148.568,"angle":0},{"faceUp":false,"depth":0,"value":-1,"x":67.529,"y":148.568,"angle":0},{"faceUp":false,"depth":0,"value":-1,"x":70.241,"y":-75.185,"angle":0},{"faceUp":false,"depth":0,"value":-1,"x":-59.759,"y":-75.185,"angle":0},{"faceUp":false,"depth":0,"value":-1,"x":330.241,"y":-75.185,"angle":0},{"faceUp":false,"depth":0,"value":-1,"x":200.241,"y":-75.185,"angle":0},{"faceUp":false,"depth":1,"value":-1,"x":-257.471,"y":166.568,"angle":0},{"faceUp":false,"depth":1,"value":-1,"x":-127.471,"y":166.568,"angle":0},{"faceUp":false,"depth":1,"value":-1,"x":2.529,"y":166.568,"angle":0},{"faceUp":false,"depth":1,"value":-1,"x":5.241,"y":-57.185,"angle":0},{"faceUp":false,"depth":1,"value":-1,"x":135.241,"y":-57.185,"angle":0},{"faceUp":false,"depth":1,"value":-1,"x":265.241,"y":-57.185,"angle":0},{"faceUp":true,"depth":2,"value":-1,"x":-205.471,"y":184.568,"angle":0},{"faceUp":true,"depth":2,"value":-1,"x":-335.471,"y":184.568,"angle":0},{"faceUp":true,"depth":2,"value":-1,"x":54.529,"y":184.568,"angle":0},{"faceUp":true,"depth":2,"value":-1,"x":-75.471,"y":184.568,"angle":0},{"faceUp":true,"depth":2,"value":-1,"x":57.241,"y":-39.185,"angle":0},{"faceUp":true,"depth":2,"value":-1,"x":-72.759,"y":-39.185,"angle":0},{"faceUp":true,"depth":2,"value":-1,"x":317.241,"y":-39.185,"angle":0},{"faceUp":true,"depth":2,"value":-1,"x":187.241,"y":-39.185,"angle":0}],"settings":{"disableCombo":false,"cost":2700,"reward":2850,"comboCoinReward":170,"undoCost":[700,1050,1400],"stars":[30,200,300],"wildCost":[8000],"cardsInStack":[-1,-1,-1,-1,-1,-1,-1,-1,-1,-1,-1,-1,-1,-1,-1],"comboBonus":[5,4,6,4],"extraCardCost":[5500,8250,11000]}}]],0,0,[],[],[]]