[1,0,0,[["cc.JsonAsset",["_name","json"],1]],[[0,0,1,3]],[[0,"130",{"cards":[{"faceUp":false,"depth":0,"value":-1,"x":-245,"y":201.859,"angle":0},{"faceUp":false,"depth":0,"value":-1,"x":-245,"y":21.859,"angle":0},{"faceUp":false,"depth":0,"value":-1,"x":15,"y":21.859,"angle":0},{"faceUp":false,"depth":0,"value":-1,"x":15,"y":201.859,"angle":0},{"faceUp":false,"depth":0,"value":-1,"x":275,"y":21.859,"angle":0},{"faceUp":false,"depth":0,"value":-1,"x":275,"y":201.859,"angle":0},{"faceUp":false,"depth":1,"value":-1,"x":-310,"y":111.859,"angle":0},{"faceUp":false,"depth":1,"value":-1,"x":-180,"y":111.859,"angle":0},{"faceUp":false,"depth":1,"value":-1,"x":80,"y":111.859,"angle":0},{"faceUp":false,"depth":1,"value":-1,"x":-50,"y":111.859,"angle":0},{"faceUp":false,"depth":1,"value":-1,"x":340,"y":111.859,"angle":0},{"faceUp":false,"depth":1,"value":-1,"x":210,"y":111.859,"angle":0},{"faceUp":false,"depth":2,"value":-1,"x":-271,"y":201.859,"angle":-20},{"faceUp":false,"depth":2,"value":-1,"x":-271,"y":21.859,"angle":20},{"faceUp":false,"depth":2,"value":-1,"x":-11,"y":21.859,"angle":20},{"faceUp":false,"depth":2,"value":-1,"x":-11,"y":201.859,"angle":-20},{"faceUp":false,"depth":2,"value":-1,"x":249,"y":21.859,"angle":20},{"faceUp":false,"depth":2,"value":-1,"x":249,"y":201.859,"angle":-20},{"faceUp":true,"depth":3,"value":-1,"x":-310,"y":201.859,"angle":-35},{"faceUp":true,"depth":3,"value":-1,"x":-310,"y":21.859,"angle":35},{"faceUp":true,"depth":3,"value":-1,"x":-50,"y":21.859,"angle":35},{"faceUp":true,"depth":3,"value":-1,"x":-50,"y":201.859,"angle":-35},{"faceUp":true,"depth":3,"value":-1,"x":210,"y":21.859,"angle":35},{"faceUp":true,"depth":3,"value":-1,"x":210,"y":201.859,"angle":-35}],"settings":{"disableCombo":false,"cost":2200,"reward":2400,"comboCoinReward":170,"undoCost":[500,750,1000],"stars":[30,200,300],"wildCost":[6500],"cardsInStack":[-1,-1,-1,-1,-1,-1,-1,-1,-1,-1,-1,-1,-1,-1,-1,-1,-1,-1,-1],"comboBonus":[5,4,6,4],"extraCardCost":[4500,6750,9000]}}]],0,0,[],[],[]]