[1,0,0,[["cc.JsonAsset",["_name","json"],1]],[[0,0,1,3]],[[0,"233",{"cards":[{"faceUp":false,"depth":0,"value":-1,"x":92.384,"y":99,"angle":0},{"faceUp":false,"depth":0,"value":-1,"x":-89.616,"y":99,"angle":0},{"faceUp":false,"depth":0,"value":-1,"x":1.3840000000000003,"y":-63,"angle":0},{"faceUp":false,"depth":0,"value":-1,"x":-206.616,"y":-81,"angle":-30},{"faceUp":false,"depth":0,"value":-1,"x":209.384,"y":-81,"angle":30},{"faceUp":false,"depth":1,"value":-1,"x":-128.616,"y":99,"angle":0},{"faceUp":false,"depth":1,"value":-1,"x":131.38400000000001,"y":99,"angle":0},{"faceUp":false,"depth":1,"value":-1,"x":1.3840000000000003,"y":-81,"angle":0},{"faceUp":false,"depth":1,"value":-1,"x":248.384,"y":-81,"angle":30},{"faceUp":false,"depth":1,"value":-1,"x":-245.616,"y":-81,"angle":-30},{"faceUp":false,"depth":2,"value":-1,"x":-167.616,"y":99,"angle":0},{"faceUp":false,"depth":2,"value":-1,"x":170.384,"y":99,"angle":0},{"faceUp":true,"depth":2,"value":-1,"x":1.3840000000000003,"y":-99,"angle":0},{"faceUp":false,"depth":2,"value":-1,"x":287.384,"y":-81,"angle":30},{"faceUp":false,"depth":2,"value":-1,"x":-284.616,"y":-81,"angle":-30},{"faceUp":true,"depth":3,"value":-1,"x":-206.616,"y":99,"angle":0},{"faceUp":true,"depth":3,"value":-1,"x":209.384,"y":99,"angle":0},{"faceUp":true,"depth":3,"value":-1,"x":326.384,"y":-81,"angle":30},{"faceUp":true,"depth":3,"value":-1,"x":-323.616,"y":-81,"angle":-30}],"settings":{"disableCombo":false,"cost":2600,"reward":2750,"comboCoinReward":170,"undoCost":[650,975,1300],"stars":[30,200,300],"wildCost":[7800],"cardsInStack":[-1,-1,-1,-1,-1,-1,-1,-1,-1,-1,-1,-1,-1],"comboBonus":[5,4,6,4],"extraCardCost":[5000,7550,10000]}}]],0,0,[],[],[]]