[1,0,0,[["cc.JsonAsset",["_name","json"],1]],[[0,0,1,3]],[[0,"46",{"cards":[{"faceUp":false,"depth":0,"value":-1,"x":137.533,"y":-110.365,"angle":0},{"faceUp":false,"depth":0,"value":-1,"x":102.404,"y":300.383,"angle":0},{"faceUp":false,"depth":0,"value":-1,"x":-63.471,"y":302.27,"angle":0},{"faceUp":false,"depth":0,"value":-1,"x":336.404,"y":300.383,"angle":0},{"faceUp":false,"depth":0,"value":-1,"x":-297.471,"y":302.27,"angle":0},{"faceUp":false,"depth":0,"value":-1,"x":-96.467,"y":-110.365,"angle":0},{"faceUp":false,"depth":1,"value":-1,"x":-83.467,"y":-200.365,"angle":0},{"faceUp":false,"depth":1,"value":-1,"x":-76.471,"y":212.27,"angle":0},{"faceUp":false,"depth":1,"value":-1,"x":-284.471,"y":212.27,"angle":0},{"faceUp":false,"depth":1,"value":-1,"x":323.404,"y":210.383,"angle":0},{"faceUp":false,"depth":1,"value":-1,"x":115.404,"y":210.383,"angle":0},{"faceUp":false,"depth":1,"value":-1,"x":124.533,"y":-200.365,"angle":0},{"faceUp":false,"depth":1,"value":-1,"x":-83.467,"y":-20.365,"angle":0},{"faceUp":false,"depth":1,"value":-1,"x":-76.471,"y":392.27,"angle":0},{"faceUp":false,"depth":1,"value":-1,"x":-284.471,"y":392.27,"angle":0},{"faceUp":false,"depth":1,"value":-1,"x":323.404,"y":390.383,"angle":0},{"faceUp":false,"depth":1,"value":-1,"x":115.404,"y":390.383,"angle":0},{"faceUp":false,"depth":1,"value":-1,"x":124.533,"y":-20.365,"angle":0},{"faceUp":false,"depth":2,"value":-1,"x":-57.467,"y":-218.365,"angle":0},{"faceUp":false,"depth":2,"value":-1,"x":-102.471,"y":194.27,"angle":0},{"faceUp":false,"depth":2,"value":-1,"x":-258.471,"y":194.27,"angle":0},{"faceUp":false,"depth":2,"value":-1,"x":297.404,"y":192.383,"angle":0},{"faceUp":false,"depth":2,"value":-1,"x":141.404,"y":192.383,"angle":0},{"faceUp":false,"depth":2,"value":-1,"x":98.533,"y":-218.365,"angle":0},{"faceUp":false,"depth":2,"value":-1,"x":-57.467,"y":-2.365,"angle":0},{"faceUp":false,"depth":2,"value":-1,"x":-102.471,"y":410.27,"angle":0},{"faceUp":false,"depth":2,"value":-1,"x":-258.471,"y":410.27,"angle":0},{"faceUp":false,"depth":2,"value":-1,"x":297.404,"y":408.383,"angle":0},{"faceUp":false,"depth":2,"value":-1,"x":141.404,"y":408.383,"angle":0},{"faceUp":false,"depth":2,"value":-1,"x":98.533,"y":-2.365,"angle":0},{"faceUp":true,"depth":3,"value":-1,"x":72.533,"y":-236.365,"angle":0},{"faceUp":true,"depth":3,"value":-1,"x":167.404,"y":174.383,"angle":0},{"faceUp":true,"depth":3,"value":-1,"x":271.404,"y":174.383,"angle":0},{"faceUp":true,"depth":3,"value":-1,"x":-232.471,"y":176.27,"angle":0},{"faceUp":true,"depth":3,"value":-1,"x":-128.471,"y":176.27,"angle":0},{"faceUp":true,"depth":3,"value":-1,"x":-31.467,"y":-236.365,"angle":0},{"faceUp":true,"depth":3,"value":-1,"x":-31.467,"y":15.635,"angle":0},{"faceUp":true,"depth":3,"value":-1,"x":-128.471,"y":428.27,"angle":0},{"faceUp":true,"depth":3,"value":-1,"x":-232.471,"y":428.27,"angle":0},{"faceUp":true,"depth":3,"value":-1,"x":167.404,"y":426.383,"angle":0},{"faceUp":true,"depth":3,"value":-1,"x":271.404,"y":426.383,"angle":0},{"faceUp":true,"depth":3,"value":-1,"x":72.533,"y":15.635,"angle":0}],"settings":{"disableCombo":false,"cost":1500,"reward":1550,"comboCoinReward":100,"undoCost":[300,450,600],"stars":[30,100,200],"wildCost":[3000],"cardsInStack":[-1,-1,-1,-1,-1,-1,-1,-1,-1,-1,-1,-1,-1,-1,-1,-1,-1,-1,-1,-1,-1,-1,-1,-1,-1,-1,-1,-1],"comboBonus":[5,4,6,4],"extraCardCost":[2000,3000,4000]}}]],0,0,[],[],[]]