[1,0,0,[["cc.JsonAsset",["_name","json"],1]],[[0,0,1,3]],[[0,"287",{"cards":[{"faceUp":false,"depth":0,"value":-1,"x":-138.985,"y":272.92,"angle":0},{"faceUp":false,"depth":0,"value":-1,"x":150.245,"y":272.92,"angle":0},{"faceUp":false,"depth":0,"value":-1,"x":-202.37,"y":-142.589,"angle":0},{"faceUp":false,"depth":0,"value":-1,"x":213.63,"y":-142.589,"angle":0},{"faceUp":false,"depth":1,"value":-1,"x":-216.985,"y":218.92,"angle":0},{"faceUp":false,"depth":1,"value":-1,"x":228.245,"y":218.92,"angle":0},{"faceUp":false,"depth":1,"value":-1,"x":161.63,"y":-142.589,"angle":0},{"faceUp":false,"depth":1,"value":-1,"x":5.63,"y":73.411,"angle":0},{"faceUp":false,"depth":1,"value":-1,"x":-150.37,"y":-142.589,"angle":0},{"faceUp":false,"depth":2,"value":-1,"x":-294.985,"y":164.92,"angle":0},{"faceUp":false,"depth":2,"value":-1,"x":306.245,"y":164.92,"angle":0},{"faceUp":false,"depth":2,"value":-1,"x":109.63,"y":-142.589,"angle":0},{"faceUp":false,"depth":2,"value":-1,"x":5.63,"y":37.411,"angle":0},{"faceUp":false,"depth":2,"value":-1,"x":-98.37,"y":-142.589,"angle":0},{"faceUp":false,"depth":3,"value":-1,"x":-268.985,"y":74.92,"angle":0},{"faceUp":false,"depth":3,"value":-1,"x":280.245,"y":74.92,"angle":0},{"faceUp":false,"depth":3,"value":-1,"x":57.63,"y":-142.589,"angle":0},{"faceUp":false,"depth":3,"value":-1,"x":5.63,"y":1.4109999999999996,"angle":0},{"faceUp":false,"depth":3,"value":-1,"x":-46.37,"y":-142.589,"angle":0},{"faceUp":false,"depth":4,"value":-1,"x":5.63,"y":-34.589,"angle":0},{"faceUp":true,"depth":4,"value":-1,"x":-203.985,"y":38.92,"angle":0},{"faceUp":true,"depth":4,"value":-1,"x":215.245,"y":38.92,"angle":0},{"faceUp":true,"depth":5,"value":-1,"x":5.63,"y":-70.589,"angle":0}],"settings":{"disableCombo":false,"cost":2700,"reward":2850,"comboCoinReward":170,"undoCost":[700,1050,1400],"stars":[30,200,300],"wildCost":[8000],"cardsInStack":[-1,-1,-1,-1,-1,-1,-1,-1,-1,-1,-1,-1,-1,-1,-1,-1,-1,-1],"comboBonus":[5,4,6,4],"extraCardCost":[5500,8250,11000]}}]],0,0,[],[],[]]