[1,0,0,[["cc.JsonAsset",["_name","json"],1]],[[0,0,1,3]],[[0,"202",{"cards":[{"faceUp":false,"depth":0,"value":-1,"x":255.266,"y":-59.409,"angle":0},{"faceUp":false,"depth":0,"value":-1,"x":255.266,"y":-203.409,"angle":0},{"faceUp":false,"depth":0,"value":-1,"x":255.266,"y":84.591,"angle":0},{"faceUp":false,"depth":1,"value":-1,"x":190.266,"y":-59.409,"angle":0},{"faceUp":false,"depth":1,"value":-1,"x":190.266,"y":-203.409,"angle":0},{"faceUp":false,"depth":1,"value":-1,"x":190.266,"y":84.591,"angle":0},{"faceUp":false,"depth":2,"value":-1,"x":125.266,"y":-59.409,"angle":0},{"faceUp":false,"depth":2,"value":-1,"x":125.266,"y":-203.409,"angle":0},{"faceUp":false,"depth":2,"value":-1,"x":125.266,"y":84.591,"angle":0},{"faceUp":false,"depth":3,"value":-1,"x":60.266,"y":-59.409,"angle":0},{"faceUp":false,"depth":3,"value":-1,"x":60.266,"y":-203.409,"angle":0},{"faceUp":false,"depth":3,"value":-1,"x":60.266,"y":84.591,"angle":0},{"faceUp":false,"depth":3,"value":-1,"x":-130.744,"y":278.539,"angle":-20},{"faceUp":false,"depth":3,"value":-1,"x":-143.744,"y":440.539,"angle":-20},{"faceUp":true,"depth":4,"value":-1,"x":-4.734,"y":-59.409,"angle":0},{"faceUp":false,"depth":4,"value":-1,"x":-4.734,"y":-203.409,"angle":0},{"faceUp":false,"depth":4,"value":-1,"x":-4.734,"y":84.591,"angle":0},{"faceUp":false,"depth":4,"value":-1,"x":-65.744,"y":296.539,"angle":-15},{"faceUp":false,"depth":4,"value":-1,"x":-78.744,"y":458.539,"angle":-15},{"faceUp":false,"depth":5,"value":-1,"x":-69.734,"y":-203.409,"angle":0},{"faceUp":false,"depth":5,"value":-1,"x":-69.734,"y":84.591,"angle":0},{"faceUp":false,"depth":5,"value":-1,"x":12.256,"y":314.539,"angle":-10},{"faceUp":false,"depth":5,"value":-1,"x":-0.744,"y":476.539,"angle":-10},{"faceUp":false,"depth":6,"value":-1,"x":-134.734,"y":-203.409,"angle":0},{"faceUp":false,"depth":6,"value":-1,"x":-134.734,"y":84.591,"angle":0},{"faceUp":false,"depth":6,"value":-1,"x":90.256,"y":314.539,"angle":-3},{"faceUp":false,"depth":6,"value":-1,"x":77.256,"y":476.539,"angle":-3},{"faceUp":true,"depth":7,"value":-1,"x":-199.734,"y":-203.409,"angle":0},{"faceUp":true,"depth":7,"value":-1,"x":-199.734,"y":84.591,"angle":0},{"faceUp":true,"depth":7,"value":-1,"x":155.256,"y":314.539,"angle":10},{"faceUp":true,"depth":7,"value":-1,"x":142.256,"y":476.539,"angle":10}],"settings":{"disableCombo":false,"cost":2500,"reward":2650,"comboCoinReward":170,"undoCost":[650,975,1300],"stars":[30,200,300],"wildCost":[7500],"cardsInStack":[-1,-1,-1,-1,-1,-1,-1,-1,-1,-1,-1,-1,-1,-1,-1,-1,-1,-1,-1,-1],"comboBonus":[5,4,6,4],"extraCardCost":[5000,7550,10000]}}]],0,0,[],[],[]]