[1,0,0,[["cc.JsonAsset",["_name","json"],1]],[[0,0,1,3]],[[0,"24",{"cards":[{"faceUp":false,"depth":0,"value":-1,"x":326.836,"y":28.502,"angle":0},{"faceUp":false,"depth":0,"value":-1,"x":326.836,"y":-115.498,"angle":0},{"faceUp":false,"depth":0,"value":-1,"x":326.836,"y":-259.498,"angle":0},{"faceUp":false,"depth":0,"value":-1,"x":-303.737,"y":421.195,"angle":0},{"faceUp":false,"depth":0,"value":-1,"x":-303.737,"y":277.195,"angle":0},{"faceUp":false,"depth":0,"value":-1,"x":-303.737,"y":133.195,"angle":0},{"faceUp":false,"depth":1,"value":-1,"x":261.836,"y":-43.498,"angle":0},{"faceUp":false,"depth":1,"value":-1,"x":261.836,"y":-187.498,"angle":0},{"faceUp":false,"depth":1,"value":-1,"x":-238.737,"y":205.195,"angle":0},{"faceUp":false,"depth":1,"value":-1,"x":-238.737,"y":349.195,"angle":0},{"faceUp":false,"depth":2,"value":-1,"x":196.836,"y":-259.498,"angle":0},{"faceUp":false,"depth":2,"value":1,"x":196.836,"y":-115.498,"angle":0},{"faceUp":false,"depth":2,"value":1,"x":-173.737,"y":277.195,"angle":0},{"faceUp":false,"depth":2,"value":-1,"x":-173.737,"y":421.195,"angle":0},{"faceUp":false,"depth":2,"value":-1,"x":-173.737,"y":133.195,"angle":0},{"faceUp":false,"depth":2,"value":-1,"x":196.836,"y":28.502,"angle":0},{"faceUp":false,"depth":3,"value":-1,"x":144.836,"y":-43.498,"angle":0},{"faceUp":false,"depth":3,"value":-1,"x":144.836,"y":-187.498,"angle":0},{"faceUp":false,"depth":3,"value":-1,"x":-121.737,"y":349.195,"angle":0},{"faceUp":false,"depth":3,"value":-1,"x":-121.737,"y":205.195,"angle":0},{"faceUp":false,"depth":4,"value":-1,"x":66.836,"y":28.502,"angle":0},{"faceUp":false,"depth":4,"value":-1,"x":66.836,"y":-115.498,"angle":0},{"faceUp":false,"depth":4,"value":-1,"x":66.836,"y":-259.498,"angle":0},{"faceUp":false,"depth":4,"value":-1,"x":-43.737,"y":421.195,"angle":0},{"faceUp":false,"depth":4,"value":-1,"x":-43.737,"y":277.195,"angle":0},{"faceUp":false,"depth":4,"value":-1,"x":-43.737,"y":133.195,"angle":0},{"faceUp":true,"depth":5,"value":-1,"x":-24.164,"y":-43.498,"angle":0},{"faceUp":true,"depth":5,"value":-1,"x":-24.164,"y":-187.498,"angle":0},{"faceUp":true,"depth":5,"value":-1,"x":47.263,"y":349.195,"angle":0},{"faceUp":true,"depth":5,"value":-1,"x":47.263,"y":205.195,"angle":0}],"settings":{"disableCombo":false,"cost":1500,"reward":1550,"comboCoinReward":100,"undoCost":[200,300,600],"stars":[30,100,200],"wildCost":[2000],"cardsInStack":[-1,-1,-1,-1,-1,-1,-1,-1,-1,-1,-1,-1,-1,-1,-1,-1,-1,-1,-1,-1],"comboBonus":[5,4,6,4],"extraCardCost":[900,1350,1800]}}]],0,0,[],[],[]]