[1,0,0,[["cc.JsonAsset",["_name","json"],1]],[[0,0,1,3]],[[0,"248",{"cards":[{"faceUp":false,"depth":0,"value":-1,"x":302.218,"y":133.201,"angle":0},{"faceUp":false,"depth":0,"value":-1,"x":302.218,"y":-154.799,"angle":0},{"faceUp":false,"depth":0,"value":-1,"x":71.209,"y":-154.799,"angle":0},{"faceUp":false,"depth":0,"value":-1,"x":-282.199,"y":-154.799,"angle":0},{"faceUp":false,"depth":0,"value":-1,"x":-84.791,"y":115.201,"angle":0},{"faceUp":false,"depth":0,"value":-1,"x":110.209,"y":115.201,"angle":0},{"faceUp":false,"depth":0,"value":-1,"x":-282.199,"y":133.201,"angle":0},{"faceUp":false,"depth":1,"value":-1,"x":276.218,"y":97.201,"angle":0},{"faceUp":false,"depth":1,"value":-1,"x":276.218,"y":-118.799,"angle":0},{"faceUp":false,"depth":1,"value":-1,"x":32.209,"y":-154.799,"angle":0},{"faceUp":false,"depth":1,"value":-1,"x":-256.199,"y":-118.799,"angle":0},{"faceUp":false,"depth":1,"value":-1,"x":-84.791,"y":61.201,"angle":0},{"faceUp":false,"depth":1,"value":-1,"x":110.209,"y":61.201,"angle":0},{"faceUp":false,"depth":1,"value":-1,"x":-256.199,"y":97.201,"angle":0},{"faceUp":false,"depth":2,"value":-1,"x":-230.199,"y":-82.799,"angle":0},{"faceUp":false,"depth":2,"value":-1,"x":250.218,"y":61.201,"angle":0},{"faceUp":false,"depth":2,"value":-1,"x":250.218,"y":-82.799,"angle":0},{"faceUp":false,"depth":2,"value":-1,"x":-58.791,"y":25.201,"angle":0},{"faceUp":false,"depth":2,"value":-1,"x":84.209,"y":25.201,"angle":0},{"faceUp":false,"depth":2,"value":-1,"x":-230.199,"y":61.201,"angle":0},{"faceUp":true,"depth":3,"value":-1,"x":224.218,"y":-10.799,"angle":0},{"faceUp":false,"depth":3,"value":-1,"x":-6.791,"y":-154.799,"angle":0},{"faceUp":true,"depth":3,"value":-1,"x":19.209,"y":7.201,"angle":0},{"faceUp":true,"depth":3,"value":-1,"x":-204.199,"y":-10.799,"angle":0},{"faceUp":true,"depth":4,"value":-1,"x":-45.791,"y":-154.799,"angle":0}],"settings":{"disableCombo":false,"cost":2600,"reward":2750,"comboCoinReward":170,"undoCost":[650,975,1300],"stars":[30,200,300],"wildCost":[8000],"cardsInStack":[-1,-1,-1,-1,-1,-1,-1,-1,-1,-1,-1,-1,-1,-1,-1,-1,-1,-1],"comboBonus":[5,4,6,4],"extraCardCost":[5000,7550,10000]}}]],0,0,[],[],[]]