[1,0,0,[["cc.JsonAsset",["_name","json"],1]],[[0,0,1,3]],[[0,"273",{"cards":[{"faceUp":false,"depth":0,"value":-1,"x":-198.934,"y":141.262,"angle":0},{"faceUp":false,"depth":0,"value":-1,"x":-8.5,"y":-123.436,"angle":0},{"faceUp":false,"depth":0,"value":-1,"x":224.419,"y":141.262,"angle":0},{"faceUp":false,"depth":1,"value":-1,"x":-276.934,"y":141.262,"angle":0},{"faceUp":false,"depth":1,"value":-1,"x":-133.934,"y":141.262,"angle":0},{"faceUp":false,"depth":1,"value":-1,"x":-86.5,"y":-123.436,"angle":0},{"faceUp":false,"depth":1,"value":-1,"x":56.5,"y":-123.436,"angle":0},{"faceUp":false,"depth":1,"value":-1,"x":146.419,"y":141.262,"angle":0},{"faceUp":false,"depth":1,"value":-1,"x":289.419,"y":141.262,"angle":0},{"faceUp":false,"depth":2,"value":-1,"x":-289.934,"y":141.262,"angle":5},{"faceUp":false,"depth":2,"value":-1,"x":-120.934,"y":141.262,"angle":-5},{"faceUp":false,"depth":2,"value":-1,"x":-99.5,"y":-123.436,"angle":5},{"faceUp":false,"depth":2,"value":-1,"x":69.5,"y":-123.436,"angle":-5},{"faceUp":false,"depth":2,"value":-1,"x":133.419,"y":141.262,"angle":5},{"faceUp":false,"depth":2,"value":-1,"x":302.419,"y":141.262,"angle":-5},{"faceUp":false,"depth":3,"value":-1,"x":-302.934,"y":159.262,"angle":15},{"faceUp":false,"depth":3,"value":-1,"x":-107.934,"y":159.262,"angle":-15},{"faceUp":false,"depth":3,"value":-1,"x":-112.5,"y":-105.436,"angle":15},{"faceUp":false,"depth":3,"value":-1,"x":82.5,"y":-105.436,"angle":-15},{"faceUp":false,"depth":3,"value":-1,"x":120.419,"y":159.262,"angle":15},{"faceUp":false,"depth":3,"value":-1,"x":315.419,"y":159.262,"angle":-15},{"faceUp":false,"depth":4,"value":-1,"x":-315.934,"y":177.262,"angle":25},{"faceUp":false,"depth":4,"value":-1,"x":-94.934,"y":177.262,"angle":-25},{"faceUp":false,"depth":4,"value":-1,"x":-125.5,"y":-87.436,"angle":25},{"faceUp":false,"depth":4,"value":-1,"x":95.5,"y":-87.436,"angle":-25},{"faceUp":false,"depth":4,"value":-1,"x":107.419,"y":177.262,"angle":25},{"faceUp":false,"depth":4,"value":-1,"x":328.419,"y":177.262,"angle":-25},{"faceUp":true,"depth":5,"value":-1,"x":-328.934,"y":195.262,"angle":35},{"faceUp":true,"depth":5,"value":-1,"x":-81.934,"y":195.262,"angle":-35},{"faceUp":true,"depth":5,"value":-1,"x":-138.5,"y":-69.436,"angle":35},{"faceUp":true,"depth":5,"value":-1,"x":108.5,"y":-69.436,"angle":-35},{"faceUp":true,"depth":5,"value":-1,"x":94.419,"y":195.262,"angle":35},{"faceUp":true,"depth":5,"value":-1,"x":341.419,"y":195.262,"angle":-35}],"settings":{"disableCombo":false,"cost":2700,"reward":2850,"comboCoinReward":170,"undoCost":[700,1050,1400],"stars":[30,200,300],"wildCost":[8000],"cardsInStack":[-1,-1,-1,-1,-1,-1,-1,-1,-1,-1,-1,-1,-1,-1,-1,-1,-1,-1,-1,-1,-1,-1,-1],"comboBonus":[5,4,6,4],"extraCardCost":[5500,8250,11000]}}]],0,0,[],[],[]]