[1,0,0,[["cc.JsonAsset",["_name","json"],1]],[[0,0,1,3]],[[0,"144",{"cards":[{"faceUp":false,"depth":0,"value":-1,"x":242.991,"y":-31.233,"angle":0},{"faceUp":false,"depth":0,"value":-1,"x":125.991,"y":-13.233,"angle":0},{"faceUp":false,"depth":0,"value":-1,"x":8.991,"y":4.767,"angle":0},{"faceUp":false,"depth":0,"value":-1,"x":-225.009,"y":-31.233,"angle":0},{"faceUp":false,"depth":0,"value":-1,"x":-108.009,"y":-13.233,"angle":0},{"faceUp":false,"depth":0,"value":-1,"x":-109.795,"y":308.056,"angle":0},{"faceUp":false,"depth":0,"value":-1,"x":-109.795,"y":164.056,"angle":0},{"faceUp":false,"depth":0,"value":-1,"x":129.684,"y":306.149,"angle":0},{"faceUp":false,"depth":0,"value":-1,"x":129.684,"y":162.149,"angle":0},{"faceUp":false,"depth":1,"value":-1,"x":177.991,"y":-49.233,"angle":0},{"faceUp":false,"depth":1,"value":-1,"x":73.991,"y":-49.233,"angle":0},{"faceUp":false,"depth":1,"value":-1,"x":-56.009,"y":-49.233,"angle":0},{"faceUp":false,"depth":1,"value":-1,"x":-160.009,"y":-49.233,"angle":0},{"faceUp":false,"depth":1,"value":-1,"x":-109.795,"y":272.056,"angle":0},{"faceUp":false,"depth":1,"value":-1,"x":129.684,"y":270.149,"angle":0},{"faceUp":false,"depth":2,"value":-1,"x":-109.795,"y":200.056,"angle":0},{"faceUp":false,"depth":2,"value":-1,"x":129.684,"y":198.149,"angle":0},{"faceUp":true,"depth":3,"value":-1,"x":242.991,"y":-85.233,"angle":0},{"faceUp":true,"depth":3,"value":-1,"x":125.991,"y":-103.233,"angle":0},{"faceUp":true,"depth":3,"value":-1,"x":8.991,"y":-121.233,"angle":0},{"faceUp":true,"depth":3,"value":-1,"x":-108.009,"y":-103.233,"angle":0},{"faceUp":true,"depth":3,"value":-1,"x":-225.009,"y":-85.233,"angle":0},{"faceUp":true,"depth":3,"value":-1,"x":-109.795,"y":236.056,"angle":0},{"faceUp":true,"depth":3,"value":-1,"x":129.684,"y":234.149,"angle":0}],"settings":{"disableCombo":false,"cost":2200,"reward":2400,"comboCoinReward":170,"undoCost":[500,750,1000],"stars":[30,200,300],"wildCost":[6500],"cardsInStack":[-1,-1,-1,-1,-1,-1,-1,-1,-1,-1,-1,-1,-1,-1,-1,-1,-1],"comboBonus":[5,4,6,4],"extraCardCost":[4500,6750,9000]}}]],0,0,[],[],[]]