[1,0,0,[["cc.JsonAsset",["_name","json"],1]],[[0,0,1,3]],[[0,"2",{"cards":[{"faceUp":false,"depth":0,"value":4,"x":-328.162,"y":195.258,"angle":0},{"faceUp":false,"depth":0,"value":6,"x":-198.162,"y":195.258,"angle":0},{"faceUp":false,"depth":0,"value":9,"x":-68.162,"y":195.258,"angle":0},{"faceUp":false,"depth":0,"value":7,"x":14.603,"y":-36,"angle":0},{"faceUp":false,"depth":0,"value":5,"x":81.786,"y":198.375,"angle":0},{"faceUp":false,"depth":0,"value":12,"x":211.786,"y":198.375,"angle":0},{"faceUp":false,"depth":0,"value":13,"x":341.786,"y":198.375,"angle":0},{"faceUp":true,"depth":1,"value":2,"x":-263.162,"y":123.258,"angle":0},{"faceUp":true,"depth":1,"value":1,"x":-133.162,"y":123.258,"angle":0},{"faceUp":true,"depth":1,"value":12,"x":146.786,"y":144.375,"angle":0},{"faceUp":true,"depth":1,"value":10,"x":276.786,"y":144.375,"angle":0},{"faceUp":true,"depth":1,"value":11,"x":-50.397,"y":-108,"angle":0},{"faceUp":true,"depth":1,"value":13,"x":79.603,"y":-108,"angle":0}],"settings":{"disableCombo":true,"cost":1000,"reward":1050,"comboCoinReward":50,"undoCost":[100,150,400],"stars":[10,20,40],"wildCost":[500],"cardsInStack":[3,3,1],"comboBonus":[4,6,5,4],"extraCardCost":[200,300,500]}}]],0,0,[],[],[]]