[1,0,0,[["cc.JsonAsset",["_name","json"],1]],[[0,0,1,3]],[[0,"139",{"cards":[{"faceUp":false,"depth":0,"value":-1,"x":-218.902,"y":195.477,"angle":0},{"faceUp":false,"depth":0,"value":-1,"x":-205.902,"y":-2.523,"angle":0},{"faceUp":false,"depth":0,"value":-1,"x":223.098,"y":-2.523,"angle":0},{"faceUp":false,"depth":0,"value":-1,"x":223.098,"y":195.477,"angle":0},{"faceUp":false,"depth":1,"value":-1,"x":-192.902,"y":195.477,"angle":0},{"faceUp":false,"depth":1,"value":-1,"x":-192.902,"y":-2.523,"angle":0},{"faceUp":false,"depth":1,"value":-1,"x":197.098,"y":-2.523,"angle":0},{"faceUp":false,"depth":1,"value":-1,"x":197.098,"y":195.477,"angle":0},{"faceUp":false,"depth":2,"value":-1,"x":-166.902,"y":195.477,"angle":0},{"faceUp":false,"depth":2,"value":-1,"x":-166.902,"y":-2.523,"angle":0},{"faceUp":false,"depth":2,"value":-1,"x":171.098,"y":-2.523,"angle":0},{"faceUp":false,"depth":2,"value":-1,"x":171.098,"y":195.477,"angle":0},{"faceUp":false,"depth":3,"value":-1,"x":-140.902,"y":195.477,"angle":0},{"faceUp":false,"depth":3,"value":-1,"x":-140.902,"y":-2.523,"angle":0},{"faceUp":false,"depth":3,"value":-1,"x":145.098,"y":-2.523,"angle":0},{"faceUp":false,"depth":3,"value":-1,"x":145.098,"y":195.477,"angle":0},{"faceUp":false,"depth":4,"value":-1,"x":-114.902,"y":195.477,"angle":0},{"faceUp":false,"depth":4,"value":-1,"x":-114.902,"y":-2.523,"angle":0},{"faceUp":false,"depth":4,"value":-1,"x":119.098,"y":-2.523,"angle":0},{"faceUp":false,"depth":4,"value":-1,"x":119.098,"y":195.477,"angle":0},{"faceUp":false,"depth":5,"value":-1,"x":-88.902,"y":195.477,"angle":0},{"faceUp":false,"depth":5,"value":-1,"x":-88.902,"y":-2.523,"angle":0},{"faceUp":false,"depth":5,"value":-1,"x":93.098,"y":-2.523,"angle":0},{"faceUp":false,"depth":5,"value":-1,"x":93.098,"y":195.477,"angle":0},{"faceUp":false,"depth":6,"value":-1,"x":-62.902,"y":195.477,"angle":0},{"faceUp":false,"depth":6,"value":-1,"x":-62.902,"y":-2.523,"angle":0},{"faceUp":false,"depth":6,"value":-1,"x":67.098,"y":-2.523,"angle":0},{"faceUp":false,"depth":6,"value":-1,"x":67.098,"y":195.477,"angle":0},{"faceUp":true,"depth":7,"value":-1,"x":106.098,"y":87.477,"angle":0},{"faceUp":true,"depth":7,"value":-1,"x":-101.902,"y":87.477,"angle":0},{"faceUp":true,"depth":7,"value":-1,"x":2.098,"y":213.477,"angle":0},{"faceUp":true,"depth":7,"value":-1,"x":2.098,"y":-20.523,"angle":0},{"faceUp":true,"depth":8,"value":-1,"x":2.098,"y":87.477,"angle":0}],"settings":{"disableCombo":false,"cost":2200,"reward":2400,"comboCoinReward":170,"undoCost":[500,750,1000],"stars":[30,200,300],"wildCost":[6500],"cardsInStack":[-1,-1,-1,-1,-1,-1,-1,-1,-1,-1,-1,-1,-1,-1,-1,-1,-1,-1,-1,-1,-1,-1,-1,-1,-1,-1],"comboBonus":[5,4,6,4],"extraCardCost":[4500,6750,9000]}}]],0,0,[],[],[]]