[1,0,0,[["cc.JsonAsset",["_name","json"],1]],[[0,0,1,3]],[[0,"3",{"cards":[{"faceUp":false,"depth":0,"value":5,"x":189.105,"y":61.263,"angle":0},{"faceUp":false,"depth":0,"value":8,"x":-169.792,"y":61.455,"angle":0},{"faceUp":false,"depth":0,"value":9,"x":9,"y":-170,"angle":0},{"faceUp":false,"depth":0,"value":7,"x":-108,"y":-170,"angle":0},{"faceUp":false,"depth":0,"value":10,"x":126,"y":-170,"angle":0},{"faceUp":false,"depth":1,"value":6,"x":126.59,"y":160,"angle":0},{"faceUp":false,"depth":1,"value":5,"x":254,"y":160,"angle":0},{"faceUp":false,"depth":1,"value":6,"x":-231,"y":160,"angle":0},{"faceUp":false,"depth":1,"value":7,"x":-110.373,"y":160,"angle":0},{"faceUp":false,"depth":1,"value":3,"x":-51.995,"y":-62.413,"angle":0},{"faceUp":false,"depth":1,"value":2,"x":65.005,"y":-62.413,"angle":0},{"faceUp":true,"depth":2,"value":1,"x":3.005,"y":9.587,"angle":0},{"faceUp":true,"depth":2,"value":11,"x":187,"y":241,"angle":0},{"faceUp":true,"depth":2,"value":12,"x":306,"y":241,"angle":0},{"faceUp":true,"depth":2,"value":10,"x":69,"y":241,"angle":0},{"faceUp":true,"depth":2,"value":8,"x":-287,"y":242,"angle":0},{"faceUp":true,"depth":2,"value":9,"x":-168,"y":242,"angle":0},{"faceUp":true,"depth":2,"value":7,"x":-50,"y":242,"angle":0}],"settings":{"disableCombo":false,"cost":1000,"reward":1050,"comboCoinReward":50,"undoCost":[100,150,400],"stars":[15,80,120],"wildCost":[500],"cardsInStack":[-1,-1,-1,-1,-1,-1,-1,-1,-1,-1,-1,-1,-1,-1,-1,-1,-1],"comboBonus":[6,4,5,4],"extraCardCost":[200,300,500]}}]],0,0,[],[],[]]