[1,0,0,[["cc.JsonAsset",["_name","json"],1]],[[0,0,1,3]],[[0,"131",{"cards":[{"faceUp":false,"depth":0,"value":-1,"x":88,"y":175,"angle":0},{"faceUp":false,"depth":0,"value":-1,"x":296,"y":175,"angle":0},{"faceUp":false,"depth":0,"value":-1,"x":88,"y":13,"angle":0},{"faceUp":false,"depth":0,"value":-1,"x":-68,"y":13,"angle":0},{"faceUp":false,"depth":0,"value":-1,"x":-68,"y":175,"angle":0},{"faceUp":false,"depth":0,"value":-1,"x":-276,"y":13,"angle":0},{"faceUp":false,"depth":0,"value":-1,"x":296,"y":13,"angle":0},{"faceUp":false,"depth":0,"value":-1,"x":-276,"y":175,"angle":0},{"faceUp":false,"depth":1,"value":-1,"x":257,"y":193,"angle":0},{"faceUp":false,"depth":1,"value":-1,"x":-107,"y":193,"angle":0},{"faceUp":false,"depth":1,"value":-1,"x":-237,"y":193,"angle":0},{"faceUp":false,"depth":1,"value":-1,"x":127,"y":193,"angle":0},{"faceUp":false,"depth":2,"value":-1,"x":-172,"y":175,"angle":0},{"faceUp":false,"depth":2,"value":-1,"x":192,"y":175,"angle":0},{"faceUp":false,"depth":3,"value":-1,"x":-237,"y":-5,"angle":0},{"faceUp":false,"depth":3,"value":-1,"x":127,"y":-5,"angle":0},{"faceUp":false,"depth":3,"value":1,"x":-107,"y":49,"angle":0},{"faceUp":false,"depth":3,"value":1,"x":257,"y":49,"angle":0},{"faceUp":true,"depth":4,"value":-1,"x":-172,"y":13,"angle":0},{"faceUp":true,"depth":4,"value":-1,"x":192,"y":13,"angle":0}],"settings":{"disableCombo":false,"cost":2200,"reward":2400,"comboCoinReward":170,"undoCost":[500,750,1000],"stars":[30,200,300],"wildCost":[6500],"cardsInStack":[-1,-1,-1,-1,-1,-1,-1,-1,-1,-1,-1,-1,-1,-1],"comboBonus":[5,4,6,4],"extraCardCost":[4500,6750,9000]}}]],0,0,[],[],[]]