[1,0,0,[["cc.JsonAsset",["_name","json"],1]],[[0,0,1,3]],[[0,"258",{"cards":[{"faceUp":false,"depth":0,"value":-1,"x":304,"y":33,"angle":-10},{"faceUp":false,"depth":0,"value":-1,"x":-132,"y":-201,"angle":10},{"faceUp":false,"depth":0,"value":-1,"x":161,"y":33,"angle":-10},{"faceUp":false,"depth":0,"value":-1,"x":-262,"y":33,"angle":10},{"faceUp":false,"depth":0,"value":-1,"x":-119,"y":33,"angle":10},{"faceUp":false,"depth":0,"value":-1,"x":91,"y":358.423,"angle":0},{"faceUp":false,"depth":0,"value":-1,"x":-39,"y":358.423,"angle":0},{"faceUp":false,"depth":0,"value":-1,"x":174,"y":-201,"angle":-10},{"faceUp":false,"depth":0,"value":-1,"x":-275,"y":-201,"angle":10},{"faceUp":false,"depth":0,"value":-1,"x":317,"y":-201,"angle":-10},{"faceUp":false,"depth":1,"value":-1,"x":317,"y":15,"angle":-10},{"faceUp":false,"depth":1,"value":-1,"x":-119,"y":-219,"angle":10},{"faceUp":false,"depth":1,"value":-1,"x":148,"y":15,"angle":-10},{"faceUp":false,"depth":1,"value":-1,"x":-275,"y":15,"angle":10},{"faceUp":false,"depth":1,"value":-1,"x":-106,"y":15,"angle":10},{"faceUp":false,"depth":1,"value":-1,"x":91,"y":250.423,"angle":0},{"faceUp":false,"depth":1,"value":-1,"x":-39,"y":250.423,"angle":0},{"faceUp":false,"depth":1,"value":-1,"x":161,"y":-219,"angle":-10},{"faceUp":false,"depth":1,"value":-1,"x":-288,"y":-219,"angle":10},{"faceUp":false,"depth":1,"value":-1,"x":330,"y":-219,"angle":-10},{"faceUp":true,"depth":2,"value":-1,"x":-197,"y":-201,"angle":10},{"faceUp":true,"depth":2,"value":-1,"x":252,"y":-201,"angle":-10},{"faceUp":true,"depth":2,"value":-1,"x":-184,"y":33,"angle":10},{"faceUp":true,"depth":2,"value":-1,"x":239,"y":33,"angle":-10},{"faceUp":true,"depth":2,"value":-1,"x":104,"y":376.423,"angle":0},{"faceUp":true,"depth":2,"value":-1,"x":-52,"y":376.423,"angle":0},{"faceUp":true,"depth":2,"value":-1,"x":104,"y":232.423,"angle":0},{"faceUp":true,"depth":2,"value":-1,"x":-52,"y":232.423,"angle":0}],"settings":{"disableCombo":false,"cost":2700,"reward":2850,"comboCoinReward":170,"undoCost":[700,1050,1400],"stars":[30,200,300],"wildCost":[8000],"cardsInStack":[-1,-1,-1,-1,-1,-1,-1,-1,-1,-1,-1,-1,-1,-1,-1,-1,-1,-1,-1],"comboBonus":[5,4,6,4],"extraCardCost":[5500,8250,11000]}}]],0,0,[],[],[]]