[1,0,0,[["cc.JsonAsset",["_name","json"],1]],[[0,0,1,3]],[[0,"274",{"cards":[{"faceUp":false,"depth":0,"value":-1,"x":-306.857,"y":172.235,"angle":0},{"faceUp":false,"depth":0,"value":-1,"x":-163.857,"y":190.235,"angle":0},{"faceUp":false,"depth":0,"value":-1,"x":-20.857,"y":172.235,"angle":0},{"faceUp":false,"depth":0,"value":-1,"x":28.308,"y":-63.926,"angle":0},{"faceUp":false,"depth":0,"value":-1,"x":171.308,"y":-45.926,"angle":0},{"faceUp":false,"depth":0,"value":-1,"x":314.308,"y":-63.926,"angle":0},{"faceUp":false,"depth":1,"value":-1,"x":-293.857,"y":154.235,"angle":-10},{"faceUp":false,"depth":1,"value":-1,"x":-163.857,"y":172.235,"angle":0},{"faceUp":false,"depth":1,"value":-1,"x":-33.857,"y":154.235,"angle":10},{"faceUp":false,"depth":1,"value":-1,"x":41.308,"y":-81.926,"angle":-10},{"faceUp":false,"depth":1,"value":-1,"x":171.308,"y":-63.926,"angle":0},{"faceUp":false,"depth":1,"value":-1,"x":301.308,"y":-81.926,"angle":10},{"faceUp":false,"depth":2,"value":-1,"x":-280.857,"y":136.235,"angle":-20},{"faceUp":false,"depth":2,"value":-1,"x":-59.857,"y":136.235,"angle":20},{"faceUp":false,"depth":2,"value":-1,"x":54.308,"y":-99.926,"angle":-20},{"faceUp":false,"depth":2,"value":-1,"x":275.308,"y":-99.926,"angle":20},{"faceUp":false,"depth":3,"value":-1,"x":-163.857,"y":154.235,"angle":0},{"faceUp":false,"depth":3,"value":-1,"x":171.308,"y":-81.926,"angle":0},{"faceUp":false,"depth":4,"value":-1,"x":-163.857,"y":136.235,"angle":0},{"faceUp":false,"depth":4,"value":-1,"x":171.308,"y":-99.926,"angle":0},{"faceUp":true,"depth":5,"value":-1,"x":-254.857,"y":118.235,"angle":-30},{"faceUp":true,"depth":5,"value":-1,"x":-85.857,"y":118.235,"angle":30},{"faceUp":true,"depth":5,"value":-1,"x":80.308,"y":-117.926,"angle":-30},{"faceUp":true,"depth":5,"value":-1,"x":249.308,"y":-117.926,"angle":30}],"settings":{"disableCombo":false,"cost":2700,"reward":2850,"comboCoinReward":170,"undoCost":[700,1050,1400],"stars":[30,200,300],"wildCost":[8000],"cardsInStack":[-1,-1,-1,-1,-1,-1,-1,-1,-1,-1,-1,-1,-1,-1],"comboBonus":[5,4,6,4],"extraCardCost":[5500,8250,11000]}}]],0,0,[],[],[]]