[1,0,0,[["cc.JsonAsset",["_name","json"],1]],[[0,0,1,3]],[[0,"96",{"cards":[{"faceUp":false,"depth":0,"value":-1,"x":270,"y":214,"angle":-25},{"faceUp":false,"depth":0,"value":-1,"x":-336,"y":214,"angle":25},{"faceUp":false,"depth":0,"value":-1,"x":-336,"y":-2,"angle":-25},{"faceUp":false,"depth":0,"value":-1,"x":257,"y":-2,"angle":25},{"faceUp":false,"depth":0,"value":-1,"x":113,"y":196,"angle":0},{"faceUp":false,"depth":0,"value":-1,"x":113,"y":16,"angle":0},{"faceUp":false,"depth":0,"value":-1,"x":-70,"y":16,"angle":0},{"faceUp":false,"depth":0,"value":-1,"x":-70,"y":196,"angle":0},{"faceUp":false,"depth":1,"value":-1,"x":296,"y":214,"angle":-25},{"faceUp":false,"depth":1,"value":-1,"x":-310,"y":214,"angle":25},{"faceUp":false,"depth":1,"value":-1,"x":-310,"y":-2,"angle":-25},{"faceUp":false,"depth":1,"value":-1,"x":283,"y":-2,"angle":25},{"faceUp":false,"depth":1,"value":-1,"x":100,"y":124,"angle":0},{"faceUp":false,"depth":1,"value":-1,"x":-83,"y":124,"angle":0},{"faceUp":false,"depth":2,"value":-1,"x":322,"y":214,"angle":-25},{"faceUp":false,"depth":2,"value":-1,"x":-284,"y":214,"angle":25},{"faceUp":false,"depth":2,"value":-1,"x":-284,"y":-2,"angle":-25},{"faceUp":false,"depth":2,"value":-1,"x":309,"y":-2,"angle":25},{"faceUp":false,"depth":2,"value":-1,"x":87,"y":196,"angle":0},{"faceUp":false,"depth":2,"value":-1,"x":87,"y":16,"angle":0},{"faceUp":false,"depth":2,"value":-1,"x":-96,"y":196,"angle":0},{"faceUp":false,"depth":2,"value":-1,"x":-96,"y":16,"angle":0},{"faceUp":true,"depth":3,"value":-1,"x":348,"y":214,"angle":-25},{"faceUp":true,"depth":3,"value":-1,"x":-258,"y":214,"angle":25},{"faceUp":true,"depth":3,"value":-1,"x":-258,"y":-2,"angle":-25},{"faceUp":true,"depth":3,"value":-1,"x":335,"y":-2,"angle":25},{"faceUp":true,"depth":3,"value":-1,"x":74,"y":124,"angle":0},{"faceUp":true,"depth":3,"value":-1,"x":-109,"y":124,"angle":0}],"settings":{"disableCombo":false,"cost":2000,"reward":2100,"comboCoinReward":150,"undoCost":[500,750,1000],"stars":[30,150,250],"wildCost":[6000],"cardsInStack":[-1,-1,-1,-1,-1,-1,-1,-1,-1,-1,-1,-1,-1,-1,-1,-1,-1,-1,-1,-1,-1],"comboBonus":[5,4,6,4],"extraCardCost":[4000,6000,8000]}}]],0,0,[],[],[]]