[1,0,0,[["cc.JsonAsset",["_name","json"],1]],[[0,0,1,3]],[[0,"87",{"cards":[{"faceUp":true,"depth":0,"value":-1,"x":80.163,"y":123.92,"angle":0},{"faceUp":false,"depth":0,"value":-1,"x":195.299,"y":-29.929,"angle":0},{"faceUp":false,"depth":0,"value":-1,"x":325.299,"y":-47.929,"angle":0},{"faceUp":false,"depth":0,"value":-1,"x":-182.142,"y":413.493,"angle":0},{"faceUp":false,"depth":0,"value":-1,"x":-312.142,"y":395.493,"angle":0},{"faceUp":false,"depth":0,"value":-1,"x":-338.142,"y":251.493,"angle":0},{"faceUp":false,"depth":0,"value":-1,"x":-234.142,"y":197.493,"angle":0},{"faceUp":false,"depth":0,"value":-1,"x":351.299,"y":-191.929,"angle":0},{"faceUp":false,"depth":0,"value":-1,"x":247.299,"y":-245.929,"angle":0},{"faceUp":false,"depth":1,"value":1,"x":260.299,"y":-101.929,"angle":0},{"faceUp":false,"depth":1,"value":1,"x":-247.142,"y":341.493,"angle":0},{"faceUp":false,"depth":1,"value":-1,"x":64.858,"y":341.493,"angle":0},{"faceUp":false,"depth":1,"value":-1,"x":-51.701,"y":-101.929,"angle":0},{"faceUp":false,"depth":2,"value":-1,"x":12.858,"y":359.493,"angle":0},{"faceUp":false,"depth":2,"value":-1,"x":0.299,"y":-83.929,"angle":0},{"faceUp":false,"depth":2,"value":-1,"x":221.299,"y":-65.929,"angle":0},{"faceUp":false,"depth":2,"value":-1,"x":-208.142,"y":377.493,"angle":0},{"faceUp":false,"depth":2,"value":-1,"x":117.299,"y":-65.929,"angle":0},{"faceUp":false,"depth":2,"value":-1,"x":-104.142,"y":377.493,"angle":0},{"faceUp":false,"depth":3,"value":-1,"x":169.299,"y":-119.929,"angle":0},{"faceUp":false,"depth":3,"value":-1,"x":-156.142,"y":323.493,"angle":0},{"faceUp":false,"depth":3,"value":-1,"x":13.299,"y":-137.929,"angle":0},{"faceUp":false,"depth":3,"value":-1,"x":-0.142,"y":305.493,"angle":0},{"faceUp":false,"depth":4,"value":-1,"x":117.299,"y":-101.929,"angle":0},{"faceUp":false,"depth":4,"value":-1,"x":-104.142,"y":341.493,"angle":0},{"faceUp":false,"depth":4,"value":-1,"x":143.299,"y":-245.929,"angle":0},{"faceUp":false,"depth":4,"value":-1,"x":-130.142,"y":197.493,"angle":0},{"faceUp":true,"depth":5,"value":-1,"x":-52.142,"y":251.493,"angle":0},{"faceUp":true,"depth":5,"value":-1,"x":65.299,"y":-191.929,"angle":0}],"settings":{"disableCombo":false,"cost":2000,"reward":2100,"comboCoinReward":150,"undoCost":[500,750,1000],"stars":[30,150,250],"wildCost":[6000],"cardsInStack":[-1,-1,-1,-1,-1,-1,-1,-1,-1,-1,-1,-1,-1],"comboBonus":[5,4,6,4],"extraCardCost":[4000,6000,8000]}}]],0,0,[],[],[]]