[1,0,0,[["cc.JsonAsset",["_name","json"],1]],[[0,0,1,3]],[[0,"81",{"cards":[{"faceUp":false,"depth":0,"value":-1,"x":252.395,"y":-298.814,"angle":0},{"faceUp":false,"depth":0,"value":-1,"x":182,"y":-104,"angle":0},{"faceUp":false,"depth":0,"value":-1,"x":-137.34,"y":-302.637,"angle":0},{"faceUp":false,"depth":0,"value":-1,"x":-52,"y":-104,"angle":0},{"faceUp":false,"depth":1,"value":-1,"x":226.395,"y":-298.814,"angle":0},{"faceUp":false,"depth":1,"value":-1,"x":156,"y":-104,"angle":0},{"faceUp":false,"depth":1,"value":-1,"x":188.019,"y":337.724,"angle":-20},{"faceUp":false,"depth":1,"value":-1,"x":91,"y":112,"angle":20},{"faceUp":false,"depth":1,"value":-1,"x":-164.903,"y":328.695,"angle":-20},{"faceUp":false,"depth":1,"value":-1,"x":-104,"y":112,"angle":20},{"faceUp":false,"depth":1,"value":-1,"x":-163.34,"y":-302.637,"angle":0},{"faceUp":false,"depth":1,"value":-1,"x":-78,"y":-104,"angle":0},{"faceUp":false,"depth":2,"value":-1,"x":200.395,"y":-298.814,"angle":0},{"faceUp":false,"depth":2,"value":-1,"x":130,"y":-104,"angle":0},{"faceUp":false,"depth":2,"value":-1,"x":117,"y":112,"angle":20},{"faceUp":false,"depth":2,"value":-1,"x":162.019,"y":337.724,"angle":-20},{"faceUp":false,"depth":2,"value":-1,"x":-138.903,"y":328.695,"angle":-20},{"faceUp":false,"depth":2,"value":-1,"x":-130,"y":112,"angle":20},{"faceUp":false,"depth":2,"value":-1,"x":-189.34,"y":-302.637,"angle":0},{"faceUp":false,"depth":2,"value":-1,"x":-104,"y":-104,"angle":0},{"faceUp":false,"depth":3,"value":-1,"x":174.395,"y":-298.814,"angle":0},{"faceUp":false,"depth":3,"value":-1,"x":104,"y":-104,"angle":0},{"faceUp":false,"depth":3,"value":-1,"x":143,"y":112,"angle":20},{"faceUp":false,"depth":3,"value":-1,"x":136.019,"y":337.724,"angle":-20},{"faceUp":false,"depth":3,"value":-1,"x":-112.903,"y":328.695,"angle":-20},{"faceUp":false,"depth":3,"value":-1,"x":-156,"y":112,"angle":20},{"faceUp":false,"depth":3,"value":-1,"x":-215.34,"y":-302.637,"angle":0},{"faceUp":false,"depth":3,"value":-1,"x":-130,"y":-104,"angle":0},{"faceUp":true,"depth":4,"value":-1,"x":148.395,"y":-298.814,"angle":0},{"faceUp":true,"depth":4,"value":-1,"x":78,"y":-104,"angle":0},{"faceUp":true,"depth":4,"value":-1,"x":110.019,"y":337.724,"angle":-20},{"faceUp":true,"depth":4,"value":-1,"x":169,"y":112,"angle":20},{"faceUp":true,"depth":4,"value":-1,"x":-86.903,"y":328.695,"angle":-20},{"faceUp":true,"depth":4,"value":-1,"x":-182,"y":112,"angle":20},{"faceUp":true,"depth":4,"value":-1,"x":-241.34,"y":-302.637,"angle":0},{"faceUp":true,"depth":4,"value":-1,"x":-156,"y":-104,"angle":0}],"settings":{"disableCombo":false,"cost":2000,"reward":2100,"comboCoinReward":150,"undoCost":[500,750,1000],"stars":[30,150,250],"wildCost":[6000],"cardsInStack":[-1,-1,-1,-1,-1,-1,-1,-1,-1,-1,-1,-1,-1,-1,-1,-1,-1,-1,-1,-1,-1,-1,-1,-1,-1],"comboBonus":[5,4,6,4],"extraCardCost":[4000,6000,8000]}}]],0,0,[],[],[]]