[1,0,0,[["cc.JsonAsset",["_name","json"],1]],[[0,0,1,3]],[[0,"218",{"cards":[{"faceUp":false,"depth":0,"value":-1,"x":-52.989999999999995,"y":201.90300000000002,"angle":0},{"faceUp":false,"depth":0,"value":-1,"x":-169.99,"y":201.90300000000002,"angle":0},{"faceUp":false,"depth":0,"value":-1,"x":181.01,"y":201.90300000000002,"angle":0},{"faceUp":false,"depth":0,"value":-1,"x":64.00999999999999,"y":201.90300000000002,"angle":0},{"faceUp":false,"depth":0,"value":-1,"x":235.67,"y":-228.64,"angle":0},{"faceUp":false,"depth":0,"value":-1,"x":-115.33000000000001,"y":-228.64,"angle":0},{"faceUp":false,"depth":0,"value":-1,"x":-232.32999999999998,"y":-228.64,"angle":0},{"faceUp":false,"depth":0,"value":-1,"x":118.67,"y":-228.64,"angle":0},{"faceUp":false,"depth":0,"value":-1,"x":1.6700000000000017,"y":-228.64,"angle":0},{"faceUp":false,"depth":1,"value":-1,"x":129.01,"y":345.903,"angle":0},{"faceUp":false,"depth":1,"value":-1,"x":12.01,"y":345.903,"angle":0},{"faceUp":false,"depth":1,"value":-1,"x":129.01,"y":201.90300000000002,"angle":0},{"faceUp":false,"depth":1,"value":-1,"x":12.01,"y":57.903000000000006,"angle":0},{"faceUp":false,"depth":1,"value":-1,"x":-104.99000000000001,"y":57.903000000000006,"angle":0},{"faceUp":false,"depth":1,"value":-1,"x":-104.99000000000001,"y":345.903,"angle":0},{"faceUp":false,"depth":1,"value":-1,"x":129.01,"y":57.903000000000006,"angle":0},{"faceUp":false,"depth":1,"value":-1,"x":66.67,"y":-228.64,"angle":0},{"faceUp":false,"depth":1,"value":-1,"x":-50.33,"y":-228.64,"angle":0},{"faceUp":false,"depth":1,"value":-1,"x":-167.33,"y":-228.64,"angle":0},{"faceUp":false,"depth":1,"value":-1,"x":183.67,"y":-228.64,"angle":0},{"faceUp":false,"depth":1,"value":-1,"x":12.01,"y":201.90300000000002,"angle":0},{"faceUp":false,"depth":1,"value":-1,"x":-104.99000000000001,"y":201.90300000000002,"angle":0},{"faceUp":false,"depth":1,"value":-1,"x":300.67,"y":-228.64,"angle":0},{"faceUp":true,"depth":2,"value":-1,"x":-219.33,"y":-138.64,"angle":0},{"faceUp":true,"depth":2,"value":-1,"x":248.67,"y":-318.64,"angle":0},{"faceUp":true,"depth":2,"value":-1,"x":131.67000000000002,"y":-318.64,"angle":0},{"faceUp":true,"depth":2,"value":-1,"x":-102.33000000000001,"y":-138.64,"angle":0},{"faceUp":true,"depth":2,"value":-1,"x":248.67,"y":-138.64,"angle":0},{"faceUp":true,"depth":2,"value":-1,"x":131.67000000000002,"y":-138.64,"angle":0},{"faceUp":true,"depth":2,"value":-1,"x":14.67,"y":-138.64,"angle":0},{"faceUp":true,"depth":2,"value":-1,"x":77.00999999999999,"y":93.90299999999999,"angle":5},{"faceUp":true,"depth":2,"value":-1,"x":103.01,"y":309.903,"angle":-5},{"faceUp":true,"depth":2,"value":-1,"x":-52.989999999999995,"y":309.903,"angle":-30},{"faceUp":true,"depth":2,"value":-1,"x":-78.99,"y":93.90299999999999,"angle":20},{"faceUp":true,"depth":2,"value":-1,"x":14.67,"y":-318.64,"angle":0},{"faceUp":true,"depth":2,"value":-1,"x":-102.33000000000001,"y":-318.64,"angle":0},{"faceUp":true,"depth":2,"value":-1,"x":-219.33,"y":-318.64,"angle":0}],"settings":{"disableCombo":false,"cost":2600,"reward":2750,"comboCoinReward":170,"undoCost":[650,975,1300],"stars":[30,200,300],"wildCost":[7800],"cardsInStack":[-1,-1,-1,-1,-1,-1,-1,-1,-1,-1,-1,-1,-1,-1,-1,-1,-1,-1,-1,-1,-1,-1,-1,-1,-1],"comboBonus":[5,4,6,4],"extraCardCost":[5000,7550,10000]}}]],0,0,[],[],[]]