[1,0,0,[["cc.JsonAsset",["_name","json"],1]],[[0,0,1,3]],[[0,"221",{"cards":[{"faceUp":false,"depth":0,"value":-1,"x":302.364,"y":117,"angle":0},{"faceUp":false,"depth":0,"value":-1,"x":-74.636,"y":-99,"angle":0},{"faceUp":false,"depth":0,"value":-1,"x":-269.636,"y":117,"angle":0},{"faceUp":false,"depth":0,"value":-1,"x":94.364,"y":135,"angle":0},{"faceUp":false,"depth":0,"value":-1,"x":-61.636,"y":135,"angle":0},{"faceUp":false,"depth":1,"value":-1,"x":302.364,"y":81,"angle":0},{"faceUp":false,"depth":1,"value":-1,"x":-74.636,"y":-117,"angle":0},{"faceUp":false,"depth":1,"value":-1,"x":-269.636,"y":81,"angle":0},{"faceUp":false,"depth":1,"value":-1,"x":94.364,"y":117,"angle":0},{"faceUp":false,"depth":1,"value":-1,"x":-61.636,"y":117,"angle":0},{"faceUp":false,"depth":2,"value":-1,"x":107.364,"y":-99,"angle":0},{"faceUp":false,"depth":2,"value":1,"x":-61.636,"y":99,"angle":0},{"faceUp":false,"depth":2,"value":1,"x":94.364,"y":99,"angle":0},{"faceUp":false,"depth":2,"value":-1,"x":-269.636,"y":45,"angle":0},{"faceUp":false,"depth":2,"value":-1,"x":302.364,"y":45,"angle":0},{"faceUp":true,"depth":2,"value":-1,"x":-74.636,"y":-135,"angle":0},{"faceUp":false,"depth":3,"value":-1,"x":302.364,"y":9,"angle":0},{"faceUp":false,"depth":3,"value":-1,"x":107.364,"y":-117,"angle":0},{"faceUp":false,"depth":3,"value":-1,"x":-269.636,"y":9,"angle":0},{"faceUp":false,"depth":3,"value":-1,"x":94.364,"y":81,"angle":0},{"faceUp":false,"depth":3,"value":-1,"x":-61.636,"y":81,"angle":0},{"faceUp":false,"depth":4,"value":-1,"x":302.364,"y":-27,"angle":0},{"faceUp":true,"depth":4,"value":-1,"x":107.364,"y":-135,"angle":0},{"faceUp":false,"depth":4,"value":-1,"x":-269.636,"y":-27,"angle":0},{"faceUp":true,"depth":4,"value":-1,"x":94.364,"y":63,"angle":0},{"faceUp":true,"depth":4,"value":-1,"x":-61.636,"y":63,"angle":0},{"faceUp":true,"depth":5,"value":-1,"x":302.364,"y":-63,"angle":0},{"faceUp":true,"depth":5,"value":-1,"x":-269.636,"y":-63,"angle":0}],"settings":{"disableCombo":false,"cost":2600,"reward":2750,"comboCoinReward":170,"undoCost":[650,975,1300],"stars":[30,200,300],"wildCost":[7800],"cardsInStack":[-1,-1,-1,-1,-1,-1,-1,-1,-1,-1,-1,-1,-1,-1,-1,-1,-1],"comboBonus":[5,4,6,4],"extraCardCost":[5000,7550,10000]}}]],0,0,[],[],[]]