[1,0,0,[["cc.JsonAsset",["_name","json"],1]],[[0,0,1,3]],[[0,"51",{"cards":[{"faceUp":false,"depth":0,"value":-1,"x":-74.208,"y":209.53,"angle":15},{"faceUp":false,"depth":0,"value":-1,"x":120.792,"y":209.53,"angle":-15},{"faceUp":false,"depth":0,"value":-1,"x":-230.208,"y":209.53,"angle":-15},{"faceUp":false,"depth":0,"value":-1,"x":289.792,"y":209.53,"angle":15},{"faceUp":false,"depth":1,"value":-1,"x":289.792,"y":173.53,"angle":15},{"faceUp":false,"depth":1,"value":-1,"x":120.792,"y":173.53,"angle":-15},{"faceUp":false,"depth":1,"value":-1,"x":-230.208,"y":173.53,"angle":-15},{"faceUp":false,"depth":1,"value":-1,"x":-74.208,"y":173.53,"angle":15},{"faceUp":false,"depth":2,"value":-1,"x":120.792,"y":137.53,"angle":-15},{"faceUp":false,"depth":2,"value":-1,"x":289.792,"y":137.53,"angle":15},{"faceUp":false,"depth":2,"value":-1,"x":-230.208,"y":137.53,"angle":-15},{"faceUp":false,"depth":2,"value":-1,"x":-74.208,"y":137.53,"angle":15},{"faceUp":false,"depth":3,"value":-1,"x":289.792,"y":101.53,"angle":15},{"faceUp":false,"depth":3,"value":-1,"x":120.792,"y":101.53,"angle":-15},{"faceUp":false,"depth":3,"value":-1,"x":-230.208,"y":101.53,"angle":-15},{"faceUp":false,"depth":3,"value":-1,"x":-74.208,"y":101.53,"angle":15},{"faceUp":false,"depth":4,"value":-1,"x":289.792,"y":65.53,"angle":15},{"faceUp":false,"depth":4,"value":-1,"x":120.792,"y":65.53,"angle":-15},{"faceUp":false,"depth":4,"value":-1,"x":-230.208,"y":65.53,"angle":-15},{"faceUp":false,"depth":4,"value":-1,"x":-74.208,"y":65.53,"angle":15},{"faceUp":true,"depth":5,"value":-1,"x":120.792,"y":29.53,"angle":-15},{"faceUp":true,"depth":5,"value":-1,"x":289.792,"y":29.53,"angle":15},{"faceUp":true,"depth":5,"value":-1,"x":-230.208,"y":29.53,"angle":-15},{"faceUp":true,"depth":5,"value":-1,"x":-74.208,"y":29.53,"angle":15}],"settings":{"disableCombo":false,"cost":1500,"reward":1550,"comboCoinReward":100,"undoCost":[400,600,800],"stars":[30,100,200],"wildCost":[4500],"cardsInStack":[-1,-1,-1,-1,-1,-1,-1,-1,-1,-1,-1,-1,-1,-1,-1,-1,-1,-1,-1,-1],"comboBonus":[5,4,6,4],"extraCardCost":[3000,4500,6000]}}]],0,0,[],[],[]]