[1,0,0,[["cc.JsonAsset",["_name","json"],1]],[[0,0,1,3]],[[0,"42",{"cards":[{"faceUp":false,"depth":0,"value":-1,"x":-107.496,"y":-4.941,"angle":15},{"faceUp":false,"depth":0,"value":-1,"x":87.504,"y":-4.941,"angle":-15},{"faceUp":false,"depth":0,"value":-1,"x":-107.496,"y":193.059,"angle":-15},{"faceUp":false,"depth":0,"value":-1,"x":87.504,"y":193.059,"angle":15},{"faceUp":false,"depth":0,"value":-1,"x":-307,"y":229.059,"angle":0},{"faceUp":false,"depth":0,"value":-1,"x":295.504,"y":229.059,"angle":0},{"faceUp":false,"depth":0,"value":-1,"x":-307,"y":-22.941,"angle":0},{"faceUp":false,"depth":0,"value":-1,"x":295.504,"y":-22.941,"angle":0},{"faceUp":false,"depth":1,"value":-1,"x":-81.49600000000001,"y":175.059,"angle":-15},{"faceUp":false,"depth":1,"value":-1,"x":61.504000000000005,"y":175.059,"angle":15},{"faceUp":false,"depth":1,"value":-1,"x":61.504000000000005,"y":13.059,"angle":-15},{"faceUp":false,"depth":1,"value":-1,"x":-81.49600000000001,"y":13.059,"angle":15},{"faceUp":false,"depth":1,"value":-1,"x":-307,"y":211.059,"angle":0},{"faceUp":false,"depth":1,"value":-1,"x":295.504,"y":211.059,"angle":0},{"faceUp":false,"depth":1,"value":-1,"x":295.504,"y":-4.941,"angle":0},{"faceUp":false,"depth":1,"value":-1,"x":-307,"y":-4.941,"angle":0},{"faceUp":true,"depth":2,"value":-1,"x":-3.4959999999999987,"y":193.059,"angle":0},{"faceUp":true,"depth":2,"value":-1,"x":-3.4959999999999987,"y":31.059,"angle":0},{"faceUp":true,"depth":2,"value":-1,"x":113.50399999999999,"y":103.059,"angle":0},{"faceUp":true,"depth":2,"value":-1,"x":-120.496,"y":103.059,"angle":0},{"faceUp":true,"depth":2,"value":-1,"x":-307,"y":193.059,"angle":0},{"faceUp":true,"depth":2,"value":-1,"x":295.504,"y":193.059,"angle":0},{"faceUp":true,"depth":2,"value":-1,"x":-307,"y":13.059,"angle":0},{"faceUp":true,"depth":2,"value":-1,"x":295.504,"y":13.059,"angle":0}],"settings":{"disableCombo":false,"cost":1500,"reward":1550,"comboCoinReward":100,"undoCost":[300,450,600],"stars":[30,100,200],"wildCost":[3000],"cardsInStack":[-1,-1,-1,-1,-1,-1,-1,-1,-1,-1,-1,-1,-1,-1,-1,-1,-1,-1],"comboBonus":[5,4,6,4],"extraCardCost":[2000,3000,4000]}}]],0,0,[],[],[]]