[1,["dfWs5BrhhCJ60vEAj1bm7j","e0YpDPKsFBIJDJ3zNtfxAP","e7cLC8gr5IcLWfIFNkvZ8z","acMIjkf1xCkatMw0ZYO0nx"],["_textureSetter"],["cc.SpriteFrame"],0,[[[{"name":"button_store","rect":[11,11,106,106],"offset":[0,0],"originalSize":[128,128],"capInsets":[0,0,0,0]}],[0],0,[0],[0],[0]],[[{"name":"button_bar_eclipse","rect":[0,21,128,86],"offset":[0,0],"originalSize":[128,128],"capInsets":[60,42,54,42]}],[0],0,[0],[0],[1]],[[{"name":"button_settings","rect":[11,11,106,106],"offset":[0,0],"originalSize":[128,128],"capInsets":[0,0,0,0]}],[0],0,[0],[0],[2]],[[{"name":"font_coin_small","rect":[0,2,37,37],"offset":[-4,2],"originalSize":[45,45],"capInsets":[0,0,0,0]}],[0],0,[0],[0],[3]]]]