[1,0,0,[["cc.JsonAsset",["_name","json"],1]],[[0,0,1,3]],[[0,"175",{"cards":[{"faceUp":false,"depth":0,"value":-1,"x":201,"y":-12,"angle":-20},{"faceUp":false,"depth":0,"value":-1,"x":-228,"y":-12,"angle":-20},{"faceUp":false,"depth":0,"value":-1,"x":-111,"y":-48,"angle":-20},{"faceUp":false,"depth":0,"value":-1,"x":6,"y":-66,"angle":-20},{"faceUp":false,"depth":0,"value":-1,"x":84,"y":6,"angle":-20},{"faceUp":false,"depth":0,"value":-1,"x":-244.018,"y":395.599,"angle":0},{"faceUp":false,"depth":0,"value":-1,"x":-140.018,"y":323.599,"angle":0},{"faceUp":false,"depth":0,"value":-1,"x":-244.018,"y":251.599,"angle":0},{"faceUp":false,"depth":0,"value":-1,"x":-140.018,"y":179.599,"angle":0},{"faceUp":false,"depth":0,"value":-1,"x":196.924,"y":321.038,"angle":0},{"faceUp":false,"depth":0,"value":-1,"x":196.924,"y":177.038,"angle":0},{"faceUp":false,"depth":0,"value":-1,"x":92.924,"y":393.038,"angle":0},{"faceUp":false,"depth":0,"value":-1,"x":92.924,"y":249.038,"angle":0},{"faceUp":false,"depth":1,"value":-1,"x":214,"y":-48,"angle":-20},{"faceUp":false,"depth":1,"value":-1,"x":-215,"y":-48,"angle":-20},{"faceUp":false,"depth":1,"value":-1,"x":-98,"y":-84,"angle":-20},{"faceUp":false,"depth":1,"value":-1,"x":19,"y":-102,"angle":-20},{"faceUp":false,"depth":1,"value":-1,"x":97,"y":-30,"angle":-20},{"faceUp":true,"depth":1,"value":-1,"x":-192.018,"y":359.599,"angle":0},{"faceUp":true,"depth":1,"value":-1,"x":-192.018,"y":215.599,"angle":0},{"faceUp":true,"depth":1,"value":-1,"x":144.924,"y":357.038,"angle":0},{"faceUp":true,"depth":1,"value":-1,"x":144.924,"y":213.038,"angle":0},{"faceUp":false,"depth":2,"value":-1,"x":227,"y":-84,"angle":-20},{"faceUp":false,"depth":2,"value":-1,"x":-202,"y":-84,"angle":-20},{"faceUp":false,"depth":2,"value":-1,"x":-85,"y":-120,"angle":-20},{"faceUp":false,"depth":2,"value":-1,"x":32,"y":-138,"angle":-20},{"faceUp":false,"depth":2,"value":-1,"x":110,"y":-66,"angle":-20},{"faceUp":false,"depth":3,"value":-1,"x":240,"y":-120,"angle":-20},{"faceUp":false,"depth":3,"value":-1,"x":-189,"y":-120,"angle":-20},{"faceUp":false,"depth":3,"value":-1,"x":-72,"y":-156,"angle":-20},{"faceUp":false,"depth":3,"value":-1,"x":45,"y":-174,"angle":-20},{"faceUp":false,"depth":3,"value":-1,"x":123,"y":-102,"angle":-20},{"faceUp":false,"depth":4,"value":-1,"x":253,"y":-156,"angle":-20},{"faceUp":false,"depth":4,"value":-1,"x":-176,"y":-156,"angle":-20},{"faceUp":false,"depth":4,"value":-1,"x":-59,"y":-192,"angle":-20},{"faceUp":false,"depth":4,"value":-1,"x":58,"y":-210,"angle":-20},{"faceUp":false,"depth":4,"value":-1,"x":136,"y":-138,"angle":-20},{"faceUp":true,"depth":5,"value":-1,"x":266,"y":-192,"angle":-20},{"faceUp":true,"depth":5,"value":-1,"x":-163,"y":-192,"angle":-20},{"faceUp":true,"depth":5,"value":-1,"x":-46,"y":-228,"angle":-20},{"faceUp":true,"depth":5,"value":-1,"x":71,"y":-246,"angle":-20},{"faceUp":true,"depth":5,"value":-1,"x":149,"y":-174,"angle":-20}],"settings":{"disableCombo":false,"cost":2500,"reward":2650,"comboCoinReward":170,"undoCost":[650,975,1300],"stars":[30,200,300],"wildCost":[7500],"cardsInStack":[-1,-1,-1,-1,-1,-1,-1,-1,-1,-1,-1,-1,-1,-1,-1,-1,-1,-1,-1,-1,-1,-1,-1,-1,-1,-1,-1,-1,-1,-1,-1,-1],"comboBonus":[5,4,6,4],"extraCardCost":[5000,7550,10000]}}]],0,0,[],[],[]]