[1,0,0,[["cc.JsonAsset",["_name","json"],1]],[[0,0,1,3]],[[0,"178",{"cards":[{"faceUp":false,"depth":0,"value":12,"x":-173.457,"y":-34.89,"angle":0},{"faceUp":false,"depth":0,"value":11,"x":73.543,"y":-34.89,"angle":0},{"faceUp":false,"depth":0,"value":1,"x":-173.138,"y":378.511,"angle":0},{"faceUp":false,"depth":0,"value":13,"x":73.862,"y":378.511,"angle":0},{"faceUp":false,"depth":1,"value":-1,"x":-173.457,"y":-88.89,"angle":0},{"faceUp":false,"depth":1,"value":-1,"x":73.543,"y":-88.89,"angle":0},{"faceUp":false,"depth":1,"value":-1,"x":73.862,"y":324.511,"angle":0},{"faceUp":false,"depth":1,"value":-1,"x":-173.138,"y":324.511,"angle":0},{"faceUp":false,"depth":2,"value":13,"x":112.862,"y":378.511,"angle":0},{"faceUp":false,"depth":2,"value":12,"x":-134.457,"y":-34.89,"angle":0},{"faceUp":false,"depth":2,"value":11,"x":112.543,"y":-34.89,"angle":0},{"faceUp":false,"depth":2,"value":1,"x":-134.138,"y":378.511,"angle":0},{"faceUp":false,"depth":3,"value":-1,"x":-134.457,"y":-88.89,"angle":0},{"faceUp":false,"depth":3,"value":-1,"x":-134.138,"y":324.511,"angle":0},{"faceUp":false,"depth":3,"value":-1,"x":112.862,"y":324.511,"angle":0},{"faceUp":false,"depth":3,"value":-1,"x":112.543,"y":-88.89,"angle":0},{"faceUp":false,"depth":4,"value":-1,"x":73.543,"y":-268.89,"angle":0},{"faceUp":false,"depth":4,"value":13,"x":151.862,"y":378.511,"angle":0},{"faceUp":false,"depth":4,"value":12,"x":-95.457,"y":-34.89,"angle":0},{"faceUp":false,"depth":4,"value":-1,"x":-173.138,"y":144.511,"angle":0},{"faceUp":false,"depth":4,"value":-1,"x":-173.457,"y":-268.89,"angle":0},{"faceUp":false,"depth":4,"value":-1,"x":73.862,"y":144.511,"angle":0},{"faceUp":false,"depth":4,"value":1,"x":-95.138,"y":378.511,"angle":0},{"faceUp":false,"depth":4,"value":11,"x":151.543,"y":-34.89,"angle":0},{"faceUp":false,"depth":5,"value":-1,"x":-95.138,"y":324.511,"angle":0},{"faceUp":false,"depth":5,"value":-1,"x":-134.457,"y":-268.89,"angle":0},{"faceUp":false,"depth":5,"value":-1,"x":-95.457,"y":-88.89,"angle":0},{"faceUp":false,"depth":5,"value":-1,"x":151.862,"y":324.511,"angle":0},{"faceUp":false,"depth":5,"value":-1,"x":151.543,"y":-88.89,"angle":0},{"faceUp":false,"depth":5,"value":-1,"x":112.543,"y":-268.89,"angle":0},{"faceUp":false,"depth":5,"value":-1,"x":112.862,"y":144.511,"angle":0},{"faceUp":false,"depth":5,"value":-1,"x":-134.138,"y":144.511,"angle":0},{"faceUp":false,"depth":6,"value":13,"x":190.862,"y":378.511,"angle":0},{"faceUp":false,"depth":6,"value":1,"x":-56.138,"y":378.511,"angle":0},{"faceUp":false,"depth":6,"value":11,"x":190.543,"y":-34.89,"angle":0},{"faceUp":false,"depth":6,"value":12,"x":-56.457,"y":-34.89,"angle":0},{"faceUp":false,"depth":6,"value":-1,"x":-95.457,"y":-268.89,"angle":0},{"faceUp":false,"depth":6,"value":-1,"x":151.543,"y":-268.89,"angle":0},{"faceUp":false,"depth":6,"value":-1,"x":151.862,"y":144.511,"angle":0},{"faceUp":false,"depth":6,"value":-1,"x":-95.138,"y":144.511,"angle":0},{"faceUp":true,"depth":7,"value":-1,"x":-56.457,"y":-268.89,"angle":0},{"faceUp":true,"depth":7,"value":-1,"x":-56.138,"y":324.511,"angle":0},{"faceUp":true,"depth":7,"value":-1,"x":190.862,"y":324.511,"angle":0},{"faceUp":true,"depth":7,"value":-1,"x":190.862,"y":144.511,"angle":0},{"faceUp":true,"depth":7,"value":-1,"x":-56.457,"y":-88.89,"angle":0},{"faceUp":true,"depth":7,"value":-1,"x":190.543,"y":-268.89,"angle":0},{"faceUp":true,"depth":7,"value":-1,"x":-56.138,"y":144.511,"angle":0},{"faceUp":true,"depth":7,"value":-1,"x":190.543,"y":-88.89,"angle":0}],"settings":{"disableCombo":false,"cost":2500,"reward":2650,"comboCoinReward":170,"undoCost":[650,975,1300],"stars":[30,200,300],"wildCost":[7500],"cardsInStack":[-1,-1,-1,-1,-1,-1,-1,-1,-1,-1,-1,-1,-1,-1,-1,-1,-1,-1,-1,-1,-1,-1,-1,-1,-1,-1,-1,-1,-1,-1,-1,-1,-1],"comboBonus":[5,4,6,4],"extraCardCost":[5000,7550,10000]}}]],0,0,[],[],[]]