[1,0,0,[["cc.JsonAsset",["_name","json"],1]],[[0,0,1,3]],[[0,"100",{"cards":[{"faceUp":false,"depth":0,"value":-1,"x":0,"y":454,"angle":0},{"faceUp":false,"depth":0,"value":-1,"x":0,"y":166,"angle":0},{"faceUp":true,"depth":0,"value":-1,"x":310.719,"y":-12.512,"angle":0},{"faceUp":false,"depth":0,"value":-1,"x":310.719,"y":-156.512,"angle":0},{"faceUp":false,"depth":0,"value":-1,"x":310.719,"y":-300.51199999999994,"angle":0},{"faceUp":true,"depth":0,"value":-1,"x":206.719,"y":-12.512,"angle":0},{"faceUp":true,"depth":0,"value":-1,"x":102.719,"y":-12.512,"angle":0},{"faceUp":true,"depth":0,"value":-1,"x":104,"y":454,"angle":0},{"faceUp":false,"depth":0,"value":-1,"x":-104,"y":454,"angle":0},{"faceUp":false,"depth":0,"value":-1,"x":104,"y":310,"angle":0},{"faceUp":false,"depth":0,"value":-1,"x":104,"y":166,"angle":0},{"faceUp":false,"depth":0,"value":-1,"x":-104,"y":310,"angle":0},{"faceUp":true,"depth":0,"value":-1,"x":-104,"y":166,"angle":0},{"faceUp":true,"depth":0,"value":-1,"x":102.719,"y":-156.512,"angle":0},{"faceUp":true,"depth":0,"value":-1,"x":102.719,"y":-300.51199999999994,"angle":0},{"faceUp":false,"depth":0,"value":-1,"x":206.719,"y":-300.51199999999994,"angle":0},{"faceUp":false,"depth":0,"value":-1,"x":-314.048,"y":-15.177999999999997,"angle":0},{"faceUp":false,"depth":0,"value":-1,"x":-210.048,"y":-15.177999999999997,"angle":0},{"faceUp":true,"depth":0,"value":-1,"x":-106.048,"y":-15.177999999999997,"angle":0},{"faceUp":false,"depth":0,"value":-1,"x":-314.048,"y":-159.178,"angle":0},{"faceUp":true,"depth":0,"value":-1,"x":-314.048,"y":-303.178,"angle":0},{"faceUp":true,"depth":0,"value":-1,"x":-106.048,"y":-159.178,"angle":0},{"faceUp":true,"depth":0,"value":-1,"x":-106.048,"y":-303.178,"angle":0},{"faceUp":true,"depth":0,"value":-1,"x":-210.048,"y":-303.178,"angle":0},{"faceUp":false,"depth":1,"value":-1,"x":-275.048,"y":-69.178,"angle":30},{"faceUp":false,"depth":1,"value":-1,"x":0,"y":400,"angle":0},{"faceUp":false,"depth":1,"value":-1,"x":271.719,"y":-228.51199999999994,"angle":30},{"faceUp":true,"depth":2,"value":-1,"x":-249.048,"y":-87.178,"angle":30},{"faceUp":false,"depth":2,"value":-1,"x":0,"y":220,"angle":0},{"faceUp":true,"depth":2,"value":-1,"x":245.719,"y":-210.51199999999994,"angle":30},{"faceUp":false,"depth":3,"value":-1,"x":-52,"y":346,"angle":0},{"faceUp":false,"depth":3,"value":-1,"x":52,"y":274,"angle":0},{"faceUp":true,"depth":4,"value":-1,"x":0,"y":310,"angle":0}],"settings":{"disableCombo":false,"cost":2200,"reward":2400,"comboCoinReward":170,"undoCost":[500,750,1000],"stars":[30,200,300],"wildCost":[6500],"cardsInStack":[-1,-1,-1,-1,-1,-1,-1,-1,-1,-1,-1,-1,-1,-1,-1,-1,-1,-1,-1,-1,-1,-1,-1,-1,-1,-1],"comboBonus":[5,4,6,4],"extraCardCost":[4500,6750,9000]}}]],0,0,[],[],[]]