[1,0,0,[["cc.JsonAsset",["_name","json"],1]],[[0,0,1,3]],[[0,"68",{"cards":[{"faceUp":false,"depth":0,"value":-1,"x":197.218,"y":250.385,"angle":0},{"faceUp":false,"depth":0,"value":-1,"x":-166.782,"y":250.385,"angle":0},{"faceUp":false,"depth":0,"value":-1,"x":-166.782,"y":-37.615,"angle":0},{"faceUp":false,"depth":0,"value":-1,"x":197.218,"y":-37.615,"angle":0},{"faceUp":false,"depth":0,"value":-1,"x":196.383,"y":-215.615,"angle":0},{"faceUp":false,"depth":0,"value":-1,"x":-170.461,"y":-215.615,"angle":0},{"faceUp":false,"depth":1,"value":-1,"x":-153.782,"y":232.385,"angle":0},{"faceUp":false,"depth":1,"value":-1,"x":184.218,"y":232.385,"angle":0},{"faceUp":false,"depth":1,"value":-1,"x":-153.782,"y":-19.615,"angle":0},{"faceUp":false,"depth":1,"value":-1,"x":184.218,"y":-19.615,"angle":0},{"faceUp":false,"depth":1,"value":-1,"x":170.383,"y":-215.615,"angle":0},{"faceUp":false,"depth":1,"value":-1,"x":-144.461,"y":-215.615,"angle":0},{"faceUp":false,"depth":2,"value":-1,"x":-140.782,"y":214.385,"angle":0},{"faceUp":false,"depth":2,"value":-1,"x":171.218,"y":214.385,"angle":0},{"faceUp":false,"depth":2,"value":-1,"x":-140.782,"y":-1.6150000000000002,"angle":0},{"faceUp":false,"depth":2,"value":-1,"x":171.218,"y":-1.6150000000000002,"angle":0},{"faceUp":false,"depth":2,"value":-1,"x":144.383,"y":-215.615,"angle":0},{"faceUp":false,"depth":2,"value":-1,"x":-118.461,"y":-215.615,"angle":0},{"faceUp":false,"depth":3,"value":-1,"x":-127.78199999999998,"y":196.385,"angle":0},{"faceUp":false,"depth":3,"value":-1,"x":158.218,"y":196.385,"angle":0},{"faceUp":false,"depth":3,"value":-1,"x":-127.78199999999998,"y":16.384999999999998,"angle":0},{"faceUp":false,"depth":3,"value":-1,"x":158.218,"y":16.384999999999998,"angle":0},{"faceUp":false,"depth":3,"value":-1,"x":-92.461,"y":-215.615,"angle":0},{"faceUp":false,"depth":3,"value":-1,"x":118.383,"y":-215.615,"angle":0},{"faceUp":true,"depth":4,"value":-1,"x":-114.782,"y":178.385,"angle":0},{"faceUp":true,"depth":4,"value":-1,"x":145.218,"y":178.385,"angle":0},{"faceUp":true,"depth":4,"value":-1,"x":-114.782,"y":34.385,"angle":0},{"faceUp":true,"depth":4,"value":-1,"x":145.218,"y":34.385,"angle":0},{"faceUp":true,"depth":4,"value":-1,"x":-66.461,"y":-215.615,"angle":0},{"faceUp":true,"depth":4,"value":-1,"x":92.383,"y":-215.615,"angle":0}],"settings":{"disableCombo":false,"cost":2000,"reward":2100,"comboCoinReward":150,"undoCost":[500,750,1000],"stars":[30,150,250],"wildCost":[6000],"cardsInStack":[-1,-1,-1,-1,-1,-1,-1,-1,-1,-1,-1,-1,-1,-1,-1,-1,-1,-1,-1,-1,-1,-1],"comboBonus":[5,4,6,4],"extraCardCost":[4000,6000,8000]}}]],0,0,[],[],[]]