[1,0,0,[["cc.JsonAsset",["_name","json"],1]],[[0,0,1,3]],[[0,"290",{"cards":[{"faceUp":false,"depth":0,"value":-1,"x":10.737,"y":-18.987,"angle":0},{"faceUp":false,"depth":0,"value":-1,"x":296.737,"y":-18.987,"angle":0},{"faceUp":false,"depth":0,"value":-1,"x":10.737,"y":-306.987,"angle":0},{"faceUp":false,"depth":0,"value":-1,"x":296.737,"y":-306.987,"angle":0},{"faceUp":false,"depth":0,"value":-1,"x":-107.815,"y":278.806,"angle":0},{"faceUp":false,"depth":1,"value":-1,"x":49.737,"y":-36.987,"angle":0},{"faceUp":false,"depth":1,"value":-1,"x":257.737,"y":-36.987,"angle":0},{"faceUp":false,"depth":1,"value":-1,"x":49.737,"y":-288.987,"angle":0},{"faceUp":false,"depth":1,"value":-1,"x":257.737,"y":-288.987,"angle":0},{"faceUp":false,"depth":1,"value":-1,"x":-159.815,"y":386.806,"angle":0},{"faceUp":false,"depth":1,"value":-1,"x":-159.815,"y":170.806,"angle":0},{"faceUp":false,"depth":1,"value":-1,"x":-55.815,"y":170.806,"angle":0},{"faceUp":false,"depth":1,"value":-1,"x":-55.815,"y":386.806,"angle":0},{"faceUp":false,"depth":2,"value":-1,"x":218.737,"y":-72.987,"angle":0},{"faceUp":false,"depth":2,"value":-1,"x":88.737,"y":-72.987,"angle":0},{"faceUp":false,"depth":2,"value":-1,"x":88.737,"y":-252.987,"angle":0},{"faceUp":false,"depth":2,"value":-1,"x":218.737,"y":-252.987,"angle":0},{"faceUp":false,"depth":2,"value":-1,"x":-198.815,"y":404.806,"angle":0},{"faceUp":false,"depth":2,"value":-1,"x":-16.815,"y":404.806,"angle":0},{"faceUp":false,"depth":2,"value":-1,"x":-198.815,"y":152.806,"angle":0},{"faceUp":false,"depth":2,"value":-1,"x":-16.815,"y":152.806,"angle":0},{"faceUp":false,"depth":3,"value":-1,"x":153.737,"y":-72.987,"angle":0},{"faceUp":false,"depth":3,"value":-1,"x":153.737,"y":-252.987,"angle":0},{"faceUp":false,"depth":3,"value":-1,"x":-237.815,"y":404.806,"angle":0},{"faceUp":false,"depth":3,"value":-1,"x":22.185,"y":404.806,"angle":0},{"faceUp":false,"depth":3,"value":-1,"x":-237.815,"y":152.806,"angle":0},{"faceUp":false,"depth":3,"value":-1,"x":22.185,"y":152.806,"angle":0},{"faceUp":true,"depth":4,"value":-1,"x":153.737,"y":-90.987,"angle":0},{"faceUp":true,"depth":4,"value":-1,"x":153.737,"y":-234.987,"angle":0},{"faceUp":false,"depth":4,"value":-1,"x":-185.815,"y":278.806,"angle":-5},{"faceUp":false,"depth":4,"value":-1,"x":-29.815,"y":278.806,"angle":5},{"faceUp":true,"depth":5,"value":-1,"x":-276.815,"y":404.806,"angle":0},{"faceUp":true,"depth":5,"value":-1,"x":-276.815,"y":152.806,"angle":0},{"faceUp":true,"depth":5,"value":-1,"x":61.185,"y":404.806,"angle":0},{"faceUp":true,"depth":5,"value":-1,"x":61.185,"y":152.806,"angle":0}],"settings":{"disableCombo":false,"cost":2700,"reward":2850,"comboCoinReward":170,"undoCost":[700,1050,1400],"stars":[30,200,300],"wildCost":[8000],"cardsInStack":[-1,-1,-1,-1,-1,-1,-1,-1,-1,-1,-1,-1,-1,-1,-1,-1,-1,-1,-1,-1,-1,-1,-1,-1,-1],"comboBonus":[5,4,6,4],"extraCardCost":[5500,8250,11000]}}]],0,0,[],[],[]]