[1,0,0,[["cc.JsonAsset",["_name","json"],1]],[[0,0,1,3]],[[0,"296",{"cards":[{"faceUp":false,"depth":0,"value":-1,"x":-53.897,"y":301.627,"angle":0},{"faceUp":false,"depth":0,"value":-1,"x":-51.546,"y":-94.595,"angle":0},{"faceUp":false,"depth":1,"value":-1,"x":-1.8970000000000002,"y":337.627,"angle":0},{"faceUp":false,"depth":1,"value":-1,"x":0.4540000000000006,"y":-58.595,"angle":0},{"faceUp":false,"depth":2,"value":-1,"x":-53.897,"y":211.627,"angle":0},{"faceUp":false,"depth":2,"value":-1,"x":-51.546,"y":-184.59500000000003,"angle":0},{"faceUp":false,"depth":2,"value":-1,"x":-196.897,"y":-72.58000000000001,"angle":0},{"faceUp":false,"depth":2,"value":-1,"x":-196.897,"y":143.42000000000002,"angle":0},{"faceUp":false,"depth":3,"value":-1,"x":50.102999999999994,"y":373.627,"angle":0},{"faceUp":false,"depth":3,"value":-1,"x":206.103,"y":373.627,"angle":0},{"faceUp":false,"depth":3,"value":-1,"x":206.103,"y":229.627,"angle":0},{"faceUp":false,"depth":3,"value":-1,"x":208.454,"y":-22.595,"angle":0},{"faceUp":false,"depth":3,"value":-1,"x":52.45399999999999,"y":-22.595,"angle":0},{"faceUp":false,"depth":3,"value":-1,"x":208.454,"y":-166.59500000000003,"angle":0},{"faceUp":true,"depth":3,"value":-1,"x":-196.897,"y":35.42,"angle":0},{"faceUp":false,"depth":4,"value":-1,"x":63.102999999999994,"y":157.627,"angle":0},{"faceUp":false,"depth":4,"value":-1,"x":65.454,"y":-238.59500000000003,"angle":0},{"faceUp":false,"depth":5,"value":-1,"x":128.103,"y":157.627,"angle":0},{"faceUp":true,"depth":5,"value":-1,"x":128.103,"y":373.627,"angle":0},{"faceUp":true,"depth":5,"value":-1,"x":-53.897,"y":157.627,"angle":0},{"faceUp":true,"depth":5,"value":-1,"x":130.454,"y":-22.595,"angle":0},{"faceUp":true,"depth":5,"value":-1,"x":-51.546,"y":-238.59500000000003,"angle":0},{"faceUp":false,"depth":5,"value":-1,"x":130.454,"y":-238.59500000000003,"angle":0},{"faceUp":false,"depth":6,"value":-1,"x":206.103,"y":175.627,"angle":0},{"faceUp":false,"depth":6,"value":-1,"x":208.454,"y":-220.59500000000003,"angle":0},{"faceUp":true,"depth":7,"value":-1,"x":180.103,"y":157.627,"angle":0},{"faceUp":true,"depth":7,"value":-1,"x":182.454,"y":-238.59500000000003,"angle":0}],"settings":{"disableCombo":false,"cost":2700,"reward":2850,"comboCoinReward":170,"undoCost":[700,1050,1400],"stars":[30,200,300],"wildCost":[8000],"cardsInStack":[-1,-1,-1,-1,-1,-1,-1,-1,-1,-1,-1,-1,-1,-1,-1,-1,-1,-1,-1,-1,-1],"comboBonus":[5,4,6,4],"extraCardCost":[5500,8250,11000]}}]],0,0,[],[],[]]