[1,0,0,[["cc.JsonAsset",["_name","json"],1]],[[0,0,1,3]],[[0,"5",{"cards":[{"faceUp":false,"depth":0,"value":4,"x":80.077,"y":180.31,"angle":0},{"faceUp":false,"depth":0,"value":7,"x":58.051,"y":-182.21,"angle":0},{"faceUp":false,"depth":0,"value":8,"x":214.051,"y":-182.21,"angle":0},{"faceUp":false,"depth":0,"value":10,"x":-59.418,"y":-182.094,"angle":0},{"faceUp":false,"depth":0,"value":11,"x":-215.418,"y":-182.094,"angle":0},{"faceUp":false,"depth":0,"value":3,"x":-75.923,"y":180.31,"angle":0},{"faceUp":false,"depth":0,"value":2,"x":80.077,"y":342.31,"angle":0},{"faceUp":false,"depth":0,"value":8,"x":-59.418,"y":-20.094,"angle":0},{"faceUp":false,"depth":0,"value":9,"x":-215.418,"y":-20.094,"angle":0},{"faceUp":false,"depth":0,"value":6,"x":214.051,"y":-20.21,"angle":0},{"faceUp":false,"depth":0,"value":5,"x":58.051,"y":-20.21,"angle":0},{"faceUp":false,"depth":0,"value":1,"x":-75.923,"y":342.31,"angle":0},{"faceUp":true,"depth":1,"value":6,"x":-137.418,"y":-218.094,"angle":0},{"faceUp":true,"depth":1,"value":7,"x":2.077,"y":144.31,"angle":0},{"faceUp":true,"depth":1,"value":8,"x":136.051,"y":-218.21,"angle":0},{"faceUp":true,"depth":1,"value":6,"x":136.051,"y":15.79,"angle":0},{"faceUp":true,"depth":1,"value":5,"x":2.077,"y":378.31,"angle":0},{"faceUp":true,"depth":1,"value":4,"x":-137.418,"y":15.906,"angle":0}],"settings":{"disableCombo":false,"cost":1000,"reward":1050,"comboCoinReward":50,"undoCost":[100,150,400],"stars":[15,80,120],"wildCost":[500],"cardsInStack":[-1,-1,-1,-1,-1,-1,-1,-1,-1,-1,-1,-1,-1,-1,-1],"comboBonus":[4,5,5,5],"extraCardCost":[200,300,500]}}]],0,0,[],[],[]]