[1,0,0,[["cc.JsonAsset",["_name","json"],1]],[[0,0,1,3]],[[0,"157",{"cards":[{"faceUp":false,"depth":0,"value":-1,"x":-264.267,"y":31,"angle":0},{"faceUp":false,"depth":0,"value":-1,"x":129.693,"y":31,"angle":0},{"faceUp":false,"depth":0,"value":-1,"x":259.693,"y":31,"angle":0},{"faceUp":false,"depth":0,"value":-1,"x":-134.267,"y":31,"angle":0},{"faceUp":false,"depth":0,"value":-1,"x":-63.5,"y":387.422,"angle":0},{"faceUp":false,"depth":0,"value":-1,"x":66.5,"y":387.422,"angle":0},{"faceUp":false,"depth":1,"value":-1,"x":-264.267,"y":-23,"angle":0},{"faceUp":false,"depth":1,"value":-1,"x":129.693,"y":-23,"angle":0},{"faceUp":false,"depth":1,"value":-1,"x":259.693,"y":-23,"angle":0},{"faceUp":false,"depth":1,"value":-1,"x":-134.267,"y":-23,"angle":0},{"faceUp":false,"depth":1,"value":-1,"x":-63.5,"y":333.422,"angle":0},{"faceUp":false,"depth":1,"value":-1,"x":66.5,"y":333.422,"angle":0},{"faceUp":false,"depth":2,"value":-1,"x":-264.267,"y":-77,"angle":0},{"faceUp":false,"depth":2,"value":-1,"x":259.693,"y":-77,"angle":0},{"faceUp":false,"depth":2,"value":-1,"x":129.693,"y":-77,"angle":0},{"faceUp":false,"depth":2,"value":-1,"x":-134.267,"y":-77,"angle":0},{"faceUp":false,"depth":2,"value":-1,"x":-63.5,"y":279.422,"angle":0},{"faceUp":false,"depth":2,"value":-1,"x":66.5,"y":279.422,"angle":0},{"faceUp":true,"depth":3,"value":-1,"x":79.5,"y":225.42200000000003,"angle":15},{"faceUp":true,"depth":3,"value":-1,"x":116.69300000000001,"y":-131,"angle":-15},{"faceUp":true,"depth":3,"value":-1,"x":272.693,"y":-131,"angle":15},{"faceUp":true,"depth":3,"value":-1,"x":-121.267,"y":-131,"angle":15},{"faceUp":true,"depth":3,"value":-1,"x":-277.267,"y":-131,"angle":-15},{"faceUp":true,"depth":3,"value":-1,"x":-76.5,"y":225.42200000000003,"angle":-15},{"faceUp":true,"depth":4,"value":-1,"x":194.69299999999998,"y":-185,"angle":0},{"faceUp":true,"depth":4,"value":-1,"x":1.5,"y":171.422,"angle":0},{"faceUp":true,"depth":4,"value":-1,"x":-199.267,"y":-185,"angle":0}],"settings":{"disableCombo":false,"cost":2200,"reward":2400,"comboCoinReward":170,"undoCost":[500,750,1000],"stars":[30,200,300],"wildCost":[6500],"cardsInStack":[-1,-1,-1,-1,-1,-1,-1,-1,-1,-1,-1,-1,-1,-1,-1,-1,-1,-1],"comboBonus":[5,4,6,4],"extraCardCost":[4500,6750,9000]}}]],0,0,[],[],[]]