[1,0,0,[["cc.JsonAsset",["_name","json"],1]],[[0,0,1,3]],[[0,"190",{"cards":[{"faceUp":false,"depth":0,"value":-1,"x":104,"y":-69.652,"angle":10},{"faceUp":false,"depth":0,"value":-1,"x":304.081,"y":350.802,"angle":0},{"faceUp":false,"depth":0,"value":-1,"x":304.081,"y":206.802,"angle":0},{"faceUp":false,"depth":0,"value":1,"x":-78.77000000000001,"y":209.674,"angle":0},{"faceUp":false,"depth":0,"value":1,"x":109.08099999999999,"y":205.802,"angle":0},{"faceUp":false,"depth":0,"value":-1,"x":-91,"y":-285.652,"angle":10},{"faceUp":false,"depth":0,"value":-1,"x":-273.77,"y":353.674,"angle":0},{"faceUp":false,"depth":0,"value":-1,"x":104,"y":-285.652,"angle":-10},{"faceUp":false,"depth":0,"value":-1,"x":-91,"y":-69.652,"angle":-10},{"faceUp":false,"depth":0,"value":-1,"x":109.08099999999999,"y":349.802,"angle":0},{"faceUp":false,"depth":0,"value":-1,"x":-273.77,"y":209.674,"angle":0},{"faceUp":false,"depth":0,"value":-1,"x":-78.77000000000001,"y":353.674,"angle":0},{"faceUp":false,"depth":1,"value":-1,"x":-104.77,"y":173.674,"angle":0},{"faceUp":false,"depth":1,"value":-1,"x":-247.77,"y":173.674,"angle":0},{"faceUp":false,"depth":1,"value":-1,"x":278.081,"y":169.802,"angle":0},{"faceUp":false,"depth":1,"value":-1,"x":135.081,"y":169.802,"angle":0},{"faceUp":true,"depth":1,"value":-1,"x":-52,"y":-249.652,"angle":0},{"faceUp":true,"depth":1,"value":-1,"x":78,"y":-105.652,"angle":0},{"faceUp":true,"depth":1,"value":-1,"x":-52,"y":-105.652,"angle":0},{"faceUp":true,"depth":1,"value":-1,"x":78,"y":-249.652,"angle":0},{"faceUp":false,"depth":1,"value":1,"x":-104.77,"y":389.674,"angle":0},{"faceUp":false,"depth":1,"value":1,"x":-247.77,"y":389.674,"angle":0},{"faceUp":false,"depth":1,"value":1,"x":278.081,"y":385.802,"angle":0},{"faceUp":false,"depth":1,"value":1,"x":135.081,"y":385.802,"angle":0},{"faceUp":true,"depth":2,"value":-1,"x":213.081,"y":403.802,"angle":0},{"faceUp":true,"depth":2,"value":-1,"x":213.081,"y":151.802,"angle":0},{"faceUp":true,"depth":2,"value":-1,"x":-169.77,"y":155.674,"angle":0},{"faceUp":true,"depth":2,"value":-1,"x":-169.77,"y":407.674,"angle":0}],"settings":{"disableCombo":false,"cost":2500,"reward":2650,"comboCoinReward":170,"undoCost":[650,975,1300],"stars":[30,200,300],"wildCost":[7500],"cardsInStack":[-1,-1,-1,-1,-1,-1,-1,-1,-1,-1,-1,-1,-1,-1,-1,-1],"comboBonus":[5,4,6,4],"extraCardCost":[5000,7550,10000]}}]],0,0,[],[],[]]