[1,0,0,[["cc.JsonAsset",["_name","json"],1]],[[0,0,1,3]],[[0,"62",{"cards":[{"faceUp":false,"depth":0,"value":-1,"x":-275.602,"y":117,"angle":0},{"faceUp":false,"depth":0,"value":-1,"x":-93.602,"y":117,"angle":0},{"faceUp":false,"depth":0,"value":-1,"x":88.398,"y":117,"angle":0},{"faceUp":false,"depth":0,"value":-1,"x":270.398,"y":117,"angle":0},{"faceUp":false,"depth":1,"value":-1,"x":-275.602,"y":99,"angle":0},{"faceUp":false,"depth":1,"value":-1,"x":-93.602,"y":99,"angle":0},{"faceUp":false,"depth":1,"value":-1,"x":88.398,"y":99,"angle":0},{"faceUp":false,"depth":1,"value":-1,"x":270.398,"y":99,"angle":0},{"faceUp":false,"depth":2,"value":-1,"x":-275.602,"y":81,"angle":0},{"faceUp":false,"depth":2,"value":-1,"x":-93.602,"y":81,"angle":0},{"faceUp":false,"depth":2,"value":-1,"x":88.398,"y":81,"angle":0},{"faceUp":false,"depth":2,"value":-1,"x":270.398,"y":81,"angle":0},{"faceUp":true,"depth":3,"value":-1,"x":-275.602,"y":63,"angle":0},{"faceUp":true,"depth":3,"value":-1,"x":-93.602,"y":63,"angle":0},{"faceUp":true,"depth":3,"value":-1,"x":88.398,"y":63,"angle":0},{"faceUp":true,"depth":3,"value":-1,"x":270.398,"y":63,"angle":0},{"faceUp":true,"depth":3,"value":13,"x":-275.602,"y":-117,"angle":0},{"faceUp":true,"depth":3,"value":13,"x":-93.602,"y":-117,"angle":0},{"faceUp":true,"depth":3,"value":13,"x":88.398,"y":-117,"angle":0},{"faceUp":true,"depth":3,"value":13,"x":270.398,"y":-117,"angle":0}],"settings":{"disableCombo":false,"cost":2000,"reward":2100,"comboCoinReward":150,"undoCost":[500,750,1000],"stars":[30,150,250],"wildCost":[6000],"cardsInStack":[-1,-1,-1,-1,-1,-1,-1,-1,-1,-1,-1,-1,-1],"comboBonus":[5,4,6,4],"extraCardCost":[4000,6000,8000]}}]],0,0,[],[],[]]