[1,0,0,[["cc.JsonAsset",["_name","json"],1]],[[0,0,1,3]],[[0,"283",{"cards":[{"faceUp":true,"depth":0,"value":-1,"x":-91,"y":-282.475,"angle":0},{"faceUp":true,"depth":0,"value":-1,"x":-195,"y":-264.475,"angle":0},{"faceUp":false,"depth":0,"value":-1,"x":13,"y":-66.475,"angle":0},{"faceUp":true,"depth":0,"value":-1,"x":13,"y":-300.475,"angle":0},{"faceUp":true,"depth":0,"value":-1,"x":117,"y":-282.475,"angle":0},{"faceUp":true,"depth":0,"value":-1,"x":221,"y":-264.475,"angle":0},{"faceUp":false,"depth":1,"value":-1,"x":-79.92,"y":412.351,"angle":0},{"faceUp":false,"depth":1,"value":-1,"x":110.815,"y":411.01,"angle":0},{"faceUp":false,"depth":1,"value":-1,"x":110.815,"y":159.01,"angle":0},{"faceUp":false,"depth":1,"value":-1,"x":-39,"y":-84.475,"angle":0},{"faceUp":false,"depth":1,"value":-1,"x":65,"y":-84.475,"angle":0},{"faceUp":false,"depth":1,"value":-1,"x":-79.92,"y":160.351,"angle":0},{"faceUp":false,"depth":2,"value":-1,"x":-105.92,"y":178.351,"angle":0},{"faceUp":false,"depth":2,"value":-1,"x":136.815,"y":393.01,"angle":0},{"faceUp":false,"depth":2,"value":-1,"x":136.815,"y":177.01,"angle":0},{"faceUp":false,"depth":2,"value":-1,"x":91,"y":-66.475,"angle":0},{"faceUp":false,"depth":2,"value":-1,"x":-78,"y":-66.475,"angle":0},{"faceUp":false,"depth":2,"value":-1,"x":-105.92,"y":394.351,"angle":0},{"faceUp":false,"depth":3,"value":-1,"x":-131.92,"y":196.351,"angle":0},{"faceUp":false,"depth":3,"value":-1,"x":162.815,"y":375.01,"angle":0},{"faceUp":false,"depth":3,"value":-1,"x":162.815,"y":195.01,"angle":0},{"faceUp":false,"depth":3,"value":-1,"x":-130,"y":-48.475,"angle":0},{"faceUp":false,"depth":3,"value":-1,"x":143,"y":-48.475,"angle":0},{"faceUp":false,"depth":3,"value":-1,"x":-131.92,"y":376.351,"angle":0},{"faceUp":true,"depth":4,"value":-1,"x":-144.92,"y":286.351,"angle":0},{"faceUp":true,"depth":4,"value":-1,"x":175.815,"y":285.01,"angle":0},{"faceUp":true,"depth":4,"value":-1,"x":-182,"y":-30.475,"angle":0},{"faceUp":true,"depth":4,"value":-1,"x":195,"y":-30.475,"angle":0}],"settings":{"disableCombo":false,"cost":2700,"reward":2850,"comboCoinReward":170,"undoCost":[700,1050,1400],"stars":[30,200,300],"wildCost":[8000],"cardsInStack":[-1,-1,-1,-1,-1,-1,-1,-1,-1,-1,-1,-1,-1,-1,-1,-1,-1,-1,-1,-1,-1],"comboBonus":[5,4,6,4],"extraCardCost":[5500,8250,11000]}}]],0,0,[],[],[]]