[1,0,0,[["cc.JsonAsset",["_name","json"],1]],[[0,0,1,3]],[[0,"14",{"cards":[{"faceUp":false,"depth":0,"value":-1,"x":282.05,"y":362.202,"angle":0},{"faceUp":false,"depth":1,"value":-1,"x":282.05,"y":337.202,"angle":0},{"faceUp":false,"depth":2,"value":-1,"x":282.05,"y":312.202,"angle":0},{"faceUp":true,"depth":3,"value":-1,"x":282.05,"y":287.202,"angle":0},{"faceUp":false,"depth":0,"value":-1,"x":214.051,"y":-16.003,"angle":0},{"faceUp":false,"depth":0,"value":-1,"x":-147.093,"y":312.634,"angle":0},{"faceUp":false,"depth":0,"value":-1,"x":-4.093,"y":348.634,"angle":0},{"faceUp":false,"depth":0,"value":-1,"x":71.051,"y":19.997,"angle":0},{"faceUp":false,"depth":0,"value":-1,"x":-214.949,"y":19.997,"angle":0},{"faceUp":false,"depth":0,"value":-1,"x":138.907,"y":348.634,"angle":0},{"faceUp":false,"depth":0,"value":-1,"x":-71.949,"y":1.997,"angle":0},{"faceUp":false,"depth":1,"value":-1,"x":71.051,"y":-16.003,"angle":0},{"faceUp":false,"depth":1,"value":-1,"x":-4.093,"y":312.634,"angle":0},{"faceUp":false,"depth":1,"value":-1,"x":-214.949,"y":-16.003,"angle":0},{"faceUp":false,"depth":1,"value":1,"x":214.051,"y":-52.003,"angle":0},{"faceUp":false,"depth":1,"value":1,"x":-147.093,"y":276.634,"angle":0},{"faceUp":false,"depth":1,"value":1,"x":138.907,"y":312.634,"angle":0},{"faceUp":false,"depth":1,"value":1,"x":-71.949,"y":-34.003,"angle":0},{"faceUp":false,"depth":2,"value":-1,"x":-71.949,"y":-52.003,"angle":0},{"faceUp":false,"depth":2,"value":-1,"x":71.051,"y":-34.003,"angle":0},{"faceUp":false,"depth":2,"value":-1,"x":214.051,"y":-70.003,"angle":0},{"faceUp":false,"depth":2,"value":-1,"x":-214.949,"y":-34.003,"angle":0},{"faceUp":false,"depth":2,"value":-1,"x":-147.093,"y":258.634,"angle":0},{"faceUp":false,"depth":2,"value":-1,"x":-4.093,"y":294.634,"angle":0},{"faceUp":false,"depth":2,"value":-1,"x":138.907,"y":294.634,"angle":0},{"faceUp":true,"depth":3,"value":-1,"x":71.051,"y":-52.003,"angle":0},{"faceUp":true,"depth":3,"value":-1,"x":214.051,"y":-88.003,"angle":0},{"faceUp":true,"depth":3,"value":-1,"x":-4.093,"y":276.634,"angle":0},{"faceUp":true,"depth":3,"value":-1,"x":-71.949,"y":-70.003,"angle":0},{"faceUp":true,"depth":3,"value":-1,"x":-147.093,"y":240.634,"angle":0},{"faceUp":true,"depth":3,"value":-1,"x":138.907,"y":276.634,"angle":0},{"faceUp":true,"depth":3,"value":-1,"x":-214.949,"y":-52.003,"angle":0}],"settings":{"disableCombo":false,"cost":1000,"reward":1050,"comboCoinReward":50,"undoCost":[100,150,400],"stars":[15,80,120],"wildCost":[1000],"cardsInStack":[-1,-1,-1,-1,-1,-1,-1,-1,-1,-1,-1,-1],"comboBonus":[5,4,6,6],"extraCardCost":[200,300,500]}}]],0,0,[],[],[]]