[1,0,0,[["cc.JsonAsset",["_name","json"],1]],[[0,0,1,3]],[[0,"64",{"cards":[{"faceUp":false,"depth":0,"value":-1,"x":-181.066,"y":-137.798,"angle":0},{"faceUp":false,"depth":0,"value":-1,"x":-64.066,"y":-137.798,"angle":0},{"faceUp":false,"depth":0,"value":-1,"x":65.934,"y":-137.798,"angle":0},{"faceUp":false,"depth":0,"value":-1,"x":-298.066,"y":-137.798,"angle":0},{"faceUp":false,"depth":0,"value":-1,"x":182.934,"y":-137.798,"angle":0},{"faceUp":false,"depth":0,"value":-1,"x":-295.432,"y":180.473,"angle":0},{"faceUp":false,"depth":0,"value":-1,"x":299.934,"y":-137.798,"angle":0},{"faceUp":false,"depth":0,"value":-1,"x":301.815,"y":178.987,"angle":0},{"faceUp":false,"depth":1,"value":-1,"x":-298.066,"y":-101.798,"angle":0},{"faceUp":false,"depth":1,"value":-1,"x":-295.432,"y":216.473,"angle":0},{"faceUp":false,"depth":1,"value":1,"x":182.934,"y":-101.798,"angle":0},{"faceUp":false,"depth":1,"value":1,"x":-181.066,"y":-101.798,"angle":0},{"faceUp":false,"depth":1,"value":-1,"x":299.934,"y":-101.798,"angle":0},{"faceUp":false,"depth":1,"value":-1,"x":301.815,"y":214.987,"angle":0},{"faceUp":false,"depth":1,"value":-1,"x":65.934,"y":-101.798,"angle":0},{"faceUp":false,"depth":1,"value":-1,"x":-64.066,"y":-101.798,"angle":0},{"faceUp":false,"depth":2,"value":-1,"x":-64.066,"y":-65.798,"angle":0},{"faceUp":false,"depth":2,"value":-1,"x":65.934,"y":-65.798,"angle":0},{"faceUp":true,"depth":2,"value":-1,"x":301.815,"y":250.98700000000002,"angle":0},{"faceUp":true,"depth":2,"value":-1,"x":-295.432,"y":252.473,"angle":0},{"faceUp":false,"depth":2,"value":-1,"x":-298.066,"y":-65.798,"angle":0},{"faceUp":false,"depth":2,"value":-1,"x":299.934,"y":-65.798,"angle":0},{"faceUp":false,"depth":2,"value":1,"x":182.934,"y":-65.798,"angle":0},{"faceUp":false,"depth":2,"value":1,"x":-181.066,"y":-65.798,"angle":0},{"faceUp":false,"depth":3,"value":-1,"x":65.934,"y":-29.798,"angle":0},{"faceUp":true,"depth":3,"value":-1,"x":-298.066,"y":-29.798,"angle":0},{"faceUp":false,"depth":3,"value":-1,"x":-181.066,"y":-29.798,"angle":0},{"faceUp":false,"depth":3,"value":-1,"x":-64.066,"y":-29.798,"angle":0},{"faceUp":false,"depth":3,"value":-1,"x":182.934,"y":-29.798,"angle":0},{"faceUp":true,"depth":3,"value":-1,"x":299.934,"y":-29.798,"angle":0},{"faceUp":true,"depth":4,"value":-1,"x":-181.066,"y":6.202,"angle":0},{"faceUp":true,"depth":4,"value":-1,"x":182.934,"y":6.202,"angle":0},{"faceUp":false,"depth":4,"value":-1,"x":-64.066,"y":6.202,"angle":0},{"faceUp":false,"depth":4,"value":-1,"x":65.934,"y":6.202,"angle":0},{"faceUp":true,"depth":5,"value":-1,"x":65.934,"y":42.202,"angle":0},{"faceUp":true,"depth":5,"value":-1,"x":-64.066,"y":42.202,"angle":0}],"settings":{"disableCombo":false,"cost":2000,"reward":2100,"comboCoinReward":150,"undoCost":[500,750,1000],"stars":[30,150,250],"wildCost":[6000],"cardsInStack":[-1,-1,-1,-1,-1,-1,-1,-1,-1,-1,-1,-1,-1,-1,-1,-1,-1,-1],"comboBonus":[5,4,6,4],"extraCardCost":[4000,6000,8000]}}]],0,0,[],[],[]]