[1,0,0,[["cc.JsonAsset",["_name","json"],1]],[[0,0,1,3]],[[0,"75",{"cards":[{"faceUp":false,"depth":0,"value":-1,"x":14.872,"y":-219.367,"angle":0},{"faceUp":false,"depth":0,"value":-1,"x":131.872,"y":-219.367,"angle":0},{"faceUp":false,"depth":0,"value":-1,"x":-102.128,"y":-219.367,"angle":0},{"faceUp":false,"depth":0,"value":-1,"x":248.872,"y":-219.367,"angle":0},{"faceUp":false,"depth":0,"value":-1,"x":-219.128,"y":-219.367,"angle":0},{"faceUp":false,"depth":0,"value":-1,"x":86.821,"y":220.233,"angle":0},{"faceUp":false,"depth":0,"value":-1,"x":-91.481,"y":214.499,"angle":0},{"faceUp":false,"depth":0,"value":-1,"x":203.821,"y":220.233,"angle":0},{"faceUp":false,"depth":0,"value":-1,"x":-208.481,"y":214.499,"angle":0},{"faceUp":false,"depth":1,"value":-1,"x":-195.481,"y":214.499,"angle":0},{"faceUp":false,"depth":1,"value":-1,"x":190.821,"y":220.233,"angle":0},{"faceUp":false,"depth":1,"value":-1,"x":79.872,"y":-309.367,"angle":0},{"faceUp":false,"depth":1,"value":-1,"x":-37.128,"y":-309.367,"angle":0},{"faceUp":false,"depth":1,"value":-1,"x":-37.128,"y":-129.367,"angle":0},{"faceUp":false,"depth":1,"value":-1,"x":79.872,"y":-129.367,"angle":0},{"faceUp":true,"depth":2,"value":-1,"x":-37.128,"y":-111.367,"angle":0},{"faceUp":true,"depth":2,"value":-1,"x":79.872,"y":-111.367,"angle":0},{"faceUp":true,"depth":2,"value":-1,"x":-37.128,"y":-327.367,"angle":0},{"faceUp":true,"depth":2,"value":-1,"x":79.872,"y":-327.367,"angle":0},{"faceUp":false,"depth":2,"value":-1,"x":-130.481,"y":106.499,"angle":15},{"faceUp":false,"depth":2,"value":-1,"x":-130.481,"y":322.499,"angle":-15},{"faceUp":false,"depth":2,"value":-1,"x":125.821,"y":328.233,"angle":15},{"faceUp":false,"depth":2,"value":-1,"x":-193.128,"y":-111.367,"angle":-15},{"faceUp":false,"depth":2,"value":-1,"x":-193.128,"y":-327.367,"angle":15},{"faceUp":false,"depth":2,"value":-1,"x":222.872,"y":-327.367,"angle":-15},{"faceUp":false,"depth":2,"value":-1,"x":222.872,"y":-111.367,"angle":15},{"faceUp":false,"depth":2,"value":-1,"x":138.821,"y":112.233,"angle":-15},{"faceUp":true,"depth":3,"value":-1,"x":-130.481,"y":88.499,"angle":15},{"faceUp":true,"depth":3,"value":-1,"x":-193.128,"y":-345.367,"angle":15},{"faceUp":true,"depth":3,"value":-1,"x":-193.128,"y":-93.367,"angle":-15},{"faceUp":true,"depth":3,"value":-1,"x":-130.481,"y":340.499,"angle":-15},{"faceUp":true,"depth":3,"value":-1,"x":222.872,"y":-345.367,"angle":-15},{"faceUp":true,"depth":3,"value":-1,"x":222.872,"y":-93.367,"angle":15},{"faceUp":true,"depth":3,"value":-1,"x":125.821,"y":346.233,"angle":15},{"faceUp":true,"depth":3,"value":-1,"x":138.821,"y":94.233,"angle":-15}],"settings":{"disableCombo":false,"cost":2000,"reward":2100,"comboCoinReward":150,"undoCost":[500,750,1000],"stars":[30,150,250],"wildCost":[6000],"cardsInStack":[-1,-1,-1,-1,-1,-1,-1,-1,-1,-1,-1,-1,-1,-1,-1,-1,-1,-1,-1,-1],"comboBonus":[5,4,6,4],"extraCardCost":[4000,6000,8000]}}]],0,0,[],[],[]]