[1,0,0,[["cc.JsonAsset",["_name","json"],1]],[[0,0,1,3]],[[0,"43",{"cards":[{"faceUp":false,"depth":0,"value":-1,"x":254.738,"y":307.826,"angle":-15},{"faceUp":false,"depth":0,"value":-1,"x":93.5,"y":-90,"angle":-15},{"faceUp":false,"depth":0,"value":1,"x":275.5,"y":-90,"angle":-15},{"faceUp":false,"depth":0,"value":1,"x":-270.5,"y":-90,"angle":15},{"faceUp":false,"depth":0,"value":-1,"x":-101.5,"y":144,"angle":15},{"faceUp":false,"depth":0,"value":-1,"x":-257.437,"y":307.826,"angle":15},{"faceUp":false,"depth":0,"value":-1,"x":-88.5,"y":-90,"angle":15},{"faceUp":false,"depth":0,"value":-1,"x":119.5,"y":144,"angle":-15},{"faceUp":false,"depth":1,"value":-1,"x":-101.5,"y":72,"angle":-15},{"faceUp":false,"depth":1,"value":-1,"x":119.5,"y":72,"angle":15},{"faceUp":false,"depth":1,"value":-1,"x":-257.437,"y":253.826,"angle":-15},{"faceUp":false,"depth":1,"value":-1,"x":-270.5,"y":-144,"angle":-15},{"faceUp":false,"depth":1,"value":-1,"x":-88.5,"y":-144,"angle":-15},{"faceUp":false,"depth":1,"value":-1,"x":93.5,"y":-144,"angle":15},{"faceUp":false,"depth":1,"value":-1,"x":275.5,"y":-144,"angle":15},{"faceUp":false,"depth":1,"value":-1,"x":254.738,"y":253.826,"angle":15},{"faceUp":false,"depth":2,"value":-1,"x":-244.437,"y":307.826,"angle":15},{"faceUp":false,"depth":2,"value":-1,"x":-257.5,"y":-90,"angle":15},{"faceUp":false,"depth":2,"value":-1,"x":-75.5,"y":-90,"angle":15},{"faceUp":false,"depth":2,"value":-1,"x":106.5,"y":-90,"angle":-15},{"faceUp":false,"depth":2,"value":-1,"x":288.5,"y":-90,"angle":-15},{"faceUp":false,"depth":2,"value":-1,"x":267.738,"y":307.826,"angle":-15},{"faceUp":false,"depth":2,"value":-1,"x":-88.5,"y":144,"angle":15},{"faceUp":false,"depth":2,"value":-1,"x":106.5,"y":144,"angle":-15},{"faceUp":true,"depth":3,"value":-1,"x":-88.5,"y":72,"angle":-15},{"faceUp":true,"depth":3,"value":-1,"x":132.5,"y":72,"angle":15},{"faceUp":true,"depth":3,"value":-1,"x":-244.437,"y":253.826,"angle":-15},{"faceUp":true,"depth":3,"value":-1,"x":-257.5,"y":-144,"angle":-15},{"faceUp":true,"depth":3,"value":-1,"x":-75.5,"y":-144,"angle":-15},{"faceUp":true,"depth":3,"value":-1,"x":106.5,"y":-144,"angle":15},{"faceUp":true,"depth":3,"value":-1,"x":288.5,"y":-144,"angle":15},{"faceUp":true,"depth":3,"value":-1,"x":267.738,"y":253.826,"angle":15}],"settings":{"disableCombo":false,"cost":1500,"reward":1550,"comboCoinReward":100,"undoCost":[300,450,600],"stars":[30,100,200],"wildCost":[3000],"cardsInStack":[-1,-1,-1,-1,-1,-1,-1,-1,-1,-1,-1,-1,-1,-1,-1,-1,-1],"comboBonus":[5,4,6,4],"extraCardCost":[2000,3000,4000]}}]],0,0,[],[],[]]