[1,0,0,[["cc.JsonAsset",["_name","json"],1]],[[0,0,1,3]],[[0,"60",{"cards":[{"faceUp":false,"depth":0,"value":-1,"x":-58.52,"y":218.604,"angle":0},{"faceUp":false,"depth":0,"value":-1,"x":71.48,"y":218.604,"angle":0},{"faceUp":false,"depth":1,"value":-1,"x":-58.52,"y":254.604,"angle":0},{"faceUp":false,"depth":1,"value":-1,"x":71.48,"y":254.604,"angle":0},{"faceUp":false,"depth":1,"value":-1,"x":201.48,"y":254.604,"angle":0},{"faceUp":false,"depth":1,"value":-1,"x":-188.52,"y":254.604,"angle":0},{"faceUp":false,"depth":2,"value":-1,"x":-58.52,"y":290.604,"angle":0},{"faceUp":false,"depth":2,"value":-1,"x":71.48,"y":290.604,"angle":0},{"faceUp":false,"depth":2,"value":-1,"x":201.48,"y":290.604,"angle":0},{"faceUp":false,"depth":2,"value":-1,"x":-188.52,"y":290.604,"angle":0},{"faceUp":false,"depth":2,"value":-1,"x":-318.52,"y":290.604,"angle":0},{"faceUp":false,"depth":2,"value":-1,"x":331.48,"y":290.604,"angle":0},{"faceUp":false,"depth":3,"value":-1,"x":-318.52,"y":326.604,"angle":0},{"faceUp":false,"depth":3,"value":-1,"x":-188.52,"y":326.604,"angle":0},{"faceUp":false,"depth":3,"value":-1,"x":-58.52,"y":326.604,"angle":0},{"faceUp":false,"depth":3,"value":-1,"x":71.48,"y":326.604,"angle":0},{"faceUp":false,"depth":3,"value":-1,"x":201.48,"y":326.604,"angle":0},{"faceUp":false,"depth":3,"value":-1,"x":331.48,"y":326.604,"angle":0},{"faceUp":false,"depth":3,"value":-1,"x":-57.766,"y":-46.075,"angle":0},{"faceUp":false,"depth":3,"value":-1,"x":72.465,"y":-45.026,"angle":0},{"faceUp":false,"depth":4,"value":-1,"x":-188.52,"y":362.604,"angle":0},{"faceUp":false,"depth":4,"value":-1,"x":-58.52,"y":362.604,"angle":0},{"faceUp":false,"depth":4,"value":-1,"x":-57.766,"y":-10.075,"angle":0},{"faceUp":false,"depth":4,"value":-1,"x":72.465,"y":-9.026,"angle":0},{"faceUp":false,"depth":4,"value":-1,"x":71.48,"y":362.604,"angle":0},{"faceUp":false,"depth":4,"value":-1,"x":201.48,"y":362.604,"angle":0},{"faceUp":false,"depth":4,"value":-1,"x":-318.52,"y":362.604,"angle":0},{"faceUp":false,"depth":4,"value":-1,"x":331.48,"y":362.604,"angle":0},{"faceUp":true,"depth":5,"value":-1,"x":-57.766,"y":25.925,"angle":0},{"faceUp":true,"depth":5,"value":-1,"x":-318.52,"y":398.604,"angle":0},{"faceUp":true,"depth":5,"value":-1,"x":-188.52,"y":398.604,"angle":0},{"faceUp":true,"depth":5,"value":-1,"x":-58.52,"y":398.604,"angle":0},{"faceUp":true,"depth":5,"value":-1,"x":71.48,"y":398.604,"angle":0},{"faceUp":true,"depth":5,"value":-1,"x":201.48,"y":398.604,"angle":0},{"faceUp":true,"depth":5,"value":-1,"x":331.48,"y":398.604,"angle":0},{"faceUp":true,"depth":5,"value":-1,"x":72.465,"y":26.974,"angle":0}],"settings":{"disableCombo":false,"cost":2000,"reward":2100,"comboCoinReward":150,"undoCost":[500,750,1000],"stars":[30,150,250],"wildCost":[6000],"cardsInStack":[-1,-1,-1,-1,-1,-1,-1,-1,-1,-1,-1,-1,-1,-1,-1,-1,-1,-1,-1,-1],"comboBonus":[6,5,4,5],"extraCardCost":[4000,6000,8000]}}]],0,0,[],[],[]]