[1,0,0,[["cc.JsonAsset",["_name","json"],1]],[[0,0,1,3]],[[0,"135",{"cards":[{"faceUp":false,"depth":0,"value":-1,"x":189.209,"y":-57.385,"angle":0},{"faceUp":false,"depth":0,"value":-1,"x":-159.067,"y":373.607,"angle":0},{"faceUp":false,"depth":0,"value":-1,"x":150.209,"y":-255.385,"angle":0},{"faceUp":false,"depth":0,"value":-1,"x":-120.067,"y":175.607,"angle":0},{"faceUp":false,"depth":0,"value":-1,"x":46.209,"y":-3.385,"angle":0},{"faceUp":false,"depth":0,"value":-1,"x":-16.067,"y":427.607,"angle":0},{"faceUp":false,"depth":1,"value":-1,"x":176.209,"y":-39.385,"angle":0},{"faceUp":false,"depth":1,"value":-1,"x":-146.067,"y":391.607,"angle":0},{"faceUp":false,"depth":1,"value":-1,"x":163.209,"y":-237.385,"angle":0},{"faceUp":false,"depth":1,"value":-1,"x":-133.067,"y":193.607,"angle":0},{"faceUp":false,"depth":1,"value":-1,"x":139.933,"y":391.607,"angle":0},{"faceUp":false,"depth":1,"value":-1,"x":35.933,"y":391.607,"angle":0},{"faceUp":false,"depth":1,"value":-1,"x":-5.791,"y":-39.385,"angle":0},{"faceUp":false,"depth":1,"value":-1,"x":-109.791,"y":-39.385,"angle":0},{"faceUp":false,"depth":2,"value":-1,"x":176.209,"y":-219.385,"angle":0},{"faceUp":false,"depth":2,"value":-1,"x":-146.067,"y":211.607,"angle":0},{"faceUp":false,"depth":2,"value":-1,"x":163.209,"y":-21.385,"angle":0},{"faceUp":false,"depth":2,"value":-1,"x":-133.067,"y":409.607,"angle":0},{"faceUp":false,"depth":2,"value":-1,"x":87.933,"y":319.607,"angle":0},{"faceUp":false,"depth":2,"value":-1,"x":-57.791,"y":-111.385,"angle":0},{"faceUp":true,"depth":3,"value":-1,"x":189.209,"y":-201.385,"angle":0},{"faceUp":true,"depth":3,"value":-1,"x":-159.067,"y":229.607,"angle":0},{"faceUp":true,"depth":3,"value":-1,"x":150.209,"y":-3.385,"angle":0},{"faceUp":true,"depth":3,"value":-1,"x":-120.067,"y":427.607,"angle":0},{"faceUp":false,"depth":3,"value":-1,"x":35.933,"y":247.607,"angle":0},{"faceUp":true,"depth":3,"value":-1,"x":139.933,"y":247.607,"angle":0},{"faceUp":true,"depth":3,"value":-1,"x":-109.791,"y":-183.385,"angle":0},{"faceUp":false,"depth":3,"value":-1,"x":-5.791,"y":-183.385,"angle":0},{"faceUp":true,"depth":4,"value":-1,"x":46.209,"y":-255.385,"angle":0},{"faceUp":true,"depth":4,"value":-1,"x":-16.067,"y":175.607,"angle":0}],"settings":{"disableCombo":false,"cost":2200,"reward":2400,"comboCoinReward":170,"undoCost":[500,750,1000],"stars":[30,200,300],"wildCost":[6500],"cardsInStack":[-1,-1,-1,-1,-1,-1,-1,-1,-1,-1,-1,-1,-1,-1,-1,-1,-1,-1,-1,-1,-1],"comboBonus":[5,4,6,4],"extraCardCost":[4500,6750,9000]}}]],0,0,[],[],[]]