[1,0,0,[["cc.JsonAsset",["_name","json"],1]],[[0,0,1,3]],[[0,"272",{"cards":[{"faceUp":false,"depth":0,"value":-1,"x":8.173,"y":366.892,"angle":0},{"faceUp":false,"depth":0,"value":-1,"x":-173.689,"y":-17.174,"angle":0},{"faceUp":false,"depth":0,"value":-1,"x":191.622,"y":-17.174,"angle":0},{"faceUp":false,"depth":1,"value":-1,"x":-69.827,"y":348.892,"angle":0},{"faceUp":false,"depth":1,"value":-1,"x":86.173,"y":348.892,"angle":0},{"faceUp":false,"depth":1,"value":-1,"x":-251.689,"y":-35.174,"angle":0},{"faceUp":false,"depth":1,"value":-1,"x":-95.689,"y":-35.174,"angle":0},{"faceUp":false,"depth":1,"value":-1,"x":113.622,"y":-35.174,"angle":0},{"faceUp":false,"depth":1,"value":-1,"x":269.622,"y":-35.174,"angle":0},{"faceUp":false,"depth":2,"value":-1,"x":-264.689,"y":-71.174,"angle":0},{"faceUp":false,"depth":2,"value":-1,"x":-82.689,"y":-71.174,"angle":0},{"faceUp":false,"depth":2,"value":-1,"x":100.622,"y":-71.174,"angle":0},{"faceUp":false,"depth":2,"value":-1,"x":282.622,"y":-71.174,"angle":0},{"faceUp":false,"depth":3,"value":-1,"x":-69.689,"y":-107.174,"angle":0},{"faceUp":false,"depth":3,"value":-1,"x":-277.689,"y":-107.174,"angle":0},{"faceUp":false,"depth":3,"value":-1,"x":295.622,"y":-107.174,"angle":0},{"faceUp":false,"depth":3,"value":-1,"x":87.622,"y":-107.174,"angle":0},{"faceUp":false,"depth":4,"value":-1,"x":8.173,"y":150.892,"angle":0},{"faceUp":false,"depth":4,"value":-1,"x":112.173,"y":150.892,"angle":0},{"faceUp":true,"depth":4,"value":-1,"x":87.622,"y":-233.174,"angle":0},{"faceUp":true,"depth":4,"value":-1,"x":191.622,"y":-233.174,"angle":0},{"faceUp":true,"depth":4,"value":-1,"x":295.622,"y":-233.174,"angle":0},{"faceUp":false,"depth":4,"value":-1,"x":-95.827,"y":150.892,"angle":0},{"faceUp":true,"depth":4,"value":-1,"x":-69.689,"y":-233.174,"angle":0},{"faceUp":true,"depth":4,"value":-1,"x":-173.689,"y":-233.174,"angle":0},{"faceUp":true,"depth":4,"value":-1,"x":-277.689,"y":-233.174,"angle":0},{"faceUp":true,"depth":5,"value":-1,"x":-56.827,"y":258.892,"angle":0},{"faceUp":true,"depth":5,"value":-1,"x":73.173,"y":258.892,"angle":0}],"settings":{"disableCombo":false,"cost":2700,"reward":2850,"comboCoinReward":170,"undoCost":[700,1050,1400],"stars":[30,200,300],"wildCost":[8000],"cardsInStack":[-1,-1,-1,-1,-1,-1,-1,-1,-1,-1,-1,-1,-1,-1,-1,-1,-1],"comboBonus":[5,4,6,4],"extraCardCost":[5500,8250,11000]}}]],0,0,[],[],[]]