[1,0,0,[["cc.JsonAsset",["_name","json"],1]],[[0,0,1,3]],[[0,"49",{"cards":[{"faceUp":false,"depth":0,"value":-1,"x":-199.386,"y":179.129,"angle":0},{"faceUp":false,"depth":0,"value":-1,"x":60.614,"y":179.129,"angle":0},{"faceUp":false,"depth":0,"value":-1,"x":320.614,"y":179.129,"angle":0},{"faceUp":false,"depth":0,"value":-1,"x":-210.054,"y":380.58,"angle":0},{"faceUp":false,"depth":0,"value":-1,"x":-80.054,"y":380.58,"angle":0},{"faceUp":false,"depth":0,"value":-1,"x":49.946,"y":380.58,"angle":0},{"faceUp":false,"depth":0,"value":-1,"x":179.946,"y":380.58,"angle":0},{"faceUp":false,"depth":1,"value":-1,"x":-264.386,"y":287.129,"angle":0},{"faceUp":false,"depth":1,"value":-1,"x":-134.386,"y":287.129,"angle":0},{"faceUp":false,"depth":1,"value":-1,"x":-4.386,"y":287.129,"angle":0},{"faceUp":false,"depth":1,"value":-1,"x":125.614,"y":287.129,"angle":0},{"faceUp":false,"depth":1,"value":-1,"x":255.614,"y":287.129,"angle":0},{"faceUp":false,"depth":2,"value":-1,"x":-69.386,"y":17.129,"angle":0},{"faceUp":false,"depth":2,"value":-1,"x":-329.386,"y":17.129,"angle":0},{"faceUp":false,"depth":2,"value":-1,"x":190.614,"y":17.129,"angle":0},{"faceUp":false,"depth":2,"value":-1,"x":-329.386,"y":179.129,"angle":0},{"faceUp":false,"depth":2,"value":-1,"x":-69.386,"y":179.129,"angle":0},{"faceUp":false,"depth":2,"value":-1,"x":190.614,"y":179.129,"angle":0},{"faceUp":false,"depth":3,"value":-1,"x":-4.386,"y":125.129,"angle":0},{"faceUp":false,"depth":3,"value":-1,"x":125.614,"y":125.129,"angle":0},{"faceUp":false,"depth":3,"value":-1,"x":255.614,"y":125.129,"angle":0},{"faceUp":false,"depth":3,"value":-1,"x":-134.386,"y":125.129,"angle":0},{"faceUp":false,"depth":3,"value":-1,"x":-264.386,"y":125.129,"angle":0},{"faceUp":true,"depth":4,"value":-1,"x":60.614,"y":17.129,"angle":0},{"faceUp":true,"depth":4,"value":-1,"x":-199.386,"y":17.129,"angle":0},{"faceUp":true,"depth":4,"value":-1,"x":320.614,"y":17.129,"angle":0}],"settings":{"disableCombo":false,"cost":1500,"reward":1550,"comboCoinReward":100,"undoCost":[400,600,800],"stars":[30,100,200],"wildCost":[4500],"cardsInStack":[-1,-1,-1,-1,-1,-1,-1,-1,-1,-1,-1,-1,-1,-1,-1,-1,-1,-1,-1,-1],"comboBonus":[5,4,6,4],"extraCardCost":[3000,4500,6000]}}]],0,0,[],[],[]]