[1,0,0,[["cc.JsonAsset",["_name","json"],1]],[[0,0,1,3]],[[0,"104",{"cards":[{"faceUp":false,"depth":0,"value":-1,"x":-70.967,"y":28.556,"angle":0},{"faceUp":false,"depth":0,"value":-1,"x":-200.967,"y":28.556,"angle":0},{"faceUp":false,"depth":0,"value":-1,"x":-330.967,"y":28.556,"angle":0},{"faceUp":false,"depth":0,"value":-1,"x":-330.967,"y":190.556,"angle":0},{"faceUp":false,"depth":0,"value":-1,"x":-200.967,"y":190.556,"angle":0},{"faceUp":true,"depth":1,"value":-1,"x":-330.967,"y":244.556,"angle":0},{"faceUp":true,"depth":1,"value":-1,"x":-200.967,"y":244.556,"angle":0},{"faceUp":true,"depth":1,"value":-1,"x":-330.967,"y":-25.444,"angle":0},{"faceUp":true,"depth":1,"value":-1,"x":-200.967,"y":-25.444,"angle":0},{"faceUp":true,"depth":1,"value":-1,"x":-70.967,"y":-25.444,"angle":0},{"faceUp":false,"depth":2,"value":-1,"x":72.033,"y":-7.444,"angle":0},{"faceUp":false,"depth":2,"value":-1,"x":202.033,"y":-7.444,"angle":0},{"faceUp":false,"depth":2,"value":-1,"x":332.033,"y":-7.444,"angle":0},{"faceUp":true,"depth":3,"value":1,"x":332.033,"y":-25.444,"angle":0},{"faceUp":true,"depth":3,"value":1,"x":202.033,"y":-25.444,"angle":0},{"faceUp":true,"depth":3,"value":1,"x":72.033,"y":-25.444,"angle":0}],"settings":{"disableCombo":false,"cost":2200,"reward":2400,"comboCoinReward":170,"undoCost":[500,750,1000],"stars":[30,200,300],"wildCost":[6500],"cardsInStack":[-1,-1,-1,-1,-1,-1,-1,-1,-1,-1,-1,-1,-1],"comboBonus":[5,4,6,4],"extraCardCost":[4500,6750,9000]}}]],0,0,[],[],[]]