[1,0,0,[["cc.JsonAsset",["_name","json"],1]],[[0,0,1,3]],[[0,"292",{"cards":[{"faceUp":false,"depth":0,"value":-1,"x":-328.744,"y":341.171,"angle":-15},{"faceUp":false,"depth":0,"value":-1,"x":-146.744,"y":341.171,"angle":15},{"faceUp":false,"depth":1,"value":-1,"x":-328.744,"y":287.171,"angle":-15},{"faceUp":false,"depth":1,"value":-1,"x":-146.744,"y":287.171,"angle":15},{"faceUp":false,"depth":2,"value":-1,"x":-328.744,"y":233.171,"angle":-15},{"faceUp":false,"depth":2,"value":-1,"x":-146.744,"y":233.171,"angle":15},{"faceUp":false,"depth":3,"value":-1,"x":-237.744,"y":377.171,"angle":0},{"faceUp":false,"depth":4,"value":-1,"x":-237.744,"y":305.171,"angle":0},{"faceUp":true,"depth":5,"value":-1,"x":-237.744,"y":251.171,"angle":0},{"faceUp":false,"depth":5,"value":-1,"x":49.596,"y":-186.512,"angle":0},{"faceUp":false,"depth":5,"value":-1,"x":179.596,"y":-168.512,"angle":-10},{"faceUp":false,"depth":5,"value":-1,"x":309.596,"y":-150.512,"angle":-20},{"faceUp":false,"depth":5,"value":-1,"x":-80.404,"y":-168.512,"angle":10},{"faceUp":false,"depth":5,"value":-1,"x":-210.404,"y":-150.512,"angle":20},{"faceUp":false,"depth":5,"value":-1,"x":-210.404,"y":29.488,"angle":-20},{"faceUp":false,"depth":5,"value":-1,"x":-80.404,"y":47.488,"angle":-10},{"faceUp":false,"depth":5,"value":-1,"x":49.596,"y":65.488,"angle":0},{"faceUp":false,"depth":5,"value":-1,"x":179.596,"y":47.488,"angle":10},{"faceUp":false,"depth":5,"value":-1,"x":309.596,"y":29.488,"angle":20},{"faceUp":false,"depth":6,"value":-1,"x":-132.404,"y":-60.512,"angle":0},{"faceUp":false,"depth":6,"value":-1,"x":-15.404,"y":-60.512,"angle":0},{"faceUp":false,"depth":6,"value":-1,"x":101.596,"y":-60.512,"angle":0},{"faceUp":false,"depth":6,"value":-1,"x":218.596,"y":-60.512,"angle":0},{"faceUp":false,"depth":7,"value":-1,"x":-67.404,"y":-60.512,"angle":0},{"faceUp":false,"depth":7,"value":-1,"x":49.596,"y":-60.512,"angle":0},{"faceUp":false,"depth":7,"value":-1,"x":166.596,"y":-60.512,"angle":0},{"faceUp":true,"depth":8,"value":-1,"x":101.596,"y":-60.512,"angle":0},{"faceUp":true,"depth":8,"value":-1,"x":-2.404,"y":-60.512,"angle":0}],"settings":{"disableCombo":false,"cost":2700,"reward":2850,"comboCoinReward":170,"undoCost":[700,1050,1400],"stars":[30,200,300],"wildCost":[8000],"cardsInStack":[-1,-1,-1,-1,-1,-1,-1,-1,-1,-1,-1,-1,-1,-1,-1,-1,-1,-1],"comboBonus":[5,4,6,4],"extraCardCost":[5500,8250,11000]}}]],0,0,[],[],[]]