[1,0,0,[["cc.JsonAsset",["_name","json"],1]],[[0,0,1,3]],[[0,"208",{"cards":[{"faceUp":false,"depth":0,"value":-1,"x":317.52,"y":179.864,"angle":10},{"faceUp":false,"depth":0,"value":-1,"x":-192.48,"y":197.864,"angle":-5},{"faceUp":false,"depth":0,"value":-1,"x":-322.48,"y":179.864,"angle":-10},{"faceUp":false,"depth":0,"value":-1,"x":-62.48,"y":197.864,"angle":0},{"faceUp":false,"depth":0,"value":-1,"x":57.52,"y":197.864,"angle":0},{"faceUp":false,"depth":0,"value":-1,"x":187.52,"y":197.864,"angle":5},{"faceUp":false,"depth":1,"value":-1,"x":-101.48,"y":-0.136,"angle":0},{"faceUp":false,"depth":1,"value":-1,"x":-231.48,"y":-0.136,"angle":0},{"faceUp":false,"depth":1,"value":-1,"x":226.52,"y":-0.136,"angle":0},{"faceUp":false,"depth":1,"value":-1,"x":-361.48,"y":-0.136,"angle":0},{"faceUp":false,"depth":1,"value":-1,"x":356.52,"y":-0.136,"angle":0},{"faceUp":false,"depth":1,"value":-1,"x":96.52,"y":-0.136,"angle":0},{"faceUp":false,"depth":2,"value":-1,"x":-231.48,"y":35.864,"angle":0},{"faceUp":false,"depth":2,"value":-1,"x":-101.48,"y":35.864,"angle":0},{"faceUp":false,"depth":2,"value":-1,"x":226.52,"y":35.864,"angle":0},{"faceUp":false,"depth":2,"value":-1,"x":-361.48,"y":35.864,"angle":0},{"faceUp":false,"depth":2,"value":-1,"x":356.52,"y":35.864,"angle":0},{"faceUp":false,"depth":2,"value":-1,"x":96.52,"y":35.864,"angle":0},{"faceUp":false,"depth":3,"value":-1,"x":-231.48,"y":71.864,"angle":0},{"faceUp":false,"depth":3,"value":-1,"x":-101.48,"y":71.864,"angle":0},{"faceUp":false,"depth":3,"value":-1,"x":226.52,"y":71.864,"angle":0},{"faceUp":true,"depth":3,"value":-1,"x":-361.48,"y":71.864,"angle":0},{"faceUp":true,"depth":3,"value":-1,"x":356.52,"y":71.864,"angle":0},{"faceUp":false,"depth":3,"value":-1,"x":96.52,"y":71.864,"angle":0},{"faceUp":true,"depth":4,"value":-1,"x":-231.48,"y":107.864,"angle":0},{"faceUp":true,"depth":4,"value":-1,"x":-101.48,"y":107.864,"angle":0},{"faceUp":true,"depth":4,"value":-1,"x":226.52,"y":107.864,"angle":0},{"faceUp":true,"depth":4,"value":-1,"x":96.52,"y":107.864,"angle":0}],"settings":{"disableCombo":false,"cost":2600,"reward":2750,"comboCoinReward":170,"undoCost":[650,975,1300],"stars":[30,200,300],"wildCost":[7800],"cardsInStack":[-1,-1,-1,-1,-1,-1,-1,-1,-1,-1,-1,-1,-1,-1,-1,-1,-1],"comboBonus":[5,4,6,4],"extraCardCost":[5000,7550,10000]}}]],0,0,[],[],[]]