[1,0,0,[["cc.JsonAsset",["_name","json"],1]],[[0,0,1,3]],[[0,"162",{"cards":[{"faceUp":false,"depth":0,"value":-1,"x":-354,"y":128.031,"angle":0},{"faceUp":false,"depth":0,"value":-1,"x":-237,"y":128.031,"angle":0},{"faceUp":false,"depth":0,"value":-1,"x":-120,"y":128.031,"angle":0},{"faceUp":false,"depth":0,"value":-1,"x":-3,"y":128.031,"angle":0},{"faceUp":false,"depth":0,"value":-1,"x":114,"y":128.031,"angle":0},{"faceUp":false,"depth":0,"value":-1,"x":348,"y":128.031,"angle":0},{"faceUp":false,"depth":0,"value":1,"x":231,"y":128.031,"angle":0},{"faceUp":true,"depth":2,"value":-1,"x":347.176,"y":-39.674,"angle":0},{"faceUp":true,"depth":2,"value":-1,"x":209.529,"y":-39.674,"angle":0},{"faceUp":true,"depth":2,"value":-1,"x":71.882,"y":-39.674,"angle":0},{"faceUp":true,"depth":2,"value":-1,"x":-65.765,"y":-39.674,"angle":0},{"faceUp":true,"depth":2,"value":-1,"x":-203.412,"y":-39.674,"angle":0},{"faceUp":true,"depth":2,"value":-1,"x":-341.059,"y":-39.674,"angle":0},{"faceUp":false,"depth":1,"value":-1,"x":-289,"y":164.031,"angle":0},{"faceUp":false,"depth":1,"value":-1,"x":-172,"y":164.031,"angle":0},{"faceUp":false,"depth":1,"value":-1,"x":-55,"y":164.031,"angle":0},{"faceUp":false,"depth":1,"value":-1,"x":62,"y":164.031,"angle":0},{"faceUp":false,"depth":1,"value":-1,"x":179,"y":164.031,"angle":0},{"faceUp":false,"depth":1,"value":-1,"x":296,"y":164.031,"angle":0},{"faceUp":true,"depth":2,"value":-1,"x":-211,"y":249.874,"angle":0},{"faceUp":true,"depth":2,"value":-1,"x":-94,"y":249.874,"angle":0},{"faceUp":true,"depth":2,"value":-1,"x":23,"y":249.874,"angle":0},{"faceUp":true,"depth":2,"value":-1,"x":140,"y":249.874,"angle":0},{"faceUp":true,"depth":2,"value":-1,"x":257,"y":249.874,"angle":0},{"faceUp":true,"depth":2,"value":-1,"x":374,"y":249.874,"angle":0},{"faceUp":true,"depth":2,"value":-1,"x":-328,"y":249.874,"angle":0}],"settings":{"disableCombo":false,"cost":2200,"reward":2400,"comboCoinReward":170,"undoCost":[500,750,1000],"stars":[30,200,300],"wildCost":[6500],"cardsInStack":[-1,-1,-1,-1,-1,-1,-1,-1,-1,-1,-1,-1,-1,-1,-1,-1],"comboBonus":[5,4,6,4],"extraCardCost":[4500,6750,9000]}}]],0,0,[],[],[]]