[1,0,0,[["cc.JsonAsset",["_name","json"],1]],[[0,0,1,3]],[[0,"158",{"cards":[{"faceUp":false,"depth":0,"value":-1,"x":-200.741,"y":221.923,"angle":0},{"faceUp":false,"depth":0,"value":-1,"x":-70.741,"y":221.923,"angle":0},{"faceUp":false,"depth":0,"value":-1,"x":-200.741,"y":5.923,"angle":0},{"faceUp":false,"depth":0,"value":-1,"x":-70.741,"y":5.923,"angle":0},{"faceUp":false,"depth":0,"value":-1,"x":111.259,"y":221.923,"angle":0},{"faceUp":false,"depth":0,"value":-1,"x":111.259,"y":5.923,"angle":0},{"faceUp":false,"depth":1,"value":-1,"x":-135.741,"y":257.923,"angle":0},{"faceUp":false,"depth":1,"value":-1,"x":-135.741,"y":-30.077,"angle":0},{"faceUp":false,"depth":1,"value":-1,"x":150.259,"y":221.923,"angle":0},{"faceUp":false,"depth":1,"value":-1,"x":150.259,"y":5.923,"angle":0},{"faceUp":true,"depth":2,"value":-1,"x":-83.741,"y":203.923,"angle":0},{"faceUp":true,"depth":2,"value":-1,"x":-187.741,"y":203.923,"angle":0},{"faceUp":true,"depth":2,"value":-1,"x":-187.741,"y":23.923,"angle":0},{"faceUp":true,"depth":2,"value":-1,"x":-83.741,"y":23.923,"angle":0},{"faceUp":false,"depth":2,"value":-1,"x":189.259,"y":221.923,"angle":0},{"faceUp":false,"depth":2,"value":-1,"x":189.259,"y":5.923,"angle":0},{"faceUp":true,"depth":3,"value":-1,"x":228.259,"y":221.923,"angle":0},{"faceUp":true,"depth":3,"value":-1,"x":228.259,"y":5.923,"angle":0}],"settings":{"disableCombo":false,"cost":2200,"reward":2400,"comboCoinReward":170,"undoCost":[500,750,1000],"stars":[30,200,300],"wildCost":[6500],"cardsInStack":[-1,-1,-1,-1,-1,-1,-1,-1,-1,-1,-1,-1],"comboBonus":[5,4,6,4],"extraCardCost":[4500,6750,9000]}}]],0,0,[],[],[]]