[1,0,0,[["cc.JsonAsset",["_name","json"],1]],[[0,0,1,3]],[[0,"159",{"cards":[{"faceUp":false,"depth":0,"value":-1,"x":241.474,"y":193.114,"angle":0},{"faceUp":false,"depth":0,"value":-1,"x":-112.368,"y":-99.253,"angle":0},{"faceUp":false,"depth":0,"value":-1,"x":4.6320000000000014,"y":-99.253,"angle":0},{"faceUp":false,"depth":0,"value":-1,"x":121.632,"y":-99.253,"angle":0},{"faceUp":true,"depth":0,"value":-1,"x":238.632,"y":-99.253,"angle":0},{"faceUp":false,"depth":0,"value":-1,"x":124.474,"y":193.114,"angle":0},{"faceUp":false,"depth":0,"value":-1,"x":7.474,"y":193.114,"angle":0},{"faceUp":false,"depth":0,"value":-1,"x":-109.526,"y":193.114,"angle":0},{"faceUp":false,"depth":0,"value":-1,"x":-226.526,"y":193.114,"angle":0},{"faceUp":true,"depth":0,"value":-1,"x":-225.607,"y":-100.789,"angle":0},{"faceUp":false,"depth":1,"value":-1,"x":189.474,"y":247.114,"angle":0},{"faceUp":false,"depth":1,"value":-1,"x":72.474,"y":247.114,"angle":0},{"faceUp":false,"depth":1,"value":-1,"x":-44.526,"y":247.114,"angle":0},{"faceUp":false,"depth":1,"value":-1,"x":-161.526,"y":247.114,"angle":0},{"faceUp":false,"depth":1,"value":-1,"x":-164.368,"y":-45.253,"angle":0},{"faceUp":false,"depth":1,"value":-1,"x":-47.367999999999995,"y":-45.253,"angle":0},{"faceUp":false,"depth":1,"value":-1,"x":69.632,"y":-45.253,"angle":0},{"faceUp":false,"depth":1,"value":-1,"x":186.632,"y":-45.253,"angle":0},{"faceUp":true,"depth":2,"value":-1,"x":-217.526,"y":301.114,"angle":0},{"faceUp":true,"depth":2,"value":-1,"x":-106.526,"y":301.114,"angle":0},{"faceUp":true,"depth":2,"value":-1,"x":6.474,"y":301.114,"angle":0},{"faceUp":true,"depth":2,"value":-1,"x":117.474,"y":301.114,"angle":0},{"faceUp":true,"depth":2,"value":-1,"x":229.474,"y":301.114,"angle":0},{"faceUp":true,"depth":2,"value":-1,"x":-164.368,"y":8.747,"angle":0},{"faceUp":true,"depth":2,"value":-1,"x":-47.367999999999995,"y":8.747,"angle":0},{"faceUp":true,"depth":2,"value":-1,"x":69.632,"y":8.747,"angle":0},{"faceUp":true,"depth":2,"value":-1,"x":186.632,"y":8.747,"angle":0}],"settings":{"disableCombo":false,"cost":2200,"reward":2400,"comboCoinReward":170,"undoCost":[500,750,1000],"stars":[30,200,300],"wildCost":[6500],"cardsInStack":[-1,-1,-1,-1,-1,-1,-1,-1,-1,-1,-1,-1,-1,-1,-1,-1,-1,-1],"comboBonus":[5,4,6,4],"extraCardCost":[4500,6750,9000]}}]],0,0,[],[],[]]