[1,0,0,[["cc.JsonAsset",["_name","json"],1]],[[0,0,1,3]],[[0,"181",{"cards":[{"faceUp":false,"depth":0,"value":-1,"x":195,"y":27.431,"angle":0},{"faceUp":false,"depth":0,"value":-1,"x":-312,"y":27.431,"angle":0},{"faceUp":false,"depth":0,"value":-1,"x":312,"y":27.431,"angle":0},{"faceUp":false,"depth":0,"value":-1,"x":312,"y":189.431,"angle":0},{"faceUp":false,"depth":0,"value":-1,"x":-312,"y":189.431,"angle":0},{"faceUp":false,"depth":0,"value":-1,"x":-78,"y":27.431,"angle":0},{"faceUp":false,"depth":0,"value":-1,"x":-195,"y":27.431,"angle":0},{"faceUp":false,"depth":0,"value":-1,"x":78,"y":27.431,"angle":0},{"faceUp":false,"depth":1,"value":-1,"x":234,"y":9.431,"angle":0},{"faceUp":false,"depth":1,"value":-1,"x":-351,"y":9.431,"angle":0},{"faceUp":false,"depth":1,"value":-1,"x":351,"y":9.431,"angle":0},{"faceUp":false,"depth":1,"value":-1,"x":-234,"y":9.431,"angle":0},{"faceUp":false,"depth":1,"value":-1,"x":234,"y":207.431,"angle":0},{"faceUp":false,"depth":1,"value":-1,"x":-234,"y":207.431,"angle":0},{"faceUp":false,"depth":1,"value":-1,"x":0,"y":9.431,"angle":0},{"faceUp":false,"depth":1,"value":1,"x":-117,"y":9.431,"angle":0},{"faceUp":false,"depth":1,"value":1,"x":117,"y":9.431,"angle":0},{"faceUp":true,"depth":2,"value":-1,"x":-65,"y":-26.569,"angle":0},{"faceUp":true,"depth":2,"value":-1,"x":-182,"y":-26.569,"angle":0},{"faceUp":true,"depth":2,"value":-1,"x":299,"y":-26.569,"angle":0},{"faceUp":true,"depth":2,"value":-1,"x":-299,"y":-26.569,"angle":0},{"faceUp":false,"depth":2,"value":-1,"x":156,"y":225.431,"angle":0},{"faceUp":false,"depth":2,"value":-1,"x":-156,"y":225.431,"angle":0},{"faceUp":true,"depth":2,"value":-1,"x":182,"y":-26.569,"angle":0},{"faceUp":true,"depth":2,"value":-1,"x":65,"y":-26.569,"angle":0},{"faceUp":false,"depth":3,"value":-1,"x":78,"y":243.431,"angle":0},{"faceUp":false,"depth":3,"value":-1,"x":-78,"y":243.431,"angle":0},{"faceUp":true,"depth":4,"value":1,"x":0,"y":243.431,"angle":0}],"settings":{"disableCombo":false,"cost":2500,"reward":2650,"comboCoinReward":170,"undoCost":[650,975,1300],"stars":[30,200,300],"wildCost":[7500],"cardsInStack":[-1,-1,-1,-1,-1,-1,-1,-1,-1,-1,-1,-1,-1,-1,-1,-1,-1,-1,-1,-1,-1,-1,-1,-1],"comboBonus":[5,4,6,4],"extraCardCost":[5000,7550,10000]}}]],0,0,[],[],[]]