[1,0,0,[["cc.JsonAsset",["_name","json"],1]],[[0,0,1,3]],[[0,"163",{"cards":[{"faceUp":true,"depth":0,"value":-1,"x":-367.5,"y":-94,"angle":0},{"faceUp":false,"depth":0,"value":-1,"x":-367.5,"y":50,"angle":0},{"faceUp":false,"depth":0,"value":-1,"x":-367.5,"y":194,"angle":0},{"faceUp":false,"depth":0,"value":-1,"x":-256.5,"y":-94,"angle":0},{"faceUp":false,"depth":0,"value":-1,"x":-256.5,"y":50,"angle":0},{"faceUp":false,"depth":0,"value":-1,"x":-256.5,"y":194,"angle":0},{"faceUp":false,"depth":0,"value":-1,"x":-151.5,"y":-94,"angle":0},{"faceUp":false,"depth":0,"value":-1,"x":-151.5,"y":50,"angle":0},{"faceUp":false,"depth":0,"value":-1,"x":-151.5,"y":194,"angle":0},{"faceUp":false,"depth":0,"value":-1,"x":-46.5,"y":-94,"angle":0},{"faceUp":false,"depth":0,"value":-1,"x":-46.5,"y":50,"angle":0},{"faceUp":false,"depth":0,"value":-1,"x":-46.5,"y":194,"angle":0},{"faceUp":false,"depth":0,"value":-1,"x":57.5,"y":-94,"angle":0},{"faceUp":false,"depth":0,"value":-1,"x":57.5,"y":50,"angle":0},{"faceUp":false,"depth":0,"value":-1,"x":57.5,"y":194,"angle":0},{"faceUp":false,"depth":0,"value":-1,"x":161.5,"y":-94,"angle":0},{"faceUp":false,"depth":0,"value":-1,"x":161.5,"y":50,"angle":0},{"faceUp":false,"depth":0,"value":-1,"x":161.5,"y":194,"angle":0},{"faceUp":false,"depth":0,"value":-1,"x":266.5,"y":-94,"angle":0},{"faceUp":false,"depth":0,"value":-1,"x":266.5,"y":50,"angle":0},{"faceUp":false,"depth":0,"value":-1,"x":266.5,"y":194,"angle":0},{"faceUp":true,"depth":0,"value":-1,"x":374.5,"y":-94,"angle":0},{"faceUp":false,"depth":0,"value":-1,"x":374.5,"y":50,"angle":0},{"faceUp":false,"depth":0,"value":-1,"x":374.5,"y":194,"angle":0},{"faceUp":true,"depth":1,"value":-1,"x":-314.5,"y":122,"angle":-15},{"faceUp":true,"depth":1,"value":-1,"x":328.5,"y":140,"angle":-15},{"faceUp":true,"depth":1,"value":-1,"x":-197.5,"y":-40,"angle":-15},{"faceUp":true,"depth":1,"value":-1,"x":-98.5,"y":122,"angle":-15},{"faceUp":true,"depth":1,"value":-1,"x":14.5,"y":-40,"angle":-15},{"faceUp":true,"depth":1,"value":-1,"x":126.5,"y":122,"angle":-15},{"faceUp":true,"depth":1,"value":-1,"x":235.5,"y":-40,"angle":-15}],"settings":{"disableCombo":false,"cost":2200,"reward":2400,"comboCoinReward":170,"undoCost":[500,750,1000],"stars":[30,200,300],"wildCost":[6500],"cardsInStack":[-1,-1,-1,-1,-1,-1,-1,-1,-1,-1,-1,-1,-1,-1,-1,-1,-1,-1,-1,-1],"comboBonus":[5,4,6,4],"extraCardCost":[4500,6750,9000]}}]],0,0,[],[],[]]