[1,0,0,[["cc.JsonAsset",["_name","json"],1]],[[0,0,1,3]],[[0,"117",{"cards":[{"faceUp":false,"depth":0,"value":-1,"x":341,"y":163.32,"angle":0},{"faceUp":false,"depth":0,"value":-1,"x":-342,"y":163.32,"angle":0},{"faceUp":false,"depth":0,"value":-1,"x":6,"y":217.32,"angle":0},{"faceUp":false,"depth":1,"value":-1,"x":341,"y":127.32,"angle":0},{"faceUp":false,"depth":1,"value":-1,"x":-342,"y":127.32,"angle":0},{"faceUp":false,"depth":1,"value":-1,"x":-59,"y":163.32,"angle":0},{"faceUp":false,"depth":1,"value":-1,"x":71,"y":163.32,"angle":0},{"faceUp":false,"depth":2,"value":-1,"x":341,"y":91.32,"angle":0},{"faceUp":false,"depth":2,"value":-1,"x":-342,"y":91.32,"angle":0},{"faceUp":false,"depth":2,"value":-1,"x":136,"y":19.32,"angle":0},{"faceUp":false,"depth":2,"value":-1,"x":6,"y":19.32,"angle":0},{"faceUp":false,"depth":2,"value":-1,"x":-124,"y":19.32,"angle":0},{"faceUp":false,"depth":3,"value":-1,"x":341,"y":55.32,"angle":0},{"faceUp":false,"depth":3,"value":-1,"x":-342,"y":55.32,"angle":0},{"faceUp":false,"depth":3,"value":-1,"x":-124,"y":109.32,"angle":0},{"faceUp":false,"depth":3,"value":-1,"x":6,"y":109.32,"angle":0},{"faceUp":false,"depth":3,"value":-1,"x":136,"y":109.32,"angle":0},{"faceUp":true,"depth":4,"value":-1,"x":341,"y":19.32,"angle":0},{"faceUp":true,"depth":4,"value":-1,"x":-342,"y":19.32,"angle":0},{"faceUp":true,"depth":4,"value":-1,"x":-202,"y":19.32,"angle":0},{"faceUp":true,"depth":4,"value":-1,"x":-59,"y":19.32,"angle":0},{"faceUp":true,"depth":4,"value":-1,"x":71,"y":19.32,"angle":0},{"faceUp":true,"depth":4,"value":-1,"x":201,"y":19.32,"angle":0}],"settings":{"disableCombo":false,"cost":2200,"reward":2400,"comboCoinReward":170,"undoCost":[500,750,1000],"stars":[30,200,300],"wildCost":[6500],"cardsInStack":[-1,-1,-1,-1,-1,-1,-1,-1,-1,-1,-1,-1,-1,-1,-1,-1,-1],"comboBonus":[5,4,6,4],"extraCardCost":[4500,6750,9000]}}]],0,0,[],[],[]]