[1,0,0,[["cc.JsonAsset",["_name","json"],1]],[[0,0,1,3]],[[0,"241",{"cards":[{"faceUp":false,"depth":0,"value":-1,"x":239.503,"y":162.898,"angle":0},{"faceUp":false,"depth":0,"value":-1,"x":-40.599,"y":162.898,"angle":0},{"faceUp":false,"depth":0,"value":-1,"x":-170.022,"y":-53.102,"angle":0},{"faceUp":false,"depth":0,"value":-1,"x":109.503,"y":-107.102,"angle":0},{"faceUp":false,"depth":0,"value":-1,"x":-287.022,"y":162.898,"angle":0},{"faceUp":false,"depth":1,"value":-1,"x":252.503,"y":144.898,"angle":0},{"faceUp":false,"depth":1,"value":-1,"x":-1.599,"y":162.898,"angle":0},{"faceUp":false,"depth":1,"value":-1,"x":-170.022,"y":-107.102,"angle":0},{"faceUp":false,"depth":1,"value":-1,"x":148.503,"y":-71.102,"angle":0},{"faceUp":false,"depth":1,"value":-1,"x":-313.022,"y":162.898,"angle":0},{"faceUp":false,"depth":1,"value":-1,"x":-313.022,"y":18.898,"angle":0},{"faceUp":false,"depth":1,"value":-1,"x":-313.022,"y":-125.102,"angle":0},{"faceUp":false,"depth":2,"value":-1,"x":278.503,"y":126.898,"angle":0},{"faceUp":false,"depth":2,"value":-1,"x":37.401,"y":162.898,"angle":0},{"faceUp":false,"depth":2,"value":-1,"x":-92.022,"y":-107.102,"angle":0},{"faceUp":false,"depth":2,"value":-1,"x":226.503,"y":-107.102,"angle":0},{"faceUp":true,"depth":2,"value":-1,"x":-339.022,"y":126.898,"angle":0},{"faceUp":false,"depth":2,"value":-1,"x":-339.022,"y":-53.102,"angle":0},{"faceUp":false,"depth":3,"value":-1,"x":304.503,"y":126.898,"angle":0},{"faceUp":false,"depth":3,"value":-1,"x":76.401,"y":162.898,"angle":0},{"faceUp":true,"depth":3,"value":-1,"x":-92.022,"y":-53.102,"angle":0},{"faceUp":false,"depth":3,"value":-1,"x":278.503,"y":-71.102,"angle":0},{"faceUp":true,"depth":3,"value":-1,"x":-339.022,"y":-125.102,"angle":0},{"faceUp":false,"depth":4,"value":-1,"x":330.503,"y":126.898,"angle":0},{"faceUp":true,"depth":4,"value":-1,"x":343.503,"y":-107.102,"angle":0},{"faceUp":true,"depth":5,"value":-1,"x":356.503,"y":126.898,"angle":0},{"faceUp":true,"depth":5,"value":-1,"x":115.401,"y":162.898,"angle":0},{"faceUp":true,"depth":5,"value":-1,"x":-170.022,"y":162.898,"angle":0}],"settings":{"disableCombo":false,"cost":2600,"reward":2750,"comboCoinReward":170,"undoCost":[650,975,1300],"stars":[30,200,300],"wildCost":[8000],"cardsInStack":[-1,-1,-1,-1,-1,-1,-1,-1,-1,-1,-1,-1,-1,-1,-1,-1,-1,-1],"comboBonus":[5,4,6,4],"extraCardCost":[5000,7550,10000]}}]],0,0,[],[],[]]