[1,0,0,[["cc.JsonAsset",["_name","json"],1]],[[0,0,1,3]],[[0,"270",{"cards":[{"faceUp":false,"depth":0,"value":-1,"x":0.8659999999999997,"y":35.523,"angle":0},{"faceUp":false,"depth":0,"value":-1,"x":104.866,"y":35.523,"angle":0},{"faceUp":false,"depth":0,"value":-1,"x":208.866,"y":35.523,"angle":0},{"faceUp":false,"depth":0,"value":-1,"x":312.866,"y":35.523,"angle":0},{"faceUp":false,"depth":0,"value":-1,"x":-103.134,"y":35.523,"angle":0},{"faceUp":false,"depth":0,"value":-1,"x":-207.134,"y":35.523,"angle":0},{"faceUp":false,"depth":0,"value":-1,"x":-311.134,"y":35.523,"angle":0},{"faceUp":false,"depth":1,"value":-1,"x":-259.134,"y":35.523,"angle":0},{"faceUp":false,"depth":1,"value":-1,"x":-155.134,"y":35.523,"angle":0},{"faceUp":false,"depth":1,"value":-1,"x":52.866,"y":35.523,"angle":0},{"faceUp":false,"depth":1,"value":-1,"x":156.866,"y":35.523,"angle":0},{"faceUp":false,"depth":1,"value":-1,"x":260.866,"y":35.523,"angle":0},{"faceUp":false,"depth":1,"value":-1,"x":-51.134,"y":35.523,"angle":0},{"faceUp":false,"depth":2,"value":-1,"x":156.866,"y":-0.477,"angle":0},{"faceUp":false,"depth":2,"value":-1,"x":-155.134,"y":71.523,"angle":0},{"faceUp":false,"depth":2,"value":-1,"x":260.866,"y":71.523,"angle":0},{"faceUp":false,"depth":2,"value":-1,"x":-259.134,"y":-0.477,"angle":0},{"faceUp":false,"depth":2,"value":-1,"x":52.866,"y":-0.477,"angle":0},{"faceUp":false,"depth":2,"value":-1,"x":-51.134,"y":71.523,"angle":0},{"faceUp":true,"depth":3,"value":-1,"x":156.866,"y":-36.477,"angle":0},{"faceUp":true,"depth":3,"value":-1,"x":-155.134,"y":107.523,"angle":0},{"faceUp":false,"depth":3,"value":-1,"x":260.866,"y":107.523,"angle":0},{"faceUp":false,"depth":3,"value":-1,"x":-259.134,"y":-36.477,"angle":0},{"faceUp":false,"depth":3,"value":-1,"x":52.866,"y":-36.477,"angle":0},{"faceUp":false,"depth":3,"value":-1,"x":-51.134,"y":107.523,"angle":0},{"faceUp":true,"depth":4,"value":-1,"x":52.866,"y":-72.477,"angle":0},{"faceUp":true,"depth":4,"value":-1,"x":260.866,"y":143.523,"angle":0},{"faceUp":true,"depth":4,"value":-1,"x":-259.134,"y":-72.477,"angle":0},{"faceUp":true,"depth":4,"value":-1,"x":-51.134,"y":143.523,"angle":0}],"settings":{"disableCombo":false,"cost":2700,"reward":2850,"comboCoinReward":170,"undoCost":[700,1050,1400],"stars":[30,200,300],"wildCost":[8000],"cardsInStack":[-1,-1,-1,-1,-1,-1,-1,-1,-1,-1,-1,-1,-1,-1,-1,-1,-1,-1,-1,-1,-1],"comboBonus":[5,4,6,4],"extraCardCost":[5500,8250,11000]}}]],0,0,[],[],[]]