[1,0,0,[["cc.JsonAsset",["_name","json"],1]],[[0,0,1,3]],[[0,"154",{"cards":[{"faceUp":false,"depth":0,"value":-1,"x":-143,"y":213.531,"angle":0},{"faceUp":false,"depth":0,"value":-1,"x":-273,"y":213.531,"angle":0},{"faceUp":false,"depth":0,"value":-1,"x":-384,"y":213.531,"angle":0},{"faceUp":false,"depth":0,"value":-1,"x":273,"y":213.531,"angle":0},{"faceUp":false,"depth":0,"value":-1,"x":143,"y":213.531,"angle":0},{"faceUp":false,"depth":0,"value":-1,"x":384,"y":213.531,"angle":0},{"faceUp":false,"depth":0,"value":-1,"x":-234,"y":-20.469,"angle":0},{"faceUp":false,"depth":0,"value":-1,"x":234,"y":-20.469,"angle":0},{"faceUp":false,"depth":1,"value":-1,"x":-195,"y":195.531,"angle":0},{"faceUp":false,"depth":1,"value":-1,"x":-65,"y":195.531,"angle":0},{"faceUp":false,"depth":1,"value":-1,"x":-325,"y":195.531,"angle":0},{"faceUp":false,"depth":1,"value":-1,"x":195,"y":195.531,"angle":0},{"faceUp":false,"depth":1,"value":-1,"x":65,"y":195.531,"angle":0},{"faceUp":false,"depth":1,"value":-1,"x":325,"y":195.531,"angle":0},{"faceUp":false,"depth":1,"value":-1,"x":-195,"y":-20.469,"angle":0},{"faceUp":false,"depth":1,"value":-1,"x":195,"y":-20.469,"angle":0},{"faceUp":true,"depth":2,"value":-1,"x":0,"y":177.531,"angle":0},{"faceUp":false,"depth":2,"value":-1,"x":260,"y":177.531,"angle":0},{"faceUp":false,"depth":2,"value":-1,"x":130,"y":177.531,"angle":0},{"faceUp":false,"depth":2,"value":-1,"x":-130,"y":177.531,"angle":0},{"faceUp":false,"depth":2,"value":-1,"x":-260,"y":177.531,"angle":0},{"faceUp":false,"depth":2,"value":-1,"x":-156,"y":-20.469,"angle":0},{"faceUp":false,"depth":2,"value":-1,"x":156,"y":-20.469,"angle":0},{"faceUp":true,"depth":3,"value":-1,"x":-195,"y":141.531,"angle":0},{"faceUp":true,"depth":3,"value":-1,"x":182,"y":141.531,"angle":0},{"faceUp":true,"depth":3,"value":-1,"x":-117,"y":-20.469,"angle":0},{"faceUp":true,"depth":3,"value":-1,"x":117,"y":-20.469,"angle":0}],"settings":{"disableCombo":false,"cost":2200,"reward":2400,"comboCoinReward":170,"undoCost":[500,750,1000],"stars":[30,200,300],"wildCost":[6500],"cardsInStack":[-1,-1,-1,-1,-1,-1,-1,-1,-1,-1,-1,-1,-1,-1,-1,-1,-1],"comboBonus":[5,4,6,4],"extraCardCost":[4500,6750,9000]}}]],0,0,[],[],[]]