[1,0,0,[["cc.JsonAsset",["_name","json"],1]],[[0,0,1,3]],[[0,"173",{"cards":[{"faceUp":false,"depth":0,"value":-1,"x":0,"y":15,"angle":0},{"faceUp":false,"depth":0,"value":-1,"x":-130,"y":-3,"angle":-15},{"faceUp":false,"depth":0,"value":-1,"x":130,"y":-3,"angle":15},{"faceUp":false,"depth":0,"value":-1,"x":-273.967,"y":318.131,"angle":30},{"faceUp":false,"depth":0,"value":-1,"x":148.48,"y":226.13099999999997,"angle":-45},{"faceUp":false,"depth":0,"value":-1,"x":-156.967,"y":228.13099999999997,"angle":45},{"faceUp":false,"depth":0,"value":-1,"x":78,"y":-219,"angle":0},{"faceUp":false,"depth":0,"value":-1,"x":-78,"y":-219,"angle":0},{"faceUp":false,"depth":0,"value":-1,"x":291.48,"y":316.131,"angle":-30},{"faceUp":false,"depth":1,"value":-1,"x":65,"y":-39,"angle":0},{"faceUp":false,"depth":1,"value":-1,"x":-65,"y":-39,"angle":0},{"faceUp":false,"depth":1,"value":-1,"x":0,"y":-219,"angle":0},{"faceUp":false,"depth":1,"value":-1,"x":-104.967,"y":264.131,"angle":-20},{"faceUp":false,"depth":1,"value":-1,"x":109.48,"y":262.131,"angle":20},{"faceUp":true,"depth":2,"value":-1,"x":0,"y":-111,"angle":0},{"faceUp":false,"depth":2,"value":-1,"x":-195.967,"y":354.131,"angle":-40},{"faceUp":false,"depth":2,"value":-1,"x":200.48,"y":352.131,"angle":40},{"faceUp":true,"depth":3,"value":-1,"x":265.48,"y":406.131,"angle":35},{"faceUp":true,"depth":3,"value":-1,"x":96.48,"y":190.13099999999997,"angle":0},{"faceUp":true,"depth":3,"value":-1,"x":-91.967,"y":192.13099999999997,"angle":0},{"faceUp":true,"depth":3,"value":-1,"x":-273.967,"y":408.131,"angle":-35}],"settings":{"disableCombo":false,"cost":2500,"reward":2650,"comboCoinReward":170,"undoCost":[650,975,1300],"stars":[30,200,300],"wildCost":[7500],"cardsInStack":[-1,-1,-1,-1,-1,-1,-1,-1,-1,-1,-1,-1,-1],"comboBonus":[5,4,6,4],"extraCardCost":[5000,7550,10000]}}]],0,0,[],[],[]]