[1,0,0,[["cc.JsonAsset",["_name","json"],1]],[[0,0,1,3]],[[0,"297",{"cards":[{"faceUp":false,"depth":0,"value":1,"x":294.964,"y":69.423,"angle":5},{"faceUp":false,"depth":0,"value":1,"x":-276.156,"y":141.87900000000002,"angle":-5},{"faceUp":false,"depth":0,"value":-1,"x":-95,"y":136,"angle":0},{"faceUp":false,"depth":0,"value":-1,"x":165,"y":136,"angle":0},{"faceUp":false,"depth":1,"value":-1,"x":281.964,"y":33.423,"angle":15},{"faceUp":false,"depth":1,"value":-1,"x":-133.156,"y":333.879,"angle":15},{"faceUp":false,"depth":1,"value":-1,"x":138.964,"y":-146.577,"angle":15},{"faceUp":false,"depth":1,"value":-1,"x":-263.156,"y":105.87899999999999,"angle":-15},{"faceUp":false,"depth":1,"value":-1,"x":346.964,"y":-146.577,"angle":-15},{"faceUp":false,"depth":1,"value":-1,"x":100,"y":208,"angle":0},{"faceUp":false,"depth":1,"value":-1,"x":-30,"y":208,"angle":0},{"faceUp":false,"depth":1,"value":-1,"x":-30,"y":46,"angle":0},{"faceUp":false,"depth":1,"value":-1,"x":-341.156,"y":333.879,"angle":-15},{"faceUp":false,"depth":1,"value":-1,"x":100,"y":46,"angle":0},{"faceUp":false,"depth":2,"value":-1,"x":164.964,"y":-182.577,"angle":10},{"faceUp":false,"depth":2,"value":-1,"x":320.964,"y":-182.577,"angle":-10},{"faceUp":true,"depth":2,"value":-1,"x":-237.156,"y":69.87899999999999,"angle":-30},{"faceUp":true,"depth":2,"value":-1,"x":255.964,"y":-2.576999999999998,"angle":30},{"faceUp":true,"depth":2,"value":-1,"x":35,"y":118,"angle":0},{"faceUp":false,"depth":2,"value":-1,"x":-315.156,"y":369.879,"angle":-10},{"faceUp":false,"depth":2,"value":-1,"x":-159.156,"y":369.879,"angle":10},{"faceUp":true,"depth":3,"value":-1,"x":242.964,"y":-200.577,"angle":0},{"faceUp":true,"depth":3,"value":-1,"x":-237.156,"y":387.879,"angle":0}],"settings":{"disableCombo":false,"cost":2700,"reward":2850,"comboCoinReward":170,"undoCost":[700,1050,1400],"stars":[30,200,300],"wildCost":[8000],"cardsInStack":[-1,-1,-1,-1,-1,-1,-1,-1,-1,-1,-1],"comboBonus":[5,4,6,4],"extraCardCost":[5500,8250,11000]}}]],0,0,[],[],[]]