[1,0,0,[["cc.JsonAsset",["_name","json"],1]],[[0,0,1,3]],[[0,"209",{"cards":[{"faceUp":false,"depth":0,"value":-1,"x":-1.4029999999999996,"y":249.242,"angle":0},{"faceUp":false,"depth":0,"value":-1,"x":-1.4029999999999996,"y":-38.758,"angle":0},{"faceUp":false,"depth":1,"value":-1,"x":-1.4029999999999996,"y":231.242,"angle":0},{"faceUp":false,"depth":1,"value":-1,"x":-1.4029999999999996,"y":-20.758,"angle":0},{"faceUp":false,"depth":1,"value":-1,"x":232.597,"y":-38.758,"angle":0},{"faceUp":false,"depth":1,"value":-1,"x":232.597,"y":249.242,"angle":0},{"faceUp":false,"depth":1,"value":-1,"x":297.597,"y":105.242,"angle":0},{"faceUp":false,"depth":1,"value":-1,"x":-235.403,"y":-38.758,"angle":0},{"faceUp":false,"depth":1,"value":-1,"x":-235.403,"y":249.242,"angle":0},{"faceUp":false,"depth":1,"value":-1,"x":-300.403,"y":105.242,"angle":0},{"faceUp":false,"depth":2,"value":-1,"x":-1.4029999999999996,"y":213.242,"angle":0},{"faceUp":false,"depth":2,"value":-1,"x":-1.4029999999999996,"y":-2.758,"angle":0},{"faceUp":false,"depth":2,"value":-1,"x":206.597,"y":-38.758,"angle":0},{"faceUp":false,"depth":2,"value":-1,"x":206.597,"y":249.242,"angle":0},{"faceUp":false,"depth":2,"value":-1,"x":271.597,"y":105.242,"angle":0},{"faceUp":false,"depth":2,"value":-1,"x":-209.403,"y":-38.758,"angle":0},{"faceUp":false,"depth":2,"value":-1,"x":-209.403,"y":249.242,"angle":0},{"faceUp":false,"depth":2,"value":-1,"x":-274.403,"y":105.242,"angle":0},{"faceUp":true,"depth":3,"value":-1,"x":-66.403,"y":105.242,"angle":0},{"faceUp":true,"depth":3,"value":-1,"x":63.597,"y":105.242,"angle":0},{"faceUp":true,"depth":3,"value":-1,"x":180.597,"y":-38.758,"angle":0},{"faceUp":true,"depth":3,"value":-1,"x":180.597,"y":249.242,"angle":0},{"faceUp":true,"depth":3,"value":-1,"x":245.597,"y":105.242,"angle":0},{"faceUp":true,"depth":3,"value":-1,"x":-183.403,"y":-38.758,"angle":0},{"faceUp":true,"depth":3,"value":-1,"x":-183.403,"y":249.242,"angle":0},{"faceUp":true,"depth":3,"value":-1,"x":-248.403,"y":105.242,"angle":0}],"settings":{"disableCombo":false,"cost":2600,"reward":2750,"comboCoinReward":170,"undoCost":[650,975,1300],"stars":[30,200,300],"wildCost":[7800],"cardsInStack":[-1,-1,-1,-1,-1,-1,-1,-1,-1,-1,-1,-1,-1,-1,-1,-1],"comboBonus":[5,4,6,4],"extraCardCost":[5000,7550,10000]}}]],0,0,[],[],[]]