[1,0,0,[["cc.JsonAsset",["_name","json"],1]],[[0,0,1,3]],[[0,"264",{"cards":[{"faceUp":false,"depth":1,"value":-1,"x":-42,"y":-32.546,"angle":0},{"faceUp":false,"depth":1,"value":-1,"x":62,"y":-32.546,"angle":0},{"faceUp":false,"depth":1,"value":-1,"x":62,"y":-176.546,"angle":0},{"faceUp":false,"depth":1,"value":-1,"x":-42,"y":-176.546,"angle":0},{"faceUp":true,"depth":1,"value":-1,"x":-42,"y":-320.546,"angle":0},{"faceUp":false,"depth":1,"value":-1,"x":62,"y":-320.546,"angle":0},{"faceUp":false,"depth":1,"value":-1,"x":166,"y":-104.546,"angle":0},{"faceUp":false,"depth":1,"value":-1,"x":166,"y":-248.546,"angle":0},{"faceUp":false,"depth":1,"value":-1,"x":-146,"y":-104.546,"angle":0},{"faceUp":false,"depth":1,"value":-1,"x":-146,"y":-248.546,"angle":0},{"faceUp":false,"depth":1,"value":-1,"x":232.707,"y":373.045,"angle":0},{"faceUp":false,"depth":1,"value":-1,"x":232.707,"y":121.045,"angle":0},{"faceUp":false,"depth":1,"value":-1,"x":-220.205,"y":373.045,"angle":0},{"faceUp":false,"depth":1,"value":-1,"x":-220.205,"y":121.045,"angle":0},{"faceUp":false,"depth":2,"value":-1,"x":180.707,"y":355.045,"angle":0},{"faceUp":false,"depth":2,"value":-1,"x":180.707,"y":139.045,"angle":0},{"faceUp":false,"depth":2,"value":-1,"x":-181.205,"y":355.045,"angle":0},{"faceUp":false,"depth":2,"value":-1,"x":-181.205,"y":139.045,"angle":0},{"faceUp":true,"depth":2,"value":-1,"x":-94,"y":-122.546,"angle":-15},{"faceUp":true,"depth":2,"value":-1,"x":114,"y":-140.546,"angle":35},{"faceUp":true,"depth":2,"value":-1,"x":-81,"y":-302.546,"angle":-122},{"faceUp":true,"depth":2,"value":-1,"x":114,"y":-302.546,"angle":-12},{"faceUp":false,"depth":3,"value":-1,"x":128.707,"y":337.045,"angle":0},{"faceUp":false,"depth":3,"value":-1,"x":128.707,"y":157.045,"angle":0},{"faceUp":false,"depth":3,"value":-1,"x":-129.20499999999998,"y":337.045,"angle":0},{"faceUp":false,"depth":3,"value":-1,"x":-129.20499999999998,"y":157.045,"angle":0},{"faceUp":true,"depth":4,"value":-1,"x":76.707,"y":319.045,"angle":0},{"faceUp":true,"depth":4,"value":-1,"x":76.707,"y":175.045,"angle":0},{"faceUp":true,"depth":4,"value":-1,"x":-77.205,"y":319.045,"angle":0},{"faceUp":true,"depth":4,"value":-1,"x":-77.205,"y":175.045,"angle":0}],"settings":{"disableCombo":false,"cost":2700,"reward":2850,"comboCoinReward":170,"undoCost":[700,1050,1400],"stars":[30,200,300],"wildCost":[8000],"cardsInStack":[-1,-1,-1,-1,-1,-1,-1,-1,-1,-1,-1,-1,-1,-1,-1,-1,-1,-1,-1,-1],"comboBonus":[5,4,6,4],"extraCardCost":[5500,8250,11000]}}]],0,0,[],[],[]]