[1,0,0,[["cc.JsonAsset",["_name","json"],1]],[[0,0,1,3]],[[0,"129",{"cards":[{"faceUp":false,"depth":0,"value":-1,"x":-40.977,"y":5.021,"angle":0},{"faceUp":false,"depth":0,"value":-1,"x":89.023,"y":5.021,"angle":0},{"faceUp":false,"depth":0,"value":-1,"x":219.023,"y":5.021,"angle":0},{"faceUp":false,"depth":0,"value":-1,"x":-170.977,"y":5.021,"angle":0},{"faceUp":false,"depth":0,"value":-1,"x":-40.365,"y":185.5,"angle":-30},{"faceUp":false,"depth":0,"value":-1,"x":147.17,"y":187.752,"angle":-30},{"faceUp":false,"depth":1,"value":-1,"x":-105.977,"y":-48.979,"angle":0},{"faceUp":false,"depth":1,"value":-1,"x":24.023000000000003,"y":-48.979,"angle":0},{"faceUp":false,"depth":1,"value":-1,"x":154.023,"y":-48.979,"angle":0},{"faceUp":false,"depth":1,"value":-1,"x":-66.36500000000001,"y":221.5,"angle":-25},{"faceUp":false,"depth":1,"value":-1,"x":121.16999999999999,"y":223.752,"angle":-25},{"faceUp":false,"depth":2,"value":-1,"x":-79.365,"y":257.5,"angle":-20},{"faceUp":false,"depth":2,"value":-1,"x":108.17,"y":259.752,"angle":-20},{"faceUp":false,"depth":3,"value":-1,"x":-105.977,"y":-156.979,"angle":0},{"faceUp":false,"depth":3,"value":-1,"x":24.023000000000003,"y":-156.979,"angle":0},{"faceUp":false,"depth":3,"value":-1,"x":154.023,"y":-156.979,"angle":0},{"faceUp":false,"depth":3,"value":-1,"x":-92.365,"y":293.5,"angle":-10},{"faceUp":false,"depth":3,"value":-1,"x":95.17,"y":295.752,"angle":-10},{"faceUp":true,"depth":4,"value":-1,"x":-170.977,"y":-210.979,"angle":0},{"faceUp":false,"depth":4,"value":-1,"x":-40.977,"y":-210.979,"angle":0},{"faceUp":false,"depth":4,"value":-1,"x":89.023,"y":-210.979,"angle":0},{"faceUp":true,"depth":4,"value":-1,"x":219.023,"y":-210.979,"angle":0},{"faceUp":false,"depth":4,"value":-1,"x":-92.365,"y":329.5,"angle":-5},{"faceUp":false,"depth":4,"value":-1,"x":95.17,"y":331.752,"angle":-5},{"faceUp":true,"depth":5,"value":-1,"x":-40.977,"y":-102.979,"angle":0},{"faceUp":true,"depth":5,"value":-1,"x":89.023,"y":-102.979,"angle":0},{"faceUp":false,"depth":5,"value":-1,"x":-92.365,"y":365.5,"angle":2},{"faceUp":false,"depth":5,"value":-1,"x":95.17,"y":367.752,"angle":2},{"faceUp":true,"depth":6,"value":-1,"x":-92.365,"y":401.5,"angle":10},{"faceUp":true,"depth":6,"value":-1,"x":95.17,"y":403.752,"angle":10}],"settings":{"disableCombo":false,"cost":2200,"reward":2400,"comboCoinReward":170,"undoCost":[500,750,1000],"stars":[30,200,300],"wildCost":[6500],"cardsInStack":[-1,-1,-1,-1,-1,-1,-1,-1,-1,-1,-1,-1,-1,-1,-1,-1,-1,-1,-1,-1,-1,-1,-1,-1],"comboBonus":[5,4,6,4],"extraCardCost":[4500,6750,9000]}}]],0,0,[],[],[]]