[1,0,0,[["cc.JsonAsset",["_name","json"],1]],[[0,0,1,3]],[[0,"30",{"cards":[{"faceUp":false,"depth":0,"value":-1,"x":198.385,"y":227.15,"angle":0},{"faceUp":false,"depth":0,"value":-1,"x":-178.615,"y":-185.85,"angle":0},{"faceUp":false,"depth":0,"value":-1,"x":198.385,"y":-185.85,"angle":0},{"faceUp":false,"depth":0,"value":-1,"x":81.385,"y":-185.85,"angle":0},{"faceUp":false,"depth":0,"value":-1,"x":-61.615,"y":-185.85,"angle":0},{"faceUp":false,"depth":0,"value":-1,"x":81.385,"y":227.15,"angle":0},{"faceUp":false,"depth":0,"value":-1,"x":-178.615,"y":227.15,"angle":0},{"faceUp":false,"depth":0,"value":-1,"x":-61.615,"y":227.15,"angle":0},{"faceUp":false,"depth":0,"value":-1,"x":-178.615,"y":389.15,"angle":0},{"faceUp":false,"depth":0,"value":-1,"x":-61.615,"y":389.15,"angle":0},{"faceUp":false,"depth":0,"value":-1,"x":81.385,"y":389.15,"angle":0},{"faceUp":false,"depth":0,"value":-1,"x":198.385,"y":389.15,"angle":0},{"faceUp":false,"depth":0,"value":-1,"x":-178.615,"y":-23.85,"angle":0},{"faceUp":false,"depth":0,"value":-1,"x":-61.615,"y":-23.85,"angle":0},{"faceUp":false,"depth":0,"value":-1,"x":81.385,"y":-23.85,"angle":0},{"faceUp":false,"depth":0,"value":-1,"x":198.385,"y":-23.85,"angle":0},{"faceUp":true,"depth":1,"value":-1,"x":-120.615,"y":425.15,"angle":0},{"faceUp":true,"depth":1,"value":-1,"x":146.385,"y":425.15,"angle":0},{"faceUp":true,"depth":1,"value":-1,"x":-120.615,"y":12.15,"angle":0},{"faceUp":true,"depth":1,"value":-1,"x":146.385,"y":12.15,"angle":0},{"faceUp":true,"depth":1,"value":-1,"x":-120.615,"y":191.15,"angle":0},{"faceUp":true,"depth":1,"value":-1,"x":-120.615,"y":-221.85,"angle":0},{"faceUp":true,"depth":1,"value":-1,"x":146.385,"y":-221.85,"angle":0},{"faceUp":true,"depth":1,"value":-1,"x":146.385,"y":191.15,"angle":0}],"settings":{"disableCombo":false,"cost":1500,"reward":1550,"comboCoinReward":100,"undoCost":[200,300,600],"stars":[30,100,200],"wildCost":[2000],"cardsInStack":[-1,-1,-1,-1,-1,-1,-1,-1,-1,-1,-1,-1,-1,-1,-1,-1,-1,-1],"comboBonus":[5,4,6,4],"extraCardCost":[1500,2250,3000]}}]],0,0,[],[],[]]