[1,0,0,[["cc.JsonAsset",["_name","json"],1]],[[0,0,1,3]],[[0,"61",{"cards":[{"faceUp":false,"depth":0,"value":-1,"x":-275.497,"y":117,"angle":0},{"faceUp":false,"depth":0,"value":-1,"x":283.503,"y":117,"angle":0},{"faceUp":false,"depth":0,"value":-1,"x":-2.497,"y":135,"angle":0},{"faceUp":false,"depth":0,"value":-1,"x":-93.231,"y":344.984,"angle":0},{"faceUp":false,"depth":0,"value":-1,"x":104.955,"y":344.984,"angle":0},{"faceUp":false,"depth":1,"value":-1,"x":-236.497,"y":45,"angle":0},{"faceUp":false,"depth":1,"value":-1,"x":-2.497,"y":117,"angle":0},{"faceUp":false,"depth":1,"value":-1,"x":244.503,"y":45,"angle":0},{"faceUp":false,"depth":1,"value":-1,"x":-119.231,"y":326.984,"angle":0},{"faceUp":false,"depth":1,"value":-1,"x":130.955,"y":326.984,"angle":0},{"faceUp":false,"depth":2,"value":-1,"x":218.503,"y":9,"angle":0},{"faceUp":false,"depth":2,"value":-1,"x":-2.497,"y":99,"angle":0},{"faceUp":false,"depth":2,"value":-1,"x":-210.497,"y":9,"angle":0},{"faceUp":false,"depth":2,"value":-1,"x":-145.231,"y":308.984,"angle":0},{"faceUp":false,"depth":2,"value":-1,"x":156.955,"y":308.984,"angle":0},{"faceUp":true,"depth":3,"value":-1,"x":-171.231,"y":290.984,"angle":0},{"faceUp":false,"depth":3,"value":-1,"x":166.503,"y":-27,"angle":0},{"faceUp":false,"depth":3,"value":-1,"x":-2.497,"y":81,"angle":0},{"faceUp":false,"depth":3,"value":-1,"x":-171.497,"y":-27,"angle":0},{"faceUp":true,"depth":3,"value":-1,"x":182.955,"y":290.984,"angle":0},{"faceUp":false,"depth":4,"value":-1,"x":114.50299999999999,"y":-81,"angle":0},{"faceUp":false,"depth":4,"value":-1,"x":-2.497,"y":63,"angle":0},{"faceUp":false,"depth":4,"value":-1,"x":-119.497,"y":-81,"angle":0},{"faceUp":false,"depth":5,"value":-1,"x":75.503,"y":-117,"angle":0},{"faceUp":false,"depth":5,"value":-1,"x":-67.497,"y":-117,"angle":0},{"faceUp":true,"depth":6,"value":-1,"x":-1.4969999999999999,"y":-135,"angle":0},{"faceUp":true,"depth":6,"value":-1,"x":-2.497,"y":45,"angle":0}],"settings":{"disableCombo":false,"cost":2000,"reward":2100,"comboCoinReward":150,"undoCost":[500,750,1000],"stars":[30,150,250],"wildCost":[6000],"cardsInStack":[-1,-1,-1,-1,-1,-1,-1,-1,-1,-1,-1,-1,-1,-1,-1,-1,-1,-1,-1,-1],"comboBonus":[5,4,6,4],"extraCardCost":[4000,6000,8000]}}]],0,0,[],[],[]]