[1,0,0,[["cc.JsonAsset",["_name","json"],1]],[[0,0,1,3]],[[0,"291",{"cards":[{"faceUp":false,"depth":0,"value":-1,"x":152.904,"y":-319.19,"angle":0},{"faceUp":false,"depth":0,"value":-1,"x":-16.096,"y":-319.19,"angle":0},{"faceUp":false,"depth":0,"value":-1,"x":-185.096,"y":-319.19,"angle":0},{"faceUp":false,"depth":0,"value":-1,"x":150.135,"y":144.08,"angle":0},{"faceUp":false,"depth":0,"value":-1,"x":-187.865,"y":144.08,"angle":0},{"faceUp":false,"depth":0,"value":-1,"x":-18.865,"y":144.08,"angle":0},{"faceUp":false,"depth":1,"value":-1,"x":152.904,"y":-247.19,"angle":0},{"faceUp":false,"depth":1,"value":-1,"x":-16.096,"y":-247.19,"angle":0},{"faceUp":false,"depth":1,"value":-1,"x":-185.096,"y":-247.19,"angle":0},{"faceUp":false,"depth":1,"value":-1,"x":150.135,"y":216.08,"angle":0},{"faceUp":false,"depth":1,"value":-1,"x":-187.865,"y":216.08,"angle":0},{"faceUp":false,"depth":1,"value":-1,"x":-18.865,"y":216.08,"angle":0},{"faceUp":false,"depth":2,"value":-1,"x":-16.096,"y":-175.19,"angle":0},{"faceUp":false,"depth":2,"value":-1,"x":152.904,"y":-175.19,"angle":0},{"faceUp":false,"depth":2,"value":-1,"x":152.904,"y":-31.189999999999998,"angle":0},{"faceUp":false,"depth":2,"value":-1,"x":-185.096,"y":-31.189999999999998,"angle":0},{"faceUp":false,"depth":2,"value":-1,"x":-185.096,"y":-175.19,"angle":0},{"faceUp":false,"depth":2,"value":-1,"x":-16.096,"y":-31.189999999999998,"angle":0},{"faceUp":false,"depth":2,"value":-1,"x":-187.865,"y":432.08,"angle":0},{"faceUp":false,"depth":2,"value":-1,"x":150.135,"y":432.08,"angle":0},{"faceUp":false,"depth":2,"value":-1,"x":150.135,"y":288.08,"angle":0},{"faceUp":false,"depth":2,"value":-1,"x":-18.865,"y":288.08,"angle":0},{"faceUp":false,"depth":2,"value":-1,"x":-18.865,"y":432.08,"angle":0},{"faceUp":false,"depth":2,"value":-1,"x":-187.865,"y":288.08,"angle":0},{"faceUp":false,"depth":3,"value":-1,"x":204.904,"y":-31.189999999999998,"angle":0},{"faceUp":false,"depth":3,"value":-1,"x":35.904,"y":-31.189999999999998,"angle":0},{"faceUp":false,"depth":3,"value":-1,"x":-133.096,"y":-31.189999999999998,"angle":0},{"faceUp":false,"depth":3,"value":-1,"x":202.135,"y":432.08,"angle":0},{"faceUp":false,"depth":3,"value":-1,"x":-135.865,"y":432.08,"angle":0},{"faceUp":false,"depth":3,"value":-1,"x":33.135,"y":432.08,"angle":0},{"faceUp":false,"depth":4,"value":-1,"x":204.904,"y":-103.19,"angle":0},{"faceUp":false,"depth":4,"value":-1,"x":35.904,"y":-103.19,"angle":0},{"faceUp":false,"depth":4,"value":-1,"x":-133.096,"y":-103.19,"angle":0},{"faceUp":false,"depth":4,"value":-1,"x":202.135,"y":360.08,"angle":0},{"faceUp":false,"depth":4,"value":-1,"x":-135.865,"y":360.08,"angle":0},{"faceUp":false,"depth":4,"value":-1,"x":33.135,"y":360.08,"angle":0},{"faceUp":false,"depth":5,"value":-1,"x":204.904,"y":-175.19,"angle":0},{"faceUp":false,"depth":5,"value":-1,"x":35.904,"y":-175.19,"angle":0},{"faceUp":false,"depth":5,"value":-1,"x":-133.096,"y":-175.19,"angle":0},{"faceUp":false,"depth":5,"value":-1,"x":202.135,"y":288.08,"angle":0},{"faceUp":false,"depth":5,"value":-1,"x":-135.865,"y":288.08,"angle":0},{"faceUp":false,"depth":5,"value":-1,"x":33.135,"y":288.08,"angle":0},{"faceUp":false,"depth":6,"value":-1,"x":204.904,"y":-247.19,"angle":0},{"faceUp":false,"depth":6,"value":-1,"x":35.904,"y":-247.19,"angle":0},{"faceUp":false,"depth":6,"value":-1,"x":-133.096,"y":-247.19,"angle":0},{"faceUp":false,"depth":6,"value":-1,"x":202.135,"y":216.08,"angle":0},{"faceUp":false,"depth":6,"value":-1,"x":-135.865,"y":216.08,"angle":0},{"faceUp":false,"depth":6,"value":-1,"x":33.135,"y":216.08,"angle":0},{"faceUp":true,"depth":7,"value":-1,"x":204.904,"y":-319.19,"angle":0},{"faceUp":true,"depth":7,"value":-1,"x":35.904,"y":-319.19,"angle":0},{"faceUp":true,"depth":7,"value":-1,"x":-133.096,"y":-319.19,"angle":0},{"faceUp":true,"depth":7,"value":-1,"x":202.135,"y":144.08,"angle":0},{"faceUp":true,"depth":7,"value":-1,"x":-135.865,"y":144.08,"angle":0},{"faceUp":true,"depth":7,"value":-1,"x":33.135,"y":144.08,"angle":0}],"settings":{"disableCombo":false,"cost":2700,"reward":2850,"comboCoinReward":170,"undoCost":[700,1050,1400],"stars":[30,200,300],"wildCost":[8000],"cardsInStack":[-1,-1,-1,-1,-1,-1,-1,-1,-1,-1,-1,-1,-1,-1,-1,-1,-1,-1,-1,-1,-1,-1,-1,-1,-1,-1,-1,-1,-1,-1],"comboBonus":[5,4,6,4],"extraCardCost":[5500,8250,11000]}}]],0,0,[],[],[]]