[1,0,0,[["cc.JsonAsset",["_name","json"],1]],[[0,0,1,3]],[[0,"99",{"cards":[{"faceUp":false,"depth":0,"value":-1,"x":-129,"y":-4,"angle":0},{"faceUp":false,"depth":0,"value":-1,"x":-385,"y":-4,"angle":0},{"faceUp":false,"depth":0,"value":-1,"x":131,"y":-4,"angle":0},{"faceUp":false,"depth":0,"value":-1,"x":387,"y":-4,"angle":0},{"faceUp":false,"depth":0,"value":-1,"x":-259,"y":212,"angle":0},{"faceUp":false,"depth":0,"value":-1,"x":1,"y":212,"angle":0},{"faceUp":false,"depth":0,"value":-1,"x":261,"y":212,"angle":0},{"faceUp":false,"depth":1,"value":-1,"x":-64,"y":104,"angle":0},{"faceUp":false,"depth":1,"value":-1,"x":66,"y":104,"angle":0},{"faceUp":false,"depth":1,"value":-1,"x":196,"y":104,"angle":0},{"faceUp":false,"depth":1,"value":-1,"x":326,"y":104,"angle":0},{"faceUp":false,"depth":1,"value":-1,"x":-194,"y":104,"angle":0},{"faceUp":false,"depth":1,"value":-1,"x":-324,"y":104,"angle":0},{"faceUp":true,"depth":2,"value":-1,"x":-259,"y":-4,"angle":0},{"faceUp":true,"depth":2,"value":-1,"x":1,"y":-4,"angle":0},{"faceUp":true,"depth":2,"value":-1,"x":261,"y":-4,"angle":0},{"faceUp":true,"depth":2,"value":-1,"x":-385,"y":212,"angle":0},{"faceUp":true,"depth":2,"value":-1,"x":-129,"y":212,"angle":0},{"faceUp":true,"depth":2,"value":-1,"x":131,"y":212,"angle":0},{"faceUp":true,"depth":2,"value":-1,"x":387,"y":212,"angle":0}],"settings":{"disableCombo":false,"cost":2000,"reward":2100,"comboCoinReward":150,"undoCost":[500,750,1000],"stars":[30,150,250],"wildCost":[6000],"cardsInStack":[-1,-1,-1,-1,-1,-1,-1,-1,-1,-1,-1,-1,-1,-1,-1],"comboBonus":[5,4,6,4],"extraCardCost":[4000,6000,8000]}}]],0,0,[],[],[]]