[1,0,0,[["cc.JsonAsset",["_name","json"],1]],[[0,0,1,3]],[[0,"112",{"cards":[{"faceUp":false,"depth":0,"value":-1,"x":-79.947,"y":-51.032,"angle":0},{"faceUp":false,"depth":0,"value":-1,"x":24.053,"y":-51.032,"angle":0},{"faceUp":false,"depth":0,"value":-1,"x":71.69,"y":369.171,"angle":0},{"faceUp":false,"depth":0,"value":-1,"x":-32.31,"y":369.171,"angle":0},{"faceUp":false,"depth":0,"value":-1,"x":-136.31,"y":405.171,"angle":0},{"faceUp":false,"depth":0,"value":-1,"x":128.053,"y":-15.032,"angle":0},{"faceUp":false,"depth":1,"value":-1,"x":123.69,"y":315.171,"angle":0},{"faceUp":false,"depth":1,"value":-1,"x":-131.947,"y":-105.032,"angle":0},{"faceUp":false,"depth":1,"value":-1,"x":-84.31,"y":315.171,"angle":0},{"faceUp":false,"depth":1,"value":-1,"x":76.053,"y":-105.032,"angle":0},{"faceUp":true,"depth":2,"value":-1,"x":175.69,"y":405.171,"angle":0},{"faceUp":true,"depth":2,"value":-1,"x":-183.947,"y":-15.032,"angle":0},{"faceUp":false,"depth":2,"value":-1,"x":175.69,"y":261.171,"angle":0},{"faceUp":false,"depth":2,"value":-1,"x":-183.947,"y":-159.03199999999998,"angle":0},{"faceUp":false,"depth":3,"value":-1,"x":97.69,"y":189.171,"angle":0},{"faceUp":false,"depth":3,"value":-1,"x":-105.947,"y":-231.032,"angle":0},{"faceUp":false,"depth":3,"value":-1,"x":-84.31,"y":171.171,"angle":0},{"faceUp":false,"depth":3,"value":-1,"x":76.053,"y":-249.032,"angle":0},{"faceUp":false,"depth":4,"value":-1,"x":71.69,"y":225.171,"angle":0},{"faceUp":false,"depth":4,"value":-1,"x":-32.31,"y":225.171,"angle":0},{"faceUp":false,"depth":4,"value":-1,"x":-79.947,"y":-195.032,"angle":0},{"faceUp":false,"depth":4,"value":-1,"x":24.053,"y":-195.032,"angle":0},{"faceUp":false,"depth":4,"value":-1,"x":128.053,"y":-159.03199999999998,"angle":0},{"faceUp":false,"depth":4,"value":-1,"x":-136.31,"y":261.171,"angle":0},{"faceUp":true,"depth":5,"value":-1,"x":19.689999999999998,"y":333.171,"angle":0},{"faceUp":true,"depth":5,"value":-1,"x":-27.947000000000003,"y":-87.032,"angle":0},{"faceUp":true,"depth":5,"value":-1,"x":-188.31,"y":351.171,"angle":0},{"faceUp":true,"depth":5,"value":-1,"x":180.053,"y":-69.032,"angle":0}],"settings":{"disableCombo":false,"cost":2200,"reward":2400,"comboCoinReward":170,"undoCost":[500,750,1000],"stars":[30,200,300],"wildCost":[6500],"cardsInStack":[-1,-1,-1,-1,-1,-1,-1,-1,-1,-1,-1,-1,-1,-1,-1,-1,-1,-1,-1,-1],"comboBonus":[5,4,6,4],"extraCardCost":[4500,6750,9000]}}]],0,0,[],[],[]]