[1,0,0,[["cc.JsonAsset",["_name","json"],1]],[[0,0,1,3]],[[0,"77",{"cards":[{"faceUp":false,"depth":0,"value":-1,"x":-219,"y":-126,"angle":15},{"faceUp":false,"depth":0,"value":-1,"x":28,"y":-126,"angle":15},{"faceUp":false,"depth":0,"value":-1,"x":223,"y":-126,"angle":-15},{"faceUp":false,"depth":0,"value":-1,"x":28,"y":126,"angle":15},{"faceUp":false,"depth":0,"value":-1,"x":223,"y":126,"angle":-15},{"faceUp":false,"depth":0,"value":-1,"x":-219,"y":126,"angle":15},{"faceUp":false,"depth":1,"value":-1,"x":-271,"y":-126,"angle":-15},{"faceUp":false,"depth":1,"value":-1,"x":275,"y":126,"angle":15},{"faceUp":false,"depth":1,"value":-1,"x":275,"y":-126,"angle":15},{"faceUp":false,"depth":1,"value":-1,"x":-271,"y":126,"angle":-15},{"faceUp":false,"depth":1,"value":-1,"x":-24,"y":126,"angle":-15},{"faceUp":false,"depth":1,"value":-1,"x":-24,"y":-126,"angle":-15},{"faceUp":false,"depth":2,"value":-1,"x":-219,"y":-108,"angle":15},{"faceUp":false,"depth":2,"value":-1,"x":28,"y":-108,"angle":15},{"faceUp":false,"depth":2,"value":-1,"x":275,"y":-108,"angle":15},{"faceUp":false,"depth":2,"value":-1,"x":-219,"y":108,"angle":15},{"faceUp":false,"depth":2,"value":-1,"x":28,"y":108,"angle":15},{"faceUp":false,"depth":2,"value":-1,"x":275,"y":108,"angle":15},{"faceUp":false,"depth":3,"value":-1,"x":223,"y":-108,"angle":-15},{"faceUp":false,"depth":3,"value":-1,"x":-24,"y":-108,"angle":-15},{"faceUp":false,"depth":3,"value":-1,"x":-271,"y":-108,"angle":-15},{"faceUp":false,"depth":3,"value":-1,"x":-24,"y":108,"angle":-15},{"faceUp":false,"depth":3,"value":-1,"x":-271,"y":108,"angle":-15},{"faceUp":false,"depth":3,"value":-1,"x":223,"y":108,"angle":-15},{"faceUp":false,"depth":4,"value":-1,"x":223,"y":-90,"angle":-15},{"faceUp":false,"depth":4,"value":-1,"x":-24,"y":-90,"angle":-15},{"faceUp":false,"depth":4,"value":-1,"x":-271,"y":-90,"angle":-15},{"faceUp":false,"depth":4,"value":-1,"x":-271,"y":90,"angle":-15},{"faceUp":false,"depth":4,"value":-1,"x":-24,"y":90,"angle":-15},{"faceUp":false,"depth":4,"value":-1,"x":223,"y":90,"angle":-15},{"faceUp":true,"depth":5,"value":-1,"x":28,"y":-90,"angle":15},{"faceUp":true,"depth":5,"value":-1,"x":-219,"y":-90,"angle":15},{"faceUp":true,"depth":5,"value":-1,"x":-219,"y":90,"angle":15},{"faceUp":true,"depth":5,"value":-1,"x":28,"y":90,"angle":15},{"faceUp":true,"depth":5,"value":-1,"x":275,"y":90,"angle":15},{"faceUp":true,"depth":5,"value":-1,"x":275,"y":-90,"angle":15}],"settings":{"disableCombo":false,"cost":2000,"reward":2100,"comboCoinReward":150,"undoCost":[500,750,1000],"stars":[30,150,250],"wildCost":[6000],"cardsInStack":[-1,-1,-1,-1,-1,-1,-1,-1,-1,-1,-1,-1,-1,-1,-1,-1,-1,-1,-1,-1,-1,-1,-1,-1],"comboBonus":[5,4,6,4],"extraCardCost":[4000,6000,8000]}}]],0,0,[],[],[]]