[1,0,0,[["cc.JsonAsset",["_name","json"],1]],[[0,0,1,3]],[[0,"285",{"cards":[{"faceUp":false,"depth":0,"value":-1,"x":-243.824,"y":-61.92,"angle":0},{"faceUp":false,"depth":0,"value":-1,"x":-113.824,"y":-97.92,"angle":0},{"faceUp":false,"depth":0,"value":-1,"x":255.824,"y":-61.92,"angle":0},{"faceUp":false,"depth":0,"value":-1,"x":125.82400000000001,"y":-97.92,"angle":0},{"faceUp":false,"depth":0,"value":-1,"x":142.5,"y":350.818,"angle":-15},{"faceUp":false,"depth":0,"value":-1,"x":142.5,"y":98.818,"angle":15},{"faceUp":false,"depth":0,"value":-1,"x":-130.5,"y":98.818,"angle":-15},{"faceUp":false,"depth":0,"value":-1,"x":-130.5,"y":350.818,"angle":15},{"faceUp":false,"depth":1,"value":-1,"x":-243.824,"y":-97.92,"angle":0},{"faceUp":false,"depth":1,"value":-1,"x":125.82400000000001,"y":-133.92,"angle":0},{"faceUp":false,"depth":1,"value":-1,"x":255.824,"y":-97.92,"angle":0},{"faceUp":false,"depth":1,"value":-1,"x":142.5,"y":260.818,"angle":-10},{"faceUp":false,"depth":1,"value":-1,"x":-130.5,"y":260.818,"angle":10},{"faceUp":false,"depth":1,"value":-1,"x":-113.824,"y":-133.92,"angle":0},{"faceUp":false,"depth":2,"value":-1,"x":-243.824,"y":-133.92,"angle":0},{"faceUp":false,"depth":2,"value":-1,"x":125.82400000000001,"y":-169.92,"angle":0},{"faceUp":false,"depth":2,"value":-1,"x":255.824,"y":-133.92,"angle":0},{"faceUp":false,"depth":2,"value":-1,"x":142.5,"y":188.818,"angle":10},{"faceUp":false,"depth":2,"value":-1,"x":-130.5,"y":188.818,"angle":-10},{"faceUp":false,"depth":2,"value":-1,"x":-113.824,"y":-169.92,"angle":0},{"faceUp":false,"depth":3,"value":-1,"x":255.824,"y":-169.92,"angle":0},{"faceUp":false,"depth":3,"value":-1,"x":-243.824,"y":-169.92,"angle":0},{"faceUp":false,"depth":4,"value":-1,"x":255.824,"y":-205.92,"angle":0},{"faceUp":false,"depth":4,"value":-1,"x":-243.824,"y":-205.92,"angle":0},{"faceUp":true,"depth":5,"value":-1,"x":77.5,"y":224.818,"angle":0},{"faceUp":true,"depth":5,"value":-1,"x":190.824,"y":-259.92,"angle":0},{"faceUp":true,"depth":5,"value":-1,"x":-178.824,"y":-259.92,"angle":0},{"faceUp":true,"depth":5,"value":-1,"x":-52.5,"y":224.818,"angle":0}],"settings":{"disableCombo":false,"cost":2700,"reward":2850,"comboCoinReward":170,"undoCost":[700,1050,1400],"stars":[30,200,300],"wildCost":[8000],"cardsInStack":[-1,-1,-1,-1,-1,-1,-1,-1,-1,-1,-1,-1,-1,-1,-1,-1,-1,-1],"comboBonus":[5,4,6,4],"extraCardCost":[5500,8250,11000]}}]],0,0,[],[],[]]