[1,0,0,[["cc.JsonAsset",["_name","json"],1]],[[0,0,1,3]],[[0,"41",{"cards":[{"faceUp":false,"depth":0,"value":-1,"x":-110.5,"y":186.542,"angle":0},{"faceUp":false,"depth":0,"value":-1,"x":176,"y":297.198,"angle":0},{"faceUp":false,"depth":1,"value":-1,"x":-116,"y":-95.81,"angle":0},{"faceUp":false,"depth":2,"value":-1,"x":-116,"y":-58.81,"angle":0},{"faceUp":true,"depth":3,"value":-1,"x":-116,"y":-21.81,"angle":0},{"faceUp":false,"depth":1,"value":-1,"x":-253.5,"y":261.198,"angle":0},{"faceUp":false,"depth":1,"value":-1,"x":-110.5,"y":222.542,"angle":0},{"faceUp":false,"depth":1,"value":-1,"x":32.5,"y":261.198,"angle":0},{"faceUp":false,"depth":1,"value":-1,"x":176,"y":261.198,"angle":0},{"faceUp":false,"depth":1,"value":-1,"x":318.5,"y":117.198,"angle":0},{"faceUp":false,"depth":1,"value":-1,"x":176,"y":-21.81,"angle":0},{"faceUp":false,"depth":2,"value":-1,"x":32.5,"y":225.198,"angle":0},{"faceUp":false,"depth":2,"value":-1,"x":176,"y":225.198,"angle":0},{"faceUp":false,"depth":2,"value":-1,"x":318.5,"y":153.198,"angle":0},{"faceUp":false,"depth":2,"value":-1,"x":-253.5,"y":225.198,"angle":0},{"faceUp":false,"depth":2,"value":-1,"x":-110.5,"y":258.542,"angle":0},{"faceUp":false,"depth":2,"value":-1,"x":176,"y":-58.81,"angle":0},{"faceUp":true,"depth":3,"value":-1,"x":-253.5,"y":189.198,"angle":0},{"faceUp":true,"depth":3,"value":-1,"x":-110.5,"y":294.542,"angle":0},{"faceUp":true,"depth":3,"value":-1,"x":32.5,"y":189.198,"angle":0},{"faceUp":true,"depth":3,"value":-1,"x":176,"y":189.198,"angle":0},{"faceUp":true,"depth":3,"value":-1,"x":318.5,"y":189.198,"angle":0},{"faceUp":true,"depth":3,"value":-1,"x":176,"y":-95.81,"angle":0}],"settings":{"disableCombo":false,"cost":1500,"reward":1550,"comboCoinReward":100,"undoCost":[300,450,600],"stars":[30,100,200],"wildCost":[3000],"cardsInStack":[-1,-1,-1,-1,-1,-1,-1,-1,-1,-1,-1,-1,-1,-1],"comboBonus":[5,4,6,4],"extraCardCost":[2000,3000,4000]}}]],0,0,[],[],[]]