[1,0,0,[["cc.JsonAsset",["_name","json"],1]],[[0,0,1,3]],[[0,"86",{"cards":[{"faceUp":false,"depth":0,"value":-1,"x":114.05,"y":273.621,"angle":-40},{"faceUp":false,"depth":0,"value":-1,"x":-182.717,"y":-176.896,"angle":-40},{"faceUp":false,"depth":0,"value":-1,"x":-184.95,"y":273.621,"angle":-40},{"faceUp":false,"depth":0,"value":-1,"x":114.05,"y":57.620999999999995,"angle":-40},{"faceUp":false,"depth":0,"value":-1,"x":-184.95,"y":57.620999999999995,"angle":-40},{"faceUp":false,"depth":0,"value":-1,"x":121.182,"y":-174.302,"angle":-40},{"faceUp":false,"depth":1,"value":-1,"x":192.05,"y":273.621,"angle":40},{"faceUp":false,"depth":1,"value":-1,"x":-104.717,"y":-176.896,"angle":40},{"faceUp":false,"depth":1,"value":-1,"x":-106.95,"y":273.621,"angle":40},{"faceUp":false,"depth":1,"value":-1,"x":192.05,"y":57.620999999999995,"angle":40},{"faceUp":false,"depth":1,"value":-1,"x":-106.95,"y":57.620999999999995,"angle":40},{"faceUp":false,"depth":1,"value":-1,"x":199.182,"y":-174.302,"angle":40},{"faceUp":false,"depth":2,"value":-1,"x":179.05,"y":273.621,"angle":20},{"faceUp":false,"depth":2,"value":-1,"x":-117.717,"y":-176.896,"angle":20},{"faceUp":false,"depth":2,"value":-1,"x":-119.95,"y":273.621,"angle":20},{"faceUp":false,"depth":2,"value":-1,"x":179.05,"y":57.620999999999995,"angle":20},{"faceUp":false,"depth":2,"value":-1,"x":-119.95,"y":57.620999999999995,"angle":20},{"faceUp":false,"depth":2,"value":-1,"x":186.182,"y":-174.302,"angle":20},{"faceUp":false,"depth":3,"value":-1,"x":127.05,"y":273.621,"angle":-20},{"faceUp":false,"depth":3,"value":-1,"x":-169.717,"y":-176.896,"angle":-20},{"faceUp":false,"depth":3,"value":-1,"x":-171.95,"y":273.621,"angle":-20},{"faceUp":false,"depth":3,"value":-1,"x":127.05,"y":57.620999999999995,"angle":-20},{"faceUp":false,"depth":3,"value":-1,"x":-171.95,"y":57.620999999999995,"angle":-20},{"faceUp":false,"depth":3,"value":-1,"x":134.182,"y":-174.302,"angle":-20},{"faceUp":true,"depth":4,"value":-1,"x":153.05,"y":273.621,"angle":0},{"faceUp":true,"depth":4,"value":-1,"x":-143.717,"y":-176.896,"angle":0},{"faceUp":true,"depth":4,"value":-1,"x":-145.95,"y":273.621,"angle":0},{"faceUp":true,"depth":4,"value":-1,"x":153.05,"y":57.620999999999995,"angle":0},{"faceUp":true,"depth":4,"value":-1,"x":-145.95,"y":57.620999999999995,"angle":0},{"faceUp":true,"depth":4,"value":-1,"x":160.182,"y":-174.302,"angle":0}],"settings":{"disableCombo":false,"cost":2000,"reward":2100,"comboCoinReward":150,"undoCost":[500,750,1000],"stars":[30,150,250],"wildCost":[6000],"cardsInStack":[-1,-1,-1,-1,-1,-1,-1,-1,-1,-1,-1,-1,-1,-1,-1,-1,-1,-1,-1,-1,-1],"comboBonus":[5,4,6,4],"extraCardCost":[4000,6000,8000]}}]],0,0,[],[],[]]