[1,0,0,[["cc.JsonAsset",["_name","json"],1]],[[0,0,1,3]],[[0,"213",{"cards":[{"faceUp":false,"depth":0,"value":-1,"x":-143.254,"y":167.253,"angle":20},{"faceUp":false,"depth":0,"value":-1,"x":212.44,"y":-39.752,"angle":-20},{"faceUp":false,"depth":0,"value":-1,"x":-156.254,"y":419.253,"angle":-20},{"faceUp":false,"depth":0,"value":-1,"x":64.746,"y":419.253,"angle":-20},{"faceUp":false,"depth":0,"value":-1,"x":77.746,"y":167.253,"angle":20},{"faceUp":false,"depth":0,"value":-1,"x":-229.56,"y":-39.752,"angle":-20},{"faceUp":false,"depth":0,"value":-1,"x":-216.56,"y":-291.752,"angle":20},{"faceUp":false,"depth":0,"value":-1,"x":4.44,"y":-291.752,"angle":20},{"faceUp":false,"depth":0,"value":-1,"x":225.44,"y":-291.752,"angle":20},{"faceUp":false,"depth":0,"value":-1,"x":-8.56,"y":-39.752,"angle":-20},{"faceUp":false,"depth":1,"value":-1,"x":-130.254,"y":167.253,"angle":20},{"faceUp":false,"depth":1,"value":-1,"x":225.44,"y":-39.752,"angle":-20},{"faceUp":false,"depth":1,"value":-1,"x":-143.254,"y":419.253,"angle":-20},{"faceUp":false,"depth":1,"value":-1,"x":77.746,"y":419.253,"angle":-20},{"faceUp":false,"depth":1,"value":-1,"x":90.746,"y":167.253,"angle":20},{"faceUp":false,"depth":1,"value":-1,"x":-216.56,"y":-39.752,"angle":-20},{"faceUp":false,"depth":1,"value":-1,"x":-203.56,"y":-291.752,"angle":20},{"faceUp":false,"depth":1,"value":-1,"x":17.44,"y":-291.752,"angle":20},{"faceUp":false,"depth":1,"value":-1,"x":238.44,"y":-291.752,"angle":20},{"faceUp":false,"depth":1,"value":-1,"x":4.44,"y":-39.752,"angle":-20},{"faceUp":false,"depth":2,"value":-1,"x":-91.254,"y":203.253,"angle":20},{"faceUp":false,"depth":2,"value":-1,"x":277.44,"y":-75.752,"angle":-20},{"faceUp":false,"depth":2,"value":-1,"x":-91.254,"y":383.253,"angle":-20},{"faceUp":false,"depth":2,"value":-1,"x":129.746,"y":383.253,"angle":-20},{"faceUp":false,"depth":2,"value":-1,"x":129.746,"y":203.253,"angle":20},{"faceUp":false,"depth":2,"value":-1,"x":-164.56,"y":-75.752,"angle":-20},{"faceUp":false,"depth":2,"value":-1,"x":-164.56,"y":-255.752,"angle":20},{"faceUp":false,"depth":2,"value":-1,"x":56.44,"y":-255.752,"angle":20},{"faceUp":false,"depth":2,"value":-1,"x":277.44,"y":-255.752,"angle":20},{"faceUp":false,"depth":2,"value":-1,"x":56.44,"y":-75.752,"angle":-20},{"faceUp":false,"depth":3,"value":-1,"x":142.746,"y":293.253,"angle":0},{"faceUp":false,"depth":3,"value":-1,"x":290.44,"y":-165.752,"angle":0},{"faceUp":false,"depth":3,"value":-1,"x":-151.56,"y":-165.752,"angle":0},{"faceUp":true,"depth":4,"value":-1,"x":155.746,"y":293.253,"angle":0},{"faceUp":true,"depth":4,"value":-1,"x":-65.254,"y":293.253,"angle":0},{"faceUp":true,"depth":4,"value":-1,"x":303.44,"y":-165.752,"angle":0},{"faceUp":true,"depth":4,"value":-1,"x":-138.56,"y":-165.752,"angle":0},{"faceUp":true,"depth":4,"value":-1,"x":82.44,"y":-165.752,"angle":0}],"settings":{"disableCombo":false,"cost":2600,"reward":2750,"comboCoinReward":170,"undoCost":[650,975,1300],"stars":[30,200,300],"wildCost":[7800],"cardsInStack":[-1,-1,-1,-1,-1,-1,-1,-1,-1,-1,-1,-1,-1,-1,-1,-1,-1,-1,-1,-1,-1,-1,-1],"comboBonus":[5,4,6,4],"extraCardCost":[5000,7550,10000]}}]],0,0,[],[],[]]