[1,0,0,[["cc.JsonAsset",["_name","json"],1]],[[0,0,1,3]],[[0,"45",{"cards":[{"faceUp":false,"depth":0,"value":-1,"x":140.866,"y":-54,"angle":0},{"faceUp":false,"depth":0,"value":-1,"x":-119.134,"y":-54,"angle":0},{"faceUp":false,"depth":1,"value":-1,"x":205.866,"y":36,"angle":0},{"faceUp":false,"depth":1,"value":-1,"x":-54.134,"y":-126,"angle":0},{"faceUp":false,"depth":1,"value":-1,"x":75.866,"y":-126,"angle":0},{"faceUp":false,"depth":1,"value":-1,"x":-184.134,"y":36,"angle":0},{"faceUp":false,"depth":1,"value":-1,"x":-54.134,"y":36,"angle":0},{"faceUp":false,"depth":1,"value":-1,"x":75.866,"y":36,"angle":0},{"faceUp":false,"depth":2,"value":-1,"x":-119.134,"y":108,"angle":0},{"faceUp":false,"depth":2,"value":-1,"x":75.272,"y":377.486,"angle":0},{"faceUp":true,"depth":2,"value":-1,"x":10.866,"y":-223.531,"angle":0},{"faceUp":false,"depth":2,"value":-1,"x":-55.713,"y":379.659,"angle":0},{"faceUp":false,"depth":2,"value":-1,"x":-55.713,"y":217.659,"angle":0},{"faceUp":false,"depth":2,"value":-1,"x":75.272,"y":215.486,"angle":0},{"faceUp":false,"depth":2,"value":-1,"x":140.866,"y":108,"angle":0},{"faceUp":false,"depth":2,"value":-1,"x":10.866,"y":108,"angle":0},{"faceUp":true,"depth":3,"value":-1,"x":10.866,"y":126,"angle":0},{"faceUp":true,"depth":3,"value":-1,"x":140.866,"y":126,"angle":0},{"faceUp":true,"depth":3,"value":-1,"x":-119.134,"y":126,"angle":0},{"faceUp":false,"depth":3,"value":-1,"x":153.272,"y":359.486,"angle":0},{"faceUp":false,"depth":3,"value":-1,"x":-133.713,"y":361.659,"angle":0},{"faceUp":true,"depth":4,"value":-1,"x":-94.713,"y":289.659,"angle":0},{"faceUp":true,"depth":4,"value":-1,"x":114.272,"y":287.486,"angle":0},{"faceUp":false,"depth":4,"value":-1,"x":231.272,"y":341.486,"angle":0},{"faceUp":false,"depth":4,"value":-1,"x":-211.713,"y":343.659,"angle":0},{"faceUp":true,"depth":5,"value":-1,"x":283.272,"y":305.486,"angle":0},{"faceUp":true,"depth":5,"value":-1,"x":-263.713,"y":307.659,"angle":0}],"settings":{"disableCombo":false,"cost":1500,"reward":1550,"comboCoinReward":100,"undoCost":[300,450,600],"stars":[30,100,200],"wildCost":[3000],"cardsInStack":[-1,-1,-1,-1,-1,-1,-1,-1,-1,-1,-1,-1,-1,-1,-1,-1,-1,-1,-1,-1],"comboBonus":[5,4,6,4],"extraCardCost":[2000,3000,4000]}}]],0,0,[],[],[]]