[1,0,0,[["cc.JsonAsset",["_name","json"],1]],[[0,0,1,3]],[[0,"80",{"cards":[{"faceUp":false,"depth":0,"value":-1,"x":319,"y":27,"angle":5},{"faceUp":false,"depth":0,"value":-1,"x":163,"y":-117,"angle":5},{"faceUp":false,"depth":0,"value":-1,"x":33,"y":147.651,"angle":0},{"faceUp":false,"depth":0,"value":-1,"x":244.506,"y":231.656,"angle":5},{"faceUp":false,"depth":0,"value":-1,"x":-107.393,"y":226.543,"angle":5},{"faceUp":false,"depth":0,"value":-1,"x":-253,"y":27,"angle":5},{"faceUp":false,"depth":0,"value":-1,"x":-58,"y":-99,"angle":5},{"faceUp":false,"depth":1,"value":-1,"x":306,"y":27,"angle":-3},{"faceUp":false,"depth":1,"value":-1,"x":150,"y":-117,"angle":-3},{"faceUp":false,"depth":1,"value":-1,"x":33,"y":129.651,"angle":0},{"faceUp":false,"depth":1,"value":-1,"x":231.506,"y":231.656,"angle":-3},{"faceUp":false,"depth":1,"value":-1,"x":-120.393,"y":226.543,"angle":-3},{"faceUp":false,"depth":1,"value":-1,"x":-266,"y":27,"angle":-3},{"faceUp":false,"depth":1,"value":-1,"x":-71,"y":-99,"angle":-3},{"faceUp":false,"depth":2,"value":-1,"x":293,"y":27,"angle":-15},{"faceUp":false,"depth":2,"value":-1,"x":137,"y":-117,"angle":-15},{"faceUp":false,"depth":2,"value":-1,"x":33,"y":111.651,"angle":0},{"faceUp":false,"depth":2,"value":-1,"x":218.506,"y":231.656,"angle":-15},{"faceUp":false,"depth":2,"value":-1,"x":-133.393,"y":226.543,"angle":-15},{"faceUp":false,"depth":2,"value":-1,"x":-279,"y":27,"angle":-15},{"faceUp":false,"depth":2,"value":-1,"x":-84,"y":-99,"angle":-15},{"faceUp":true,"depth":3,"value":-1,"x":280,"y":27,"angle":-30},{"faceUp":true,"depth":3,"value":-1,"x":124,"y":-117,"angle":-30},{"faceUp":false,"depth":3,"value":-1,"x":33,"y":93.651,"angle":0},{"faceUp":true,"depth":3,"value":-1,"x":205.506,"y":231.656,"angle":-30},{"faceUp":true,"depth":3,"value":-1,"x":-146.393,"y":226.543,"angle":-30},{"faceUp":true,"depth":3,"value":-1,"x":-292,"y":27,"angle":-30},{"faceUp":true,"depth":3,"value":-1,"x":-97,"y":-99,"angle":-30},{"faceUp":true,"depth":4,"value":-1,"x":267,"y":27,"angle":-45},{"faceUp":true,"depth":4,"value":-1,"x":111,"y":-117,"angle":-45},{"faceUp":true,"depth":4,"value":-1,"x":33,"y":75.651,"angle":0},{"faceUp":true,"depth":4,"value":-1,"x":192.506,"y":231.656,"angle":-45},{"faceUp":true,"depth":4,"value":-1,"x":-159.393,"y":226.543,"angle":-45},{"faceUp":true,"depth":4,"value":-1,"x":-305,"y":27,"angle":-45},{"faceUp":true,"depth":4,"value":-1,"x":-110,"y":-99,"angle":-45}],"settings":{"disableCombo":false,"cost":2000,"reward":2100,"comboCoinReward":150,"undoCost":[500,750,1000],"stars":[30,150,250],"wildCost":[6000],"cardsInStack":[-1,-1,-1,-1,-1,-1,-1,-1,-1,-1,-1,-1,-1,-1,-1,-1,-1,-1,-1,-1,-1,-1,-1,-1,-1],"comboBonus":[5,4,6,4],"extraCardCost":[4000,6000,8000]}}]],0,0,[],[],[]]