[1,0,0,[["cc.JsonAsset",["_name","json"],1]],[[0,0,1,3]],[[0,"36",{"cards":[{"faceUp":false,"depth":0,"value":-1,"x":204.1,"y":129,"angle":0},{"faceUp":false,"depth":0,"value":-1,"x":204.1,"y":-279.245,"angle":0},{"faceUp":false,"depth":0,"value":-1,"x":-165.9,"y":129,"angle":0},{"faceUp":false,"depth":0,"value":-1,"x":-165.9,"y":-279.245,"angle":0},{"faceUp":false,"depth":0,"value":-1,"x":22.744,"y":326.301,"angle":0},{"faceUp":false,"depth":0,"value":-1,"x":22.744,"y":470.301,"angle":0},{"faceUp":false,"depth":0,"value":-1,"x":-94.256,"y":326.301,"angle":0},{"faceUp":false,"depth":0,"value":-1,"x":139.744,"y":326.301,"angle":0},{"faceUp":false,"depth":0,"value":-1,"x":24.162,"y":-62.579,"angle":0},{"faceUp":false,"depth":0,"value":-1,"x":23.1,"y":56.815,"angle":0},{"faceUp":false,"depth":1,"value":-1,"x":24.162,"y":-190.938,"angle":0},{"faceUp":false,"depth":1,"value":-1,"x":141.162,"y":-190.938,"angle":0},{"faceUp":false,"depth":1,"value":-1,"x":-92.838,"y":-190.938,"angle":0},{"faceUp":false,"depth":1,"value":-1,"x":-42.9,"y":129,"angle":0},{"faceUp":false,"depth":1,"value":-1,"x":81.1,"y":129,"angle":0},{"faceUp":true,"depth":1,"value":-1,"x":-42.256,"y":398.301,"angle":0},{"faceUp":true,"depth":1,"value":-1,"x":87.744,"y":398.301,"angle":0},{"faceUp":true,"depth":2,"value":-1,"x":89.162,"y":-118.938,"angle":0},{"faceUp":true,"depth":2,"value":-1,"x":-40.838,"y":-118.938,"angle":0},{"faceUp":true,"depth":2,"value":-1,"x":23.1,"y":200.815,"angle":0},{"faceUp":true,"depth":2,"value":-1,"x":140.1,"y":200.815,"angle":0},{"faceUp":true,"depth":2,"value":-1,"x":-93.9,"y":200.815,"angle":0}],"settings":{"disableCombo":false,"cost":1500,"reward":1550,"comboCoinReward":100,"undoCost":[200,300,600],"stars":[30,100,200],"wildCost":[2000],"cardsInStack":[-1,-1,-1,-1,-1,-1,-1,-1,-1,-1,-1,-1,-1],"comboBonus":[5,4,6,4],"extraCardCost":[1500,2250,3000]}}]],0,0,[],[],[]]