[1,0,0,[["cc.JsonAsset",["_name","json"],1]],[[0,0,1,3]],[[0,"48",{"cards":[{"faceUp":false,"depth":0,"value":-1,"x":-28.261,"y":134.292,"angle":0},{"faceUp":false,"depth":0,"value":-1,"x":192.739,"y":224.292,"angle":0},{"faceUp":false,"depth":0,"value":-1,"x":192.739,"y":44.292,"angle":0},{"faceUp":false,"depth":0,"value":-1,"x":-249.261,"y":224.292,"angle":0},{"faceUp":false,"depth":0,"value":-1,"x":-249.261,"y":44.292,"angle":0},{"faceUp":false,"depth":0,"value":-1,"x":-28.738,"y":359.035,"angle":0},{"faceUp":false,"depth":0,"value":-1,"x":-27.518,"y":-93.006,"angle":0},{"faceUp":false,"depth":1,"value":-1,"x":49.739,"y":134.292,"angle":0},{"faceUp":false,"depth":1,"value":-1,"x":-171.261,"y":224.292,"angle":0},{"faceUp":false,"depth":1,"value":-1,"x":270.739,"y":224.292,"angle":0},{"faceUp":false,"depth":1,"value":-1,"x":270.739,"y":44.292,"angle":0},{"faceUp":false,"depth":1,"value":-1,"x":-171.261,"y":44.292,"angle":0},{"faceUp":false,"depth":1,"value":-1,"x":50.482,"y":-93.006,"angle":0},{"faceUp":false,"depth":1,"value":-1,"x":49.262,"y":359.035,"angle":0},{"faceUp":false,"depth":2,"value":-1,"x":49.739,"y":116.292,"angle":0},{"faceUp":false,"depth":2,"value":-1,"x":49.262,"y":341.035,"angle":0},{"faceUp":false,"depth":2,"value":-1,"x":-171.261,"y":206.292,"angle":0},{"faceUp":false,"depth":2,"value":-1,"x":-171.261,"y":26.292,"angle":0},{"faceUp":false,"depth":2,"value":-1,"x":270.739,"y":26.292,"angle":0},{"faceUp":false,"depth":2,"value":-1,"x":50.482,"y":-111.006,"angle":0},{"faceUp":false,"depth":2,"value":-1,"x":270.739,"y":206.292,"angle":0},{"faceUp":true,"depth":3,"value":-1,"x":-28.261,"y":116.292,"angle":0},{"faceUp":true,"depth":3,"value":-1,"x":-28.738,"y":341.035,"angle":0},{"faceUp":true,"depth":3,"value":-1,"x":-249.261,"y":206.292,"angle":0},{"faceUp":true,"depth":3,"value":-1,"x":-249.261,"y":26.292,"angle":0},{"faceUp":true,"depth":3,"value":-1,"x":192.739,"y":26.292,"angle":0},{"faceUp":true,"depth":3,"value":-1,"x":-27.518,"y":-111.006,"angle":0},{"faceUp":true,"depth":3,"value":-1,"x":192.739,"y":206.292,"angle":0}],"settings":{"disableCombo":false,"cost":1500,"reward":1550,"comboCoinReward":100,"undoCost":[400,600,800],"stars":[30,100,200],"wildCost":[4500],"cardsInStack":[-1,-1,-1,-1,-1,-1,-1,-1,-1,-1,-1,-1,-1,-1,-1,-1,-1,-1,-1],"comboBonus":[5,4,6,4],"extraCardCost":[3000,4500,6000]}}]],0,0,[],[],[]]