[1,0,0,[["cc.JsonAsset",["_name","json"],1]],[[0,0,1,3]],[[0,"93",{"cards":[{"faceUp":false,"depth":0,"value":-1,"x":-60.068,"y":83.228,"angle":0},{"faceUp":false,"depth":0,"value":-1,"x":56.932,"y":83.228,"angle":0},{"faceUp":false,"depth":0,"value":-1,"x":-60.068,"y":-96.772,"angle":0},{"faceUp":false,"depth":0,"value":-1,"x":56.932,"y":-96.772,"angle":0},{"faceUp":false,"depth":1,"value":-1,"x":-177.068,"y":-78.772,"angle":0},{"faceUp":false,"depth":1,"value":-1,"x":173.932,"y":65.228,"angle":0},{"faceUp":false,"depth":1,"value":1,"x":56.932,"y":-78.772,"angle":0},{"faceUp":false,"depth":1,"value":-1,"x":-177.068,"y":65.228,"angle":0},{"faceUp":false,"depth":1,"value":-1,"x":-60.068,"y":-78.772,"angle":0},{"faceUp":false,"depth":1,"value":-1,"x":56.932,"y":65.228,"angle":0},{"faceUp":false,"depth":1,"value":-1,"x":-60.068,"y":65.228,"angle":0},{"faceUp":false,"depth":1,"value":-1,"x":173.932,"y":-78.772,"angle":0},{"faceUp":true,"depth":2,"value":10,"x":-60.068,"y":-6.772,"angle":0},{"faceUp":true,"depth":2,"value":9,"x":-177.068,"y":-6.772,"angle":0},{"faceUp":true,"depth":2,"value":12,"x":173.932,"y":-6.772,"angle":0},{"faceUp":true,"depth":2,"value":11,"x":56.932,"y":-6.772,"angle":0},{"faceUp":true,"depth":2,"value":8,"x":246.35399999999998,"y":302.47,"angle":0},{"faceUp":true,"depth":2,"value":7,"x":129.354,"y":302.47,"angle":0},{"faceUp":true,"depth":2,"value":4,"x":-221.646,"y":302.47,"angle":0},{"faceUp":true,"depth":2,"value":5,"x":-104.646,"y":302.47,"angle":0},{"faceUp":true,"depth":2,"value":6,"x":12.354,"y":302.47,"angle":0}],"settings":{"disableCombo":false,"cost":2000,"reward":2100,"comboCoinReward":150,"undoCost":[500,750,1000],"stars":[30,150,250],"wildCost":[6000],"cardsInStack":[-1,-1,-1,-1,-1,-1,-1,-1,-1,-1,-1,-1,-1,-1],"comboBonus":[5,4,6,4],"extraCardCost":[4000,6000,8000]}}]],0,0,[],[],[]]