[1,0,0,[["cc.JsonAsset",["_name","json"],1]],[[0,0,1,3]],[[0,"155",{"cards":[{"faceUp":false,"depth":0,"value":-1,"x":0,"y":172,"angle":0},{"faceUp":false,"depth":1,"value":-1,"x":-52,"y":154,"angle":0},{"faceUp":false,"depth":1,"value":-1,"x":52,"y":154,"angle":0},{"faceUp":false,"depth":2,"value":-1,"x":0,"y":136,"angle":0},{"faceUp":false,"depth":2,"value":-1,"x":117,"y":136,"angle":0},{"faceUp":false,"depth":2,"value":-1,"x":-117,"y":136,"angle":0},{"faceUp":false,"depth":3,"value":-1,"x":65,"y":118,"angle":0},{"faceUp":false,"depth":3,"value":-1,"x":195,"y":118,"angle":0},{"faceUp":false,"depth":3,"value":-1,"x":-65,"y":118,"angle":0},{"faceUp":false,"depth":3,"value":-1,"x":-195,"y":118,"angle":0},{"faceUp":false,"depth":3,"value":-1,"x":-318,"y":10,"angle":0},{"faceUp":false,"depth":3,"value":-1,"x":320,"y":10,"angle":0},{"faceUp":true,"depth":4,"value":-1,"x":-195,"y":64,"angle":0},{"faceUp":false,"depth":4,"value":-1,"x":-65,"y":64,"angle":0},{"faceUp":false,"depth":4,"value":-1,"x":65,"y":64,"angle":0},{"faceUp":true,"depth":4,"value":-1,"x":195,"y":64,"angle":0},{"faceUp":false,"depth":4,"value":-1,"x":-331,"y":64,"angle":0},{"faceUp":false,"depth":4,"value":-1,"x":333,"y":64,"angle":0},{"faceUp":true,"depth":5,"value":-1,"x":-122,"y":10,"angle":0},{"faceUp":false,"depth":5,"value":-1,"x":0,"y":10,"angle":0},{"faceUp":true,"depth":5,"value":-1,"x":122,"y":10,"angle":0},{"faceUp":true,"depth":5,"value":-1,"x":-344,"y":95,"angle":0},{"faceUp":true,"depth":5,"value":-1,"x":346,"y":95,"angle":0},{"faceUp":true,"depth":6,"value":-1,"x":-50,"y":-8,"angle":0},{"faceUp":true,"depth":6,"value":-1,"x":50,"y":-8,"angle":0},{"faceUp":true,"depth":6,"value":-1,"x":-357,"y":214.112,"angle":0},{"faceUp":true,"depth":6,"value":-1,"x":359,"y":213.858,"angle":0},{"faceUp":true,"depth":7,"value":-1,"x":0,"y":-136,"angle":0},{"faceUp":true,"depth":7,"value":-1,"x":-357,"y":335.525,"angle":0},{"faceUp":true,"depth":7,"value":-1,"x":359,"y":335.525,"angle":0}],"settings":{"disableCombo":false,"cost":2200,"reward":2400,"comboCoinReward":170,"undoCost":[500,750,1000],"stars":[30,200,300],"wildCost":[6500],"cardsInStack":[-1,-1,-1,-1,-1,-1,-1,-1,-1,-1,-1,-1,-1,-1,-1,-1,-1,-1,-1,-1,-1,-1,-1,-1,-1],"comboBonus":[5,4,6,4],"extraCardCost":[4500,6750,9000]}}]],0,0,[],[],[]]