[1,0,0,[["cc.JsonAsset",["_name","json"],1]],[[0,0,1,3]],[[0,"28",{"cards":[{"faceUp":false,"depth":0,"value":-1,"x":-207.603,"y":350.793,"angle":0},{"faceUp":false,"depth":0,"value":-1,"x":-53.109,"y":-255.168,"angle":0},{"faceUp":false,"depth":0,"value":-1,"x":102.891,"y":-255.168,"angle":0},{"faceUp":false,"depth":0,"value":-1,"x":-51.603,"y":170.793,"angle":0},{"faceUp":false,"depth":0,"value":-1,"x":-207.603,"y":170.793,"angle":0},{"faceUp":false,"depth":0,"value":-1,"x":-51.603,"y":350.793,"angle":0},{"faceUp":false,"depth":0,"value":-1,"x":236.451,"y":350.793,"angle":0},{"faceUp":false,"depth":0,"value":-1,"x":80.451,"y":170.793,"angle":0},{"faceUp":false,"depth":0,"value":-1,"x":236.451,"y":170.793,"angle":0},{"faceUp":false,"depth":0,"value":-1,"x":102.891,"y":-75.168,"angle":0},{"faceUp":false,"depth":0,"value":-1,"x":-53.109,"y":-75.168,"angle":0},{"faceUp":false,"depth":0,"value":-1,"x":80.451,"y":350.793,"angle":0},{"faceUp":false,"depth":1,"value":-1,"x":223.451,"y":152.793,"angle":0},{"faceUp":false,"depth":1,"value":-1,"x":89.891,"y":-273.168,"angle":0},{"faceUp":false,"depth":1,"value":-1,"x":-40.109,"y":-273.168,"angle":0},{"faceUp":false,"depth":1,"value":-1,"x":-194.603,"y":152.793,"angle":0},{"faceUp":false,"depth":1,"value":-1,"x":-64.603,"y":152.793,"angle":0},{"faceUp":false,"depth":1,"value":-1,"x":93.451,"y":152.793,"angle":0},{"faceUp":false,"depth":1,"value":-1,"x":-194.603,"y":368.793,"angle":0},{"faceUp":false,"depth":1,"value":-1,"x":223.451,"y":368.793,"angle":0},{"faceUp":false,"depth":1,"value":-1,"x":93.451,"y":368.793,"angle":0},{"faceUp":false,"depth":1,"value":-1,"x":89.891,"y":-57.168,"angle":0},{"faceUp":false,"depth":1,"value":-1,"x":-40.109,"y":-57.168,"angle":0},{"faceUp":false,"depth":1,"value":-1,"x":-64.603,"y":368.793,"angle":0},{"faceUp":true,"depth":2,"value":-1,"x":-129.603,"y":116.793,"angle":0},{"faceUp":true,"depth":2,"value":-1,"x":158.451,"y":116.793,"angle":0},{"faceUp":true,"depth":2,"value":-1,"x":24.891,"y":-309.168,"angle":0},{"faceUp":true,"depth":2,"value":-1,"x":158.451,"y":404.793,"angle":0},{"faceUp":true,"depth":2,"value":-1,"x":24.891,"y":-21.168,"angle":0},{"faceUp":true,"depth":2,"value":-1,"x":-129.603,"y":404.793,"angle":0}],"settings":{"disableCombo":false,"cost":1500,"reward":1550,"comboCoinReward":100,"undoCost":[200,300,600],"stars":[30,100,200],"wildCost":[2000],"cardsInStack":[-1,-1,-1,-1,-1,-1,-1,-1,-1,-1,-1,-1,-1,-1,-1,-1,-1,-1,-1],"comboBonus":[5,4,6,4],"extraCardCost":[1500,2250,3000]}}]],0,0,[],[],[]]