[1,0,0,[["cc.JsonAsset",["_name","json"],1]],[[0,0,1,3]],[[0,"125",{"cards":[{"faceUp":false,"depth":0,"value":-1,"x":-197.791,"y":397.061,"angle":0},{"faceUp":false,"depth":0,"value":-1,"x":-221,"y":-12.246,"angle":0},{"faceUp":false,"depth":0,"value":-1,"x":52,"y":-12.246,"angle":0},{"faceUp":false,"depth":0,"value":-1,"x":71.797,"y":393.919,"angle":0},{"faceUp":false,"depth":1,"value":-1,"x":-119.791,"y":379.061,"angle":0},{"faceUp":false,"depth":1,"value":-1,"x":-143,"y":-30.246,"angle":0},{"faceUp":false,"depth":1,"value":-1,"x":130,"y":-30.246,"angle":0},{"faceUp":false,"depth":1,"value":-1,"x":149.797,"y":375.919,"angle":0},{"faceUp":false,"depth":2,"value":-1,"x":-184.791,"y":289.061,"angle":0},{"faceUp":false,"depth":2,"value":-1,"x":-208,"y":-120.246,"angle":0},{"faceUp":false,"depth":2,"value":-1,"x":65,"y":-120.246,"angle":0},{"faceUp":false,"depth":2,"value":-1,"x":84.797,"y":285.919,"angle":0},{"faceUp":false,"depth":2,"value":-1,"x":-78,"y":-192.246,"angle":0},{"faceUp":false,"depth":2,"value":-1,"x":-78,"y":-48.246,"angle":0},{"faceUp":false,"depth":2,"value":-1,"x":195,"y":-48.246,"angle":0},{"faceUp":false,"depth":2,"value":-1,"x":195,"y":-192.246,"angle":0},{"faceUp":false,"depth":3,"value":-1,"x":-106.791,"y":271.061,"angle":0},{"faceUp":false,"depth":3,"value":-1,"x":-130,"y":-138.246,"angle":0},{"faceUp":false,"depth":3,"value":-1,"x":143,"y":-138.246,"angle":0},{"faceUp":false,"depth":3,"value":-1,"x":162.797,"y":267.919,"angle":0},{"faceUp":false,"depth":4,"value":-1,"x":-171.791,"y":181.061,"angle":0},{"faceUp":false,"depth":4,"value":-1,"x":-195,"y":-228.246,"angle":0},{"faceUp":false,"depth":4,"value":-1,"x":78,"y":-228.246,"angle":0},{"faceUp":false,"depth":4,"value":-1,"x":97.797,"y":177.919,"angle":0},{"faceUp":true,"depth":5,"value":-1,"x":-93.791,"y":163.061,"angle":0},{"faceUp":true,"depth":5,"value":-1,"x":-117,"y":-246.246,"angle":0},{"faceUp":true,"depth":5,"value":-1,"x":156,"y":-246.246,"angle":0},{"faceUp":true,"depth":5,"value":-1,"x":175.797,"y":159.919,"angle":0}],"settings":{"disableCombo":false,"cost":2200,"reward":2400,"comboCoinReward":170,"undoCost":[500,750,1000],"stars":[30,200,300],"wildCost":[6500],"cardsInStack":[-1,-1,-1,-1,-1,-1,-1,-1,-1,-1,-1,-1,-1,-1,-1,-1,-1,-1,-1,-1,-1],"comboBonus":[5,4,6,4],"extraCardCost":[4500,6750,9000]}}]],0,0,[],[],[]]