[1,0,0,[["cc.JsonAsset",["_name","json"],1]],[[0,0,1,3]],[[0,"184",{"cards":[{"faceUp":false,"depth":0,"value":-1,"x":-133.252,"y":427.769,"angle":25},{"faceUp":false,"depth":0,"value":-1,"x":-133.252,"y":175.769,"angle":-25},{"faceUp":false,"depth":0,"value":-1,"x":-3.252,"y":355.769,"angle":0},{"faceUp":false,"depth":0,"value":-1,"x":113.748,"y":445.769,"angle":-25},{"faceUp":false,"depth":0,"value":-1,"x":126.74799999999999,"y":175.769,"angle":25},{"faceUp":false,"depth":0,"value":-1,"x":123.941,"y":-24.127000000000002,"angle":-25},{"faceUp":false,"depth":0,"value":-1,"x":136.941,"y":-294.127,"angle":25},{"faceUp":false,"depth":0,"value":-1,"x":6.941,"y":-114.12700000000001,"angle":0},{"faceUp":false,"depth":0,"value":-1,"x":-123.059,"y":-42.126999999999995,"angle":25},{"faceUp":false,"depth":0,"value":-1,"x":-123.059,"y":-294.127,"angle":-25},{"faceUp":false,"depth":1,"value":-1,"x":-159.252,"y":391.769,"angle":10},{"faceUp":false,"depth":1,"value":-1,"x":-159.252,"y":211.769,"angle":-10},{"faceUp":false,"depth":1,"value":-1,"x":-3.252,"y":337.769,"angle":0},{"faceUp":false,"depth":1,"value":-1,"x":152.748,"y":391.769,"angle":-10},{"faceUp":false,"depth":1,"value":-1,"x":152.748,"y":211.769,"angle":10},{"faceUp":false,"depth":1,"value":-1,"x":162.941,"y":-78.127,"angle":-10},{"faceUp":false,"depth":1,"value":-1,"x":162.941,"y":-258.127,"angle":10},{"faceUp":false,"depth":1,"value":-1,"x":6.941,"y":-132.127,"angle":0},{"faceUp":false,"depth":1,"value":-1,"x":-149.059,"y":-78.127,"angle":10},{"faceUp":false,"depth":1,"value":-1,"x":-149.059,"y":-258.127,"angle":-10},{"faceUp":false,"depth":2,"value":-1,"x":-172.252,"y":301.769,"angle":0},{"faceUp":false,"depth":2,"value":-1,"x":-3.252,"y":319.769,"angle":0},{"faceUp":false,"depth":2,"value":-1,"x":165.748,"y":301.769,"angle":0},{"faceUp":false,"depth":2,"value":-1,"x":175.941,"y":-168.127,"angle":0},{"faceUp":false,"depth":2,"value":-1,"x":6.941,"y":-150.127,"angle":0},{"faceUp":false,"depth":2,"value":-1,"x":-162.059,"y":-168.127,"angle":0},{"faceUp":true,"depth":3,"value":-1,"x":-133.252,"y":301.769,"angle":0},{"faceUp":true,"depth":3,"value":-1,"x":126.74799999999999,"y":301.769,"angle":0},{"faceUp":true,"depth":3,"value":-1,"x":136.941,"y":-168.127,"angle":0},{"faceUp":true,"depth":3,"value":-1,"x":-123.059,"y":-168.127,"angle":0},{"faceUp":true,"depth":3,"value":-1,"x":6.941,"y":-168.127,"angle":0},{"faceUp":true,"depth":3,"value":-1,"x":-3.252,"y":301.769,"angle":0}],"settings":{"disableCombo":false,"cost":2500,"reward":2650,"comboCoinReward":170,"undoCost":[650,975,1300],"stars":[30,200,300],"wildCost":[7500],"cardsInStack":[-1,-1,-1,-1,-1,-1,-1,-1,-1,-1,-1,-1,-1,-1,-1,-1,-1,-1,-1,-1,-1,-1],"comboBonus":[5,4,6,4],"extraCardCost":[5000,7550,10000]}}]],0,0,[],[],[]]