[1,0,0,[["cc.JsonAsset",["_name","json"],1]],[[0,0,1,3]],[[0,"243",{"cards":[{"faceUp":false,"depth":0,"value":-1,"x":-233.748,"y":-146.546,"angle":0},{"faceUp":false,"depth":0,"value":-1,"x":3.05,"y":23.79,"angle":0},{"faceUp":false,"depth":0,"value":-1,"x":237.912,"y":-146.546,"angle":0},{"faceUp":false,"depth":1,"value":-1,"x":-272.748,"y":-74.546,"angle":0},{"faceUp":false,"depth":1,"value":-1,"x":-35.95,"y":95.79,"angle":0},{"faceUp":false,"depth":1,"value":-1,"x":198.912,"y":-74.546,"angle":0},{"faceUp":false,"depth":2,"value":-1,"x":-194.748,"y":-74.546,"angle":0},{"faceUp":false,"depth":2,"value":-1,"x":42.05,"y":95.79,"angle":0},{"faceUp":false,"depth":2,"value":-1,"x":276.912,"y":-74.546,"angle":0},{"faceUp":false,"depth":3,"value":-1,"x":-298.748,"y":-2.546,"angle":0},{"faceUp":false,"depth":3,"value":-1,"x":-168.748,"y":-2.546,"angle":0},{"faceUp":false,"depth":3,"value":-1,"x":-61.95,"y":167.79,"angle":0},{"faceUp":false,"depth":3,"value":-1,"x":68.05,"y":167.79,"angle":0},{"faceUp":false,"depth":3,"value":-1,"x":172.912,"y":-2.546,"angle":0},{"faceUp":false,"depth":3,"value":-1,"x":302.912,"y":-2.546,"angle":0},{"faceUp":true,"depth":4,"value":-1,"x":-233.748,"y":-2.546,"angle":0},{"faceUp":false,"depth":4,"value":-1,"x":3.05,"y":167.79,"angle":0},{"faceUp":true,"depth":4,"value":-1,"x":237.912,"y":-2.546,"angle":0},{"faceUp":false,"depth":5,"value":-1,"x":133.05,"y":239.79,"angle":0},{"faceUp":false,"depth":5,"value":-1,"x":-126.95,"y":239.79,"angle":0},{"faceUp":false,"depth":6,"value":-1,"x":-74.95,"y":239.79,"angle":0},{"faceUp":false,"depth":6,"value":-1,"x":81.05,"y":239.79,"angle":0},{"faceUp":true,"depth":7,"value":-1,"x":3.05,"y":239.79,"angle":0}],"settings":{"disableCombo":false,"cost":2600,"reward":2750,"comboCoinReward":170,"undoCost":[650,975,1300],"stars":[30,200,300],"wildCost":[8000],"cardsInStack":[-1,-1,-1,-1,-1,-1,-1,-1,-1,-1,-1,-1,-1,-1,-1,-1,-1,-1,-1],"comboBonus":[5,4,6,4],"extraCardCost":[5000,7550,10000]}}]],0,0,[],[],[]]