[1,0,0,[["cc.JsonAsset",["_name","json"],1]],[[0,0,1,3]],[[0,"195",{"cards":[{"faceUp":false,"depth":0,"value":-1,"x":156,"y":168.229,"angle":0},{"faceUp":false,"depth":0,"value":-1,"x":364,"y":168.229,"angle":0},{"faceUp":false,"depth":0,"value":-1,"x":-52,"y":24.229,"angle":0},{"faceUp":false,"depth":0,"value":-1,"x":-260,"y":24.229,"angle":0},{"faceUp":false,"depth":0,"value":-1,"x":52,"y":24.229,"angle":0},{"faceUp":false,"depth":0,"value":-1,"x":260,"y":24.229,"angle":0},{"faceUp":false,"depth":0,"value":-1,"x":-156,"y":168.229,"angle":0},{"faceUp":false,"depth":0,"value":-1,"x":-364,"y":168.229,"angle":0},{"faceUp":false,"depth":1,"value":-1,"x":0,"y":96.229,"angle":0},{"faceUp":false,"depth":1,"value":-1,"x":-104,"y":96.229,"angle":0},{"faceUp":false,"depth":1,"value":-1,"x":-208,"y":96.229,"angle":0},{"faceUp":false,"depth":1,"value":-1,"x":-312,"y":96.229,"angle":0},{"faceUp":false,"depth":1,"value":-1,"x":104,"y":96.229,"angle":0},{"faceUp":false,"depth":1,"value":-1,"x":208,"y":96.229,"angle":0},{"faceUp":false,"depth":1,"value":-1,"x":312,"y":96.229,"angle":0},{"faceUp":true,"depth":2,"value":-1,"x":-260,"y":168.229,"angle":0},{"faceUp":true,"depth":2,"value":-1,"x":-156,"y":24.229,"angle":0},{"faceUp":true,"depth":2,"value":-1,"x":-364,"y":24.229,"angle":0},{"faceUp":true,"depth":2,"value":-1,"x":260,"y":168.229,"angle":0},{"faceUp":true,"depth":2,"value":-1,"x":364,"y":24.229,"angle":0},{"faceUp":true,"depth":2,"value":-1,"x":52,"y":168.229,"angle":0},{"faceUp":true,"depth":2,"value":-1,"x":156,"y":24.229,"angle":0},{"faceUp":true,"depth":2,"value":-1,"x":-52,"y":168.229,"angle":0}],"settings":{"disableCombo":false,"cost":2500,"reward":2650,"comboCoinReward":170,"undoCost":[650,975,1300],"stars":[30,200,300],"wildCost":[7500],"cardsInStack":[-1,-1,-1,-1,-1,-1,-1,-1,-1,-1,-1,-1,-1,-1,-1,-1,-1,-1,-1,-1,-1,-1,-1],"comboBonus":[5,4,6,4],"extraCardCost":[5000,7550,10000]}}]],0,0,[],[],[]]