[1,0,0,[["cc.JsonAsset",["_name","json"],1]],[[0,0,1,3]],[[0,"251",{"cards":[{"faceUp":false,"depth":0,"value":-1,"x":-67.651,"y":139.191,"angle":-30},{"faceUp":false,"depth":0,"value":-1,"x":290.039,"y":-96.717,"angle":30},{"faceUp":false,"depth":0,"value":-1,"x":108.039,"y":-96.717,"angle":-30},{"faceUp":false,"depth":0,"value":-1,"x":-95.27,"y":-102.891,"angle":30},{"faceUp":false,"depth":0,"value":-1,"x":-277.27,"y":-102.891,"angle":-30},{"faceUp":false,"depth":0,"value":-1,"x":114.349,"y":139.191,"angle":30},{"faceUp":false,"depth":1,"value":-1,"x":-54.651,"y":157.191,"angle":-15},{"faceUp":false,"depth":1,"value":-1,"x":88.349,"y":157.191,"angle":15},{"faceUp":false,"depth":2,"value":1,"x":-186.27,"y":-84.891,"angle":0},{"faceUp":false,"depth":2,"value":1,"x":23.349,"y":157.191,"angle":0},{"faceUp":false,"depth":2,"value":1,"x":199.039,"y":-78.717,"angle":0},{"faceUp":false,"depth":3,"value":-1,"x":-54.651,"y":157.191,"angle":-15},{"faceUp":false,"depth":3,"value":-1,"x":277.039,"y":-78.717,"angle":15},{"faceUp":false,"depth":3,"value":-1,"x":121.039,"y":-78.717,"angle":-15},{"faceUp":false,"depth":3,"value":-1,"x":-264.27,"y":-84.891,"angle":-15},{"faceUp":false,"depth":3,"value":-1,"x":-108.27,"y":-84.891,"angle":15},{"faceUp":false,"depth":3,"value":-1,"x":101.349,"y":157.191,"angle":15},{"faceUp":false,"depth":4,"value":-1,"x":147.039,"y":-78.717,"angle":-10},{"faceUp":false,"depth":4,"value":-1,"x":-28.651,"y":157.191,"angle":-10},{"faceUp":false,"depth":4,"value":-1,"x":-238.27,"y":-84.891,"angle":-10},{"faceUp":true,"depth":5,"value":-1,"x":251.039,"y":-78.717,"angle":10},{"faceUp":true,"depth":5,"value":-1,"x":75.349,"y":157.191,"angle":10},{"faceUp":true,"depth":5,"value":-1,"x":-134.27,"y":-84.891,"angle":10}],"settings":{"disableCombo":false,"cost":2700,"reward":2850,"comboCoinReward":170,"undoCost":[700,1050,1400],"stars":[30,200,300],"wildCost":[8000],"cardsInStack":[-1,-1,-1,-1,-1,-1,-1,-1,-1,-1,-1,-1],"comboBonus":[5,4,6,4],"extraCardCost":[5500,8250,11000]}}]],0,0,[],[],[]]