[1,0,0,[["cc.JsonAsset",["_name","json"],1]],[[0,0,1,3]],[[0,"228",{"cards":[{"faceUp":false,"depth":0,"value":-1,"x":-318.5,"y":184,"angle":-10},{"faceUp":false,"depth":0,"value":-1,"x":-201.5,"y":184,"angle":-10},{"faceUp":false,"depth":0,"value":-1,"x":-84.5,"y":184,"angle":-10},{"faceUp":false,"depth":0,"value":-1,"x":32.5,"y":184,"angle":-10},{"faceUp":false,"depth":0,"value":-1,"x":149.5,"y":184,"angle":-10},{"faceUp":false,"depth":0,"value":-1,"x":266.5,"y":184,"angle":-10},{"faceUp":false,"depth":0,"value":-1,"x":-331.5,"y":-68,"angle":-10},{"faceUp":false,"depth":0,"value":-1,"x":-136.5,"y":-68,"angle":-10},{"faceUp":false,"depth":0,"value":-1,"x":-19.5,"y":-68,"angle":-10},{"faceUp":false,"depth":0,"value":-1,"x":97.5,"y":-68,"angle":-10},{"faceUp":false,"depth":0,"value":-1,"x":214.5,"y":-68,"angle":-10},{"faceUp":false,"depth":1,"value":-1,"x":-253.5,"y":-68,"angle":-10},{"faceUp":false,"depth":1,"value":-1,"x":331.5,"y":-68,"angle":-10},{"faceUp":false,"depth":2,"value":-1,"x":-84.5,"y":4,"angle":0},{"faceUp":false,"depth":2,"value":-1,"x":32.5,"y":4,"angle":0},{"faceUp":false,"depth":2,"value":-1,"x":-318.5,"y":4,"angle":0},{"faceUp":false,"depth":2,"value":-1,"x":-201.5,"y":4,"angle":0},{"faceUp":false,"depth":3,"value":-1,"x":227.5,"y":58,"angle":0},{"faceUp":false,"depth":3,"value":-1,"x":110.5,"y":58,"angle":0},{"faceUp":true,"depth":3,"value":-1,"x":344.5,"y":58,"angle":0},{"faceUp":true,"depth":3,"value":-1,"x":-357.5,"y":94,"angle":0},{"faceUp":true,"depth":3,"value":-1,"x":-240.5,"y":94,"angle":0},{"faceUp":false,"depth":3,"value":-1,"x":-123.5,"y":94,"angle":0},{"faceUp":false,"depth":3,"value":-1,"x":-6.5,"y":94,"angle":0},{"faceUp":true,"depth":4,"value":-1,"x":-71.5,"y":58,"angle":10},{"faceUp":true,"depth":4,"value":-1,"x":162.5,"y":22,"angle":10}],"settings":{"disableCombo":false,"cost":2600,"reward":2750,"comboCoinReward":170,"undoCost":[650,975,1300],"stars":[30,200,300],"wildCost":[7800],"cardsInStack":[-1,-1,-1,-1,-1,-1,-1,-1,-1,-1,-1,-1,-1,-1,-1,-1,-1,-1,-1,-1,-1],"comboBonus":[5,4,6,4],"extraCardCost":[5000,7550,10000]}}]],0,0,[],[],[]]