[1,0,0,[["cc.JsonAsset",["_name","json"],1]],[[0,0,1,3]],[[0,"222",{"cards":[{"faceUp":false,"depth":0,"value":-1,"x":3.146,"y":144,"angle":0},{"faceUp":false,"depth":0,"value":-1,"x":-100.854,"y":0,"angle":0},{"faceUp":false,"depth":0,"value":-1,"x":-204.854,"y":-144,"angle":0},{"faceUp":false,"depth":0,"value":-1,"x":3.146,"y":0,"angle":0},{"faceUp":false,"depth":0,"value":-1,"x":107.146,"y":0,"angle":0},{"faceUp":false,"depth":0,"value":-1,"x":-100.854,"y":-144,"angle":0},{"faceUp":false,"depth":0,"value":-1,"x":3.146,"y":-144,"angle":0},{"faceUp":false,"depth":0,"value":-1,"x":107.146,"y":-144,"angle":0},{"faceUp":false,"depth":0,"value":-1,"x":211.146,"y":-144,"angle":0},{"faceUp":false,"depth":0,"value":-1,"x":-329.155,"y":71.413,"angle":0},{"faceUp":false,"depth":0,"value":-1,"x":335.448,"y":71.413,"angle":0},{"faceUp":true,"depth":0,"value":11,"x":127.448,"y":215.413,"angle":0},{"faceUp":false,"depth":0,"value":11,"x":231.448,"y":215.413,"angle":0},{"faceUp":false,"depth":0,"value":11,"x":335.448,"y":215.413,"angle":0},{"faceUp":false,"depth":0,"value":11,"x":-329.155,"y":215.413,"angle":0},{"faceUp":false,"depth":0,"value":11,"x":-225.155,"y":215.413,"angle":0},{"faceUp":true,"depth":0,"value":11,"x":-121.155,"y":215.413,"angle":0},{"faceUp":false,"depth":1,"value":-1,"x":-48.854,"y":0,"angle":0},{"faceUp":false,"depth":1,"value":-1,"x":55.146,"y":0,"angle":0},{"faceUp":true,"depth":1,"value":-1,"x":-152.854,"y":-144,"angle":0},{"faceUp":true,"depth":1,"value":-1,"x":-48.854,"y":-144,"angle":0},{"faceUp":true,"depth":1,"value":-1,"x":55.146,"y":-144,"angle":0},{"faceUp":true,"depth":1,"value":-1,"x":159.146,"y":-144,"angle":0},{"faceUp":true,"depth":1,"value":-1,"x":-277.155,"y":143.413,"angle":20},{"faceUp":true,"depth":1,"value":-1,"x":283.448,"y":143.413,"angle":-20},{"faceUp":true,"depth":2,"value":-1,"x":3.146,"y":72,"angle":0}],"settings":{"disableCombo":false,"cost":2600,"reward":2750,"comboCoinReward":170,"undoCost":[650,975,1300],"stars":[30,200,300],"wildCost":[7800],"cardsInStack":[-1,-1,-1,-1,-1,-1,-1,-1,-1,-1,-1,-1,-1,-1,-1],"comboBonus":[5,4,6,4],"extraCardCost":[5000,7550,10000]}}]],0,0,[],[],[]]