[1,0,0,[["cc.JsonAsset",["_name","json"],1]],[[0,0,1,3]],[[0,"224",{"cards":[{"faceUp":false,"depth":0,"value":-1,"x":15.007000000000001,"y":288.676,"angle":0},{"faceUp":false,"depth":0,"value":-1,"x":-114.993,"y":288.676,"angle":0},{"faceUp":false,"depth":0,"value":-1,"x":145.007,"y":288.676,"angle":0},{"faceUp":false,"depth":0,"value":-1,"x":-166,"y":-161,"angle":0},{"faceUp":false,"depth":0,"value":-1,"x":205.879,"y":-12.126,"angle":0},{"faceUp":false,"depth":1,"value":-1,"x":-166,"y":-125,"angle":0},{"faceUp":false,"depth":1,"value":-1,"x":205.879,"y":-48.126000000000005,"angle":0},{"faceUp":false,"depth":1,"value":-1,"x":-114.993,"y":270.676,"angle":0},{"faceUp":false,"depth":1,"value":-1,"x":15.007000000000001,"y":270.676,"angle":0},{"faceUp":false,"depth":1,"value":-1,"x":145.007,"y":270.676,"angle":0},{"faceUp":false,"depth":2,"value":-1,"x":-166,"y":-89,"angle":0},{"faceUp":false,"depth":2,"value":-1,"x":205.879,"y":-84.126,"angle":0},{"faceUp":false,"depth":2,"value":-1,"x":-114.993,"y":252.676,"angle":0},{"faceUp":false,"depth":2,"value":-1,"x":15.007000000000001,"y":252.676,"angle":0},{"faceUp":false,"depth":2,"value":-1,"x":145.007,"y":252.676,"angle":0},{"faceUp":false,"depth":3,"value":-1,"x":-101,"y":-17,"angle":0},{"faceUp":false,"depth":3,"value":-1,"x":-231,"y":-17,"angle":0},{"faceUp":false,"depth":3,"value":-1,"x":140.879,"y":-138.126,"angle":0},{"faceUp":false,"depth":3,"value":-1,"x":270.879,"y":-138.126,"angle":0},{"faceUp":false,"depth":3,"value":-1,"x":-114.993,"y":234.676,"angle":0},{"faceUp":false,"depth":3,"value":-1,"x":15.007000000000001,"y":234.676,"angle":0},{"faceUp":false,"depth":3,"value":-1,"x":145.007,"y":234.676,"angle":0},{"faceUp":false,"depth":4,"value":-1,"x":-101,"y":-35,"angle":0},{"faceUp":false,"depth":4,"value":-1,"x":-231,"y":-35,"angle":0},{"faceUp":false,"depth":4,"value":-1,"x":140.879,"y":-156.126,"angle":0},{"faceUp":false,"depth":4,"value":-1,"x":270.879,"y":-156.126,"angle":0},{"faceUp":false,"depth":4,"value":-1,"x":-114.993,"y":216.676,"angle":0},{"faceUp":false,"depth":4,"value":-1,"x":15.007000000000001,"y":216.676,"angle":0},{"faceUp":false,"depth":4,"value":-1,"x":145.007,"y":216.676,"angle":0},{"faceUp":true,"depth":5,"value":-1,"x":-166,"y":-17,"angle":0},{"faceUp":true,"depth":5,"value":-1,"x":205.879,"y":-120.126,"angle":0},{"faceUp":true,"depth":5,"value":-1,"x":-114.993,"y":198.676,"angle":0},{"faceUp":true,"depth":5,"value":-1,"x":15.007000000000001,"y":198.676,"angle":0},{"faceUp":true,"depth":5,"value":-1,"x":145.007,"y":198.676,"angle":0}],"settings":{"disableCombo":false,"cost":2600,"reward":2750,"comboCoinReward":170,"undoCost":[650,975,1300],"stars":[30,200,300],"wildCost":[7800],"cardsInStack":[-1,-1,-1,-1,-1,-1,-1,-1,-1,-1,-1,-1,-1,-1,-1,-1,-1,-1,-1,-1,-1],"comboBonus":[5,4,6,4],"extraCardCost":[5000,7550,10000]}}]],0,0,[],[],[]]