[1,0,0,[["cc.JsonAsset",["_name","json"],1]],[[0,0,1,3]],[[0,"25",{"cards":[{"faceUp":false,"depth":0,"value":-1,"x":58.97,"y":90,"angle":0},{"faceUp":false,"depth":0,"value":-1,"x":58.97,"y":-90,"angle":0},{"faceUp":false,"depth":0,"value":-1,"x":-51.165,"y":-90,"angle":0},{"faceUp":false,"depth":0,"value":-1,"x":-51.165,"y":90,"angle":0},{"faceUp":false,"depth":1,"value":-1,"x":-116.165,"y":-108,"angle":0},{"faceUp":false,"depth":1,"value":-1,"x":123.97,"y":-108,"angle":0},{"faceUp":false,"depth":1,"value":-1,"x":-116.165,"y":108,"angle":0},{"faceUp":false,"depth":1,"value":-1,"x":123.97,"y":108,"angle":0},{"faceUp":false,"depth":2,"value":-1,"x":-181.165,"y":-126,"angle":0},{"faceUp":false,"depth":2,"value":-1,"x":188.97,"y":-126,"angle":0},{"faceUp":false,"depth":2,"value":-1,"x":-181.165,"y":126,"angle":0},{"faceUp":false,"depth":2,"value":-1,"x":188.97,"y":126,"angle":0},{"faceUp":false,"depth":3,"value":-1,"x":-246.165,"y":144,"angle":0},{"faceUp":false,"depth":3,"value":-1,"x":-246.165,"y":-144,"angle":0},{"faceUp":false,"depth":3,"value":-1,"x":253.97,"y":144,"angle":0},{"faceUp":false,"depth":3,"value":-1,"x":253.97,"y":-144,"angle":0},{"faceUp":true,"depth":4,"value":-1,"x":318.97,"y":144,"angle":0},{"faceUp":true,"depth":4,"value":-1,"x":331.97,"y":-144,"angle":0},{"faceUp":true,"depth":4,"value":-1,"x":-324.165,"y":144,"angle":0},{"faceUp":true,"depth":4,"value":-1,"x":-324.165,"y":-144,"angle":0}],"settings":{"disableCombo":false,"cost":1500,"reward":1550,"comboCoinReward":100,"undoCost":[200,300,600],"stars":[30,100,200],"wildCost":[2000],"cardsInStack":[-1,-1,-1,-1,-1,-1,-1,-1,-1,-1,-1,-1,-1,-1,-1,-1,-1],"comboBonus":[5,4,6,4],"extraCardCost":[900,1350,1800]}}]],0,0,[],[],[]]