[1,0,0,[["cc.JsonAsset",["_name","json"],1]],[[0,0,1,3]],[[0,"19",{"cards":[{"faceUp":false,"depth":0,"value":-1,"x":9.576,"y":-67.737,"angle":0},{"faceUp":false,"depth":0,"value":-1,"x":9.576,"y":-301.737,"angle":0},{"faceUp":false,"depth":0,"value":-1,"x":9.46,"y":143.593,"angle":0},{"faceUp":false,"depth":0,"value":-1,"x":9.46,"y":377.593,"angle":0},{"faceUp":false,"depth":1,"value":-1,"x":9.576,"y":-49.736999999999995,"angle":0},{"faceUp":false,"depth":1,"value":-1,"x":9.576,"y":-319.737,"angle":0},{"faceUp":false,"depth":1,"value":-1,"x":9.46,"y":125.59299999999999,"angle":0},{"faceUp":false,"depth":1,"value":-1,"x":9.46,"y":395.593,"angle":0},{"faceUp":false,"depth":2,"value":-1,"x":-81.424,"y":-85.737,"angle":0},{"faceUp":false,"depth":2,"value":-1,"x":100.576,"y":-85.737,"angle":0},{"faceUp":false,"depth":2,"value":-1,"x":-81.424,"y":-283.73699999999997,"angle":0},{"faceUp":false,"depth":2,"value":-1,"x":100.576,"y":-283.73699999999997,"angle":0},{"faceUp":false,"depth":2,"value":-1,"x":100.46,"y":161.593,"angle":0},{"faceUp":false,"depth":2,"value":-1,"x":-81.54,"y":161.593,"angle":0},{"faceUp":false,"depth":2,"value":-1,"x":-81.54,"y":359.593,"angle":0},{"faceUp":false,"depth":2,"value":-1,"x":100.46,"y":359.593,"angle":0},{"faceUp":false,"depth":3,"value":-1,"x":-81.424,"y":-67.737,"angle":0},{"faceUp":false,"depth":3,"value":-1,"x":100.576,"y":-67.737,"angle":0},{"faceUp":false,"depth":3,"value":-1,"x":-81.424,"y":-301.737,"angle":0},{"faceUp":false,"depth":3,"value":-1,"x":100.576,"y":-301.737,"angle":0},{"faceUp":false,"depth":3,"value":-1,"x":-81.54,"y":377.593,"angle":0},{"faceUp":false,"depth":3,"value":-1,"x":100.46,"y":377.593,"angle":0},{"faceUp":false,"depth":3,"value":-1,"x":-81.54,"y":143.593,"angle":0},{"faceUp":false,"depth":3,"value":-1,"x":100.46,"y":143.593,"angle":0},{"faceUp":false,"depth":4,"value":-1,"x":165.576,"y":-193.737,"angle":0},{"faceUp":false,"depth":4,"value":-1,"x":-146.424,"y":-193.737,"angle":0},{"faceUp":false,"depth":4,"value":-1,"x":165.46,"y":251.59300000000002,"angle":0},{"faceUp":false,"depth":4,"value":-1,"x":-146.54,"y":251.59300000000002,"angle":0},{"faceUp":true,"depth":5,"value":-1,"x":-159.424,"y":-193.737,"angle":0},{"faceUp":true,"depth":5,"value":-1,"x":178.576,"y":-193.737,"angle":0},{"faceUp":true,"depth":5,"value":-1,"x":178.46,"y":251.59300000000002,"angle":0},{"faceUp":true,"depth":5,"value":-1,"x":-159.54,"y":251.59300000000002,"angle":0}],"settings":{"disableCombo":false,"cost":1000,"reward":1050,"comboCoinReward":50,"undoCost":[100,150,400],"stars":[30,100,150],"wildCost":[1000],"cardsInStack":[-1,-1,-1,-1,-1,-1,-1,-1,-1,-1,-1,-1,-1,-1,-1,-1],"comboBonus":[5,4,6,5],"extraCardCost":[200,300,500]}}]],0,0,[],[],[]]