[1,0,0,[["cc.JsonAsset",["_name","json"],1]],[[0,0,1,3]],[[0,"194",{"cards":[{"faceUp":false,"depth":0,"value":-1,"x":1,"y":206.117,"angle":0},{"faceUp":false,"depth":0,"value":-1,"x":131,"y":206.117,"angle":0},{"faceUp":false,"depth":0,"value":-1,"x":261,"y":206.117,"angle":0},{"faceUp":false,"depth":0,"value":-1,"x":387,"y":206.117,"angle":0},{"faceUp":false,"depth":0,"value":-1,"x":-129,"y":206.117,"angle":0},{"faceUp":false,"depth":0,"value":-1,"x":-259,"y":206.117,"angle":0},{"faceUp":false,"depth":0,"value":-1,"x":-385,"y":206.117,"angle":0},{"faceUp":false,"depth":0,"value":-1,"x":-385,"y":26.117,"angle":0},{"faceUp":false,"depth":0,"value":-1,"x":-259,"y":26.117,"angle":0},{"faceUp":false,"depth":0,"value":-1,"x":-129,"y":26.117,"angle":0},{"faceUp":false,"depth":0,"value":-1,"x":1,"y":26.117,"angle":0},{"faceUp":false,"depth":0,"value":-1,"x":261,"y":26.117,"angle":0},{"faceUp":false,"depth":0,"value":-1,"x":131,"y":26.117,"angle":0},{"faceUp":false,"depth":0,"value":-1,"x":387,"y":26.117,"angle":0},{"faceUp":false,"depth":1,"value":-1,"x":-324,"y":170.117,"angle":0},{"faceUp":false,"depth":1,"value":-1,"x":-194,"y":170.117,"angle":0},{"faceUp":false,"depth":1,"value":-1,"x":-64,"y":170.117,"angle":0},{"faceUp":false,"depth":1,"value":-1,"x":66,"y":170.117,"angle":0},{"faceUp":false,"depth":1,"value":-1,"x":196,"y":170.117,"angle":0},{"faceUp":false,"depth":1,"value":-1,"x":326,"y":170.117,"angle":0},{"faceUp":false,"depth":2,"value":-1,"x":-324,"y":62.117,"angle":0},{"faceUp":false,"depth":2,"value":-1,"x":-194,"y":62.117,"angle":0},{"faceUp":false,"depth":2,"value":-1,"x":-64,"y":62.117,"angle":0},{"faceUp":false,"depth":2,"value":-1,"x":66,"y":62.117,"angle":0},{"faceUp":false,"depth":2,"value":-1,"x":196,"y":62.117,"angle":0},{"faceUp":false,"depth":2,"value":-1,"x":326,"y":62.117,"angle":0},{"faceUp":false,"depth":3,"value":-1,"x":-324,"y":134.117,"angle":0},{"faceUp":false,"depth":3,"value":-1,"x":-194,"y":134.117,"angle":0},{"faceUp":false,"depth":3,"value":-1,"x":-64,"y":134.117,"angle":0},{"faceUp":false,"depth":3,"value":-1,"x":66,"y":134.117,"angle":0},{"faceUp":false,"depth":3,"value":-1,"x":196,"y":134.117,"angle":0},{"faceUp":false,"depth":3,"value":-1,"x":326,"y":134.117,"angle":0},{"faceUp":true,"depth":4,"value":-1,"x":-324,"y":98.117,"angle":0},{"faceUp":true,"depth":4,"value":-1,"x":-194,"y":98.117,"angle":0},{"faceUp":true,"depth":4,"value":-1,"x":-64,"y":98.117,"angle":0},{"faceUp":true,"depth":4,"value":-1,"x":66,"y":98.117,"angle":0},{"faceUp":true,"depth":4,"value":-1,"x":196,"y":98.117,"angle":0},{"faceUp":true,"depth":4,"value":-1,"x":326,"y":98.117,"angle":0}],"settings":{"disableCombo":false,"cost":2500,"reward":2650,"comboCoinReward":170,"undoCost":[650,975,1300],"stars":[30,200,300],"wildCost":[7500],"cardsInStack":[-1,-1,-1,-1,-1,-1,-1,-1,-1,-1,-1,-1,-1,-1,-1,-1,-1,-1,-1,-1,-1,-1,-1,-1,-1,-1,-1],"comboBonus":[5,4,6,4],"extraCardCost":[5000,7550,10000]}}]],0,0,[],[],[]]