[1,0,0,[["cc.JsonAsset",["_name","json"],1]],[[0,0,1,3]],[[0,"238",{"cards":[{"faceUp":false,"depth":0,"value":-1,"x":-314.695,"y":78.377,"angle":0},{"faceUp":false,"depth":0,"value":-1,"x":-314.695,"y":-65.623,"angle":0},{"faceUp":false,"depth":0,"value":-1,"x":-184.695,"y":78.377,"angle":0},{"faceUp":false,"depth":0,"value":-1,"x":-184.695,"y":-65.623,"angle":0},{"faceUp":false,"depth":0,"value":-1,"x":-54.695,"y":78.377,"angle":0},{"faceUp":false,"depth":0,"value":-1,"x":-54.695,"y":-65.623,"angle":0},{"faceUp":false,"depth":0,"value":-1,"x":67.713,"y":78.377,"angle":0},{"faceUp":false,"depth":0,"value":-1,"x":67.713,"y":-65.623,"angle":0},{"faceUp":false,"depth":0,"value":-1,"x":197.713,"y":-65.623,"angle":0},{"faceUp":false,"depth":0,"value":-1,"x":197.713,"y":78.377,"angle":0},{"faceUp":false,"depth":0,"value":-1,"x":327.713,"y":78.377,"angle":0},{"faceUp":false,"depth":0,"value":-1,"x":327.713,"y":-65.623,"angle":0},{"faceUp":false,"depth":1,"value":-1,"x":-249.695,"y":6.377,"angle":0},{"faceUp":false,"depth":1,"value":-1,"x":132.713,"y":6.377,"angle":0},{"faceUp":false,"depth":2,"value":-1,"x":-184.695,"y":6.377,"angle":0},{"faceUp":false,"depth":2,"value":-1,"x":197.713,"y":6.377,"angle":0},{"faceUp":true,"depth":3,"value":-1,"x":-119.695,"y":6.377,"angle":0},{"faceUp":true,"depth":3,"value":-1,"x":262.713,"y":6.377,"angle":0}],"settings":{"disableCombo":false,"cost":2600,"reward":2750,"comboCoinReward":170,"undoCost":[650,975,1300],"stars":[30,200,300],"wildCost":[8000],"cardsInStack":[-1,-1,-1,-1,-1,-1,-1,-1,-1,-1,-1,-1,-1],"comboBonus":[5,4,6,4],"extraCardCost":[5000,7550,10000]}}]],0,0,[],[],[]]