[1,0,0,[["cc.JsonAsset",["_name","json"],1]],[[0,0,1,3]],[[0,"294",{"cards":[{"faceUp":false,"depth":0,"value":-1,"x":-67,"y":200.527,"angle":0},{"faceUp":false,"depth":0,"value":-1,"x":-197,"y":182.527,"angle":-15},{"faceUp":false,"depth":0,"value":-1,"x":-340,"y":164.527,"angle":-20},{"faceUp":false,"depth":0,"value":-1,"x":349,"y":164.527,"angle":20},{"faceUp":false,"depth":0,"value":-1,"x":206,"y":200.527,"angle":15},{"faceUp":false,"depth":0,"value":-1,"x":63,"y":200.527,"angle":0},{"faceUp":false,"depth":0,"value":-1,"x":-210.251,"y":-121.071,"angle":10},{"faceUp":false,"depth":0,"value":-1,"x":-340.251,"y":-103.071,"angle":15},{"faceUp":false,"depth":0,"value":-1,"x":49.749,"y":-121.071,"angle":0},{"faceUp":false,"depth":0,"value":-1,"x":348.749,"y":-67.071,"angle":-20},{"faceUp":false,"depth":0,"value":-1,"x":205.749,"y":-103.071,"angle":-15},{"faceUp":false,"depth":0,"value":-1,"x":-80.251,"y":-121.071,"angle":0},{"faceUp":false,"depth":1,"value":-1,"x":-67,"y":182.527,"angle":0},{"faceUp":true,"depth":1,"value":-1,"x":-210,"y":164.527,"angle":-15},{"faceUp":true,"depth":1,"value":-1,"x":-353,"y":146.527,"angle":-20},{"faceUp":true,"depth":1,"value":-1,"x":336,"y":146.527,"angle":20},{"faceUp":true,"depth":1,"value":-1,"x":193,"y":182.527,"angle":15},{"faceUp":false,"depth":1,"value":-1,"x":63,"y":182.527,"angle":0},{"faceUp":true,"depth":1,"value":-1,"x":-223.251,"y":-139.071,"angle":10},{"faceUp":true,"depth":1,"value":-1,"x":-353.251,"y":-121.071,"angle":15},{"faceUp":false,"depth":1,"value":-1,"x":49.749,"y":-139.071,"angle":0},{"faceUp":true,"depth":1,"value":-1,"x":335.749,"y":-85.071,"angle":-20},{"faceUp":true,"depth":1,"value":-1,"x":192.749,"y":-121.071,"angle":-15},{"faceUp":false,"depth":1,"value":-1,"x":-80.251,"y":-139.071,"angle":0},{"faceUp":true,"depth":2,"value":-1,"x":-2,"y":182.527,"angle":0},{"faceUp":true,"depth":2,"value":-1,"x":-15.251000000000001,"y":-139.071,"angle":0}],"settings":{"disableCombo":false,"cost":2700,"reward":2850,"comboCoinReward":170,"undoCost":[700,1050,1400],"stars":[30,200,300],"wildCost":[8000],"cardsInStack":[-1,-1,-1,-1,-1,-1,-1,-1,-1,-1,-1,-1,-1,-1,-1,-1,-1,-1,-1,-1],"comboBonus":[5,4,6,4],"extraCardCost":[5500,8250,11000]}}]],0,0,[],[],[]]