[1,0,0,[["cc.JsonAsset",["_name","json"],1]],[[0,0,1,3]],[[0,"39",{"cards":[{"faceUp":false,"depth":0,"value":-1,"x":-58.831,"y":-25.933,"angle":0},{"faceUp":false,"depth":0,"value":-1,"x":-62.268,"y":358.67,"angle":0},{"faceUp":false,"depth":0,"value":-1,"x":80.732,"y":358.67,"angle":0},{"faceUp":false,"depth":0,"value":-1,"x":84.169,"y":-25.933,"angle":0},{"faceUp":false,"depth":0,"value":-1,"x":201.169,"y":-223.933,"angle":0},{"faceUp":false,"depth":0,"value":-1,"x":-179.268,"y":142.67,"angle":0},{"faceUp":false,"depth":1,"value":-1,"x":-36.268,"y":376.67,"angle":0},{"faceUp":false,"depth":1,"value":-1,"x":58.169,"y":-7.933,"angle":0},{"faceUp":false,"depth":1,"value":-1,"x":-114.268,"y":178.67,"angle":0},{"faceUp":false,"depth":1,"value":-1,"x":136.169,"y":-205.933,"angle":0},{"faceUp":false,"depth":2,"value":-1,"x":54.732,"y":376.67,"angle":0},{"faceUp":false,"depth":2,"value":-1,"x":-32.831,"y":-7.933,"angle":0},{"faceUp":false,"depth":2,"value":-1,"x":71.169,"y":-187.933,"angle":0},{"faceUp":false,"depth":2,"value":-1,"x":-49.268,"y":196.67,"angle":0},{"faceUp":false,"depth":3,"value":-1,"x":-10.268,"y":394.67,"angle":0},{"faceUp":false,"depth":3,"value":-1,"x":-6.831,"y":10.067,"angle":0},{"faceUp":false,"depth":3,"value":-1,"x":6.169,"y":-187.933,"angle":0},{"faceUp":false,"depth":3,"value":-1,"x":15.732,"y":196.67,"angle":0},{"faceUp":true,"depth":4,"value":-1,"x":15.732,"y":394.67,"angle":0},{"faceUp":true,"depth":4,"value":-1,"x":19.169,"y":10.067,"angle":0},{"faceUp":false,"depth":4,"value":-1,"x":-58.831,"y":-205.933,"angle":0},{"faceUp":false,"depth":4,"value":-1,"x":80.732,"y":178.67,"angle":0},{"faceUp":true,"depth":5,"value":-1,"x":-123.831,"y":-223.933,"angle":0},{"faceUp":true,"depth":5,"value":-1,"x":145.732,"y":160.67,"angle":0}],"settings":{"disableCombo":false,"cost":1500,"reward":1550,"comboCoinReward":100,"undoCost":[300,450,600],"stars":[30,100,200],"wildCost":[3000],"cardsInStack":[-1,-1,-1,-1,-1,-1,-1,-1,-1,-1,-1,-1,-1,-1,-1,-1,-1,-1],"comboBonus":[5,4,6,4],"extraCardCost":[2000,3000,4000]}}]],0,0,[],[],[]]