[1,0,0,[["cc.JsonAsset",["_name","json"],1]],[[0,0,1,3]],[[0,"58",{"cards":[{"faceUp":false,"depth":0,"value":-1,"x":223.301,"y":428.345,"angle":0},{"faceUp":false,"depth":0,"value":-1,"x":67.301,"y":428.345,"angle":0},{"faceUp":false,"depth":0,"value":-1,"x":-103.833,"y":22.402,"angle":0},{"faceUp":false,"depth":0,"value":-1,"x":-42.632,"y":-157.645,"angle":0},{"faceUp":false,"depth":0,"value":-1,"x":130.167,"y":22.402,"angle":0},{"faceUp":false,"depth":0,"value":-1,"x":223.301,"y":266.345,"angle":0},{"faceUp":false,"depth":0,"value":-1,"x":-208.009,"y":430.498,"angle":0},{"faceUp":false,"depth":0,"value":-1,"x":-208.009,"y":268.498,"angle":0},{"faceUp":false,"depth":0,"value":-1,"x":-52.009,"y":430.498,"angle":0},{"faceUp":false,"depth":0,"value":-1,"x":67.301,"y":266.345,"angle":0},{"faceUp":false,"depth":0,"value":-1,"x":-52.009,"y":268.498,"angle":0},{"faceUp":false,"depth":1,"value":-1,"x":-90.833,"y":40.402,"angle":0},{"faceUp":false,"depth":1,"value":-1,"x":117.167,"y":40.402,"angle":0},{"faceUp":false,"depth":1,"value":-1,"x":-16.632,"y":-157.645,"angle":-5},{"faceUp":false,"depth":1,"value":-1,"x":-130.009,"y":358.498,"angle":0},{"faceUp":false,"depth":1,"value":-1,"x":145.301,"y":374.345,"angle":0},{"faceUp":false,"depth":2,"value":-1,"x":210.301,"y":266.345,"angle":0},{"faceUp":false,"depth":2,"value":-1,"x":80.301,"y":266.345,"angle":0},{"faceUp":false,"depth":2,"value":-1,"x":22.368,"y":-157.645,"angle":-10},{"faceUp":false,"depth":2,"value":-1,"x":104.167,"y":58.402,"angle":0},{"faceUp":false,"depth":2,"value":-1,"x":-77.833,"y":58.402,"angle":0},{"faceUp":false,"depth":2,"value":-1,"x":210.301,"y":428.345,"angle":0},{"faceUp":false,"depth":2,"value":-1,"x":-65.009,"y":430.498,"angle":0},{"faceUp":false,"depth":2,"value":-1,"x":-195.009,"y":430.498,"angle":0},{"faceUp":false,"depth":2,"value":-1,"x":-195.009,"y":268.498,"angle":0},{"faceUp":false,"depth":2,"value":-1,"x":80.301,"y":428.345,"angle":0},{"faceUp":false,"depth":2,"value":-1,"x":-65.009,"y":268.498,"angle":0},{"faceUp":true,"depth":3,"value":-1,"x":-64.833,"y":76.402,"angle":0},{"faceUp":true,"depth":3,"value":-1,"x":91.167,"y":76.402,"angle":0},{"faceUp":false,"depth":3,"value":-1,"x":61.368,"y":-157.645,"angle":-20},{"faceUp":true,"depth":3,"value":-1,"x":145.301,"y":428.345,"angle":0},{"faceUp":true,"depth":3,"value":-1,"x":-130.009,"y":268.498,"angle":0},{"faceUp":true,"depth":3,"value":-1,"x":145.301,"y":266.345,"angle":0},{"faceUp":true,"depth":3,"value":-1,"x":-130.009,"y":430.498,"angle":0},{"faceUp":true,"depth":4,"value":-1,"x":87.368,"y":-157.645,"angle":-30}],"settings":{"disableCombo":false,"cost":2000,"reward":2100,"comboCoinReward":150,"undoCost":[500,750,1000],"stars":[30,150,250],"wildCost":[6000],"cardsInStack":[-1,-1,-1,-1,-1,-1,-1,-1,-1,-1,-1,-1,-1,-1,-1,-1,-1,-1,-1,-1,-1,-1,-1,-1],"comboBonus":[5,4,6,4],"extraCardCost":[4000,6000,8000]}}]],0,0,[],[],[]]