[1,0,0,[["cc.JsonAsset",["_name","json"],1]],[[0,0,1,3]],[[0,"198",{"cards":[{"faceUp":false,"depth":0,"value":-1,"x":-177.066,"y":-32.172,"angle":0},{"faceUp":false,"depth":0,"value":-1,"x":160.934,"y":165.828,"angle":0},{"faceUp":false,"depth":0,"value":-1,"x":134.934,"y":-32.172,"angle":0},{"faceUp":false,"depth":0,"value":-1,"x":-34.331,"y":340.079,"angle":0},{"faceUp":false,"depth":0,"value":-1,"x":13.242,"y":-200.615,"angle":0},{"faceUp":false,"depth":0,"value":-1,"x":-151.066,"y":165.828,"angle":0},{"faceUp":false,"depth":1,"value":-1,"x":-203.066,"y":-14.172,"angle":0},{"faceUp":false,"depth":1,"value":-1,"x":186.934,"y":147.828,"angle":0},{"faceUp":false,"depth":1,"value":-1,"x":108.934,"y":-14.172,"angle":0},{"faceUp":false,"depth":1,"value":-1,"x":-8.331,"y":322.079,"angle":0},{"faceUp":false,"depth":1,"value":-1,"x":-12.758,"y":-182.615,"angle":0},{"faceUp":false,"depth":1,"value":-1,"x":-125.066,"y":147.828,"angle":0},{"faceUp":false,"depth":2,"value":-1,"x":-229.066,"y":3.828,"angle":0},{"faceUp":false,"depth":2,"value":-1,"x":212.934,"y":129.828,"angle":0},{"faceUp":false,"depth":2,"value":-1,"x":82.934,"y":3.828,"angle":0},{"faceUp":false,"depth":2,"value":-1,"x":17.669,"y":304.079,"angle":0},{"faceUp":false,"depth":2,"value":-1,"x":-38.758,"y":-164.615,"angle":0},{"faceUp":false,"depth":2,"value":-1,"x":-99.066,"y":129.828,"angle":0},{"faceUp":true,"depth":3,"value":-1,"x":-255.06599999999997,"y":21.828,"angle":0},{"faceUp":true,"depth":3,"value":-1,"x":238.934,"y":111.828,"angle":0},{"faceUp":true,"depth":3,"value":-1,"x":56.934,"y":21.828,"angle":0},{"faceUp":true,"depth":3,"value":-1,"x":43.669,"y":286.079,"angle":0},{"faceUp":true,"depth":3,"value":-1,"x":-64.758,"y":-146.615,"angle":0},{"faceUp":true,"depth":3,"value":-1,"x":-73.066,"y":111.828,"angle":0}],"settings":{"disableCombo":false,"cost":2500,"reward":2650,"comboCoinReward":170,"undoCost":[650,975,1300],"stars":[30,200,300],"wildCost":[7500],"cardsInStack":[-1,-1,-1,-1,-1,-1,-1,-1,-1,-1,-1,-1,-1,-1],"comboBonus":[5,4,6,4],"extraCardCost":[5000,7550,10000]}}]],0,0,[],[],[]]