[1,0,0,[["cc.JsonAsset",["_name","json"],1]],[[0,0,1,3]],[[0,"115",{"cards":[{"faceUp":false,"depth":0,"value":-1,"x":-198,"y":-21,"angle":0},{"faceUp":false,"depth":0,"value":-1,"x":-68,"y":-21,"angle":0},{"faceUp":false,"depth":0,"value":-1,"x":-198,"y":-183,"angle":0},{"faceUp":false,"depth":0,"value":-1,"x":-68,"y":-183,"angle":0},{"faceUp":false,"depth":0,"value":-1,"x":62,"y":-21,"angle":0},{"faceUp":false,"depth":0,"value":-1,"x":192,"y":-21,"angle":0},{"faceUp":false,"depth":0,"value":-1,"x":62,"y":-183,"angle":0},{"faceUp":false,"depth":0,"value":-1,"x":192,"y":-183,"angle":0},{"faceUp":false,"depth":0,"value":-1,"x":-133.23000000000002,"y":375.485,"angle":0},{"faceUp":false,"depth":0,"value":-1,"x":127.22999999999999,"y":375.485,"angle":0},{"faceUp":false,"depth":1,"value":-1,"x":-133.23000000000002,"y":159.485,"angle":0},{"faceUp":false,"depth":1,"value":-1,"x":127.22999999999999,"y":159.485,"angle":0},{"faceUp":false,"depth":1,"value":-1,"x":-133,"y":-57,"angle":0},{"faceUp":false,"depth":1,"value":-1,"x":-3,"y":-57,"angle":0},{"faceUp":false,"depth":1,"value":-1,"x":127,"y":-57,"angle":0},{"faceUp":false,"depth":1,"value":-1,"x":244,"y":-93,"angle":0},{"faceUp":false,"depth":1,"value":-1,"x":-250,"y":-93,"angle":0},{"faceUp":true,"depth":2,"value":-1,"x":-133.23000000000002,"y":267.485,"angle":0},{"faceUp":true,"depth":2,"value":-1,"x":127.22999999999999,"y":267.485,"angle":0},{"faceUp":false,"depth":2,"value":-1,"x":-133,"y":-147,"angle":0},{"faceUp":false,"depth":2,"value":-1,"x":-3,"y":-147,"angle":0},{"faceUp":false,"depth":2,"value":-1,"x":127,"y":-147,"angle":0},{"faceUp":false,"depth":2,"value":-1,"x":-250,"y":-129,"angle":0},{"faceUp":false,"depth":2,"value":-1,"x":244,"y":-129,"angle":0},{"faceUp":true,"depth":3,"value":-1,"x":-133,"y":-93,"angle":0},{"faceUp":true,"depth":3,"value":-1,"x":-3,"y":-93,"angle":0},{"faceUp":true,"depth":3,"value":-1,"x":127,"y":-93,"angle":0},{"faceUp":true,"depth":3,"value":-1,"x":-250,"y":-165,"angle":0},{"faceUp":true,"depth":3,"value":-1,"x":244,"y":-165,"angle":0}],"settings":{"disableCombo":false,"cost":2200,"reward":2400,"comboCoinReward":170,"undoCost":[500,750,1000],"stars":[30,200,300],"wildCost":[6500],"cardsInStack":[-1,-1,-1,-1,-1,-1,-1,-1,-1,-1,-1,-1,-1,-1,-1,-1,-1,-1,-1,-1,-1],"comboBonus":[5,4,6,4],"extraCardCost":[4500,6750,9000]}}]],0,0,[],[],[]]