[1,0,0,[["cc.JsonAsset",["_name","json"],1]],[[0,0,1,3]],[[0,"34",{"cards":[{"faceUp":false,"depth":0,"value":-1,"x":-300.485,"y":334.051,"angle":0},{"faceUp":false,"depth":0,"value":-1,"x":-170.485,"y":334.051,"angle":0},{"faceUp":false,"depth":0,"value":-1,"x":67.67,"y":277.005,"angle":0},{"faceUp":false,"depth":0,"value":-1,"x":-62.33,"y":277.005,"angle":0},{"faceUp":false,"depth":0,"value":-1,"x":304,"y":340,"angle":0},{"faceUp":false,"depth":0,"value":-1,"x":174,"y":340,"angle":0},{"faceUp":false,"depth":1,"value":-1,"x":-235.485,"y":334.051,"angle":0},{"faceUp":false,"depth":1,"value":-1,"x":2.67,"y":277.005,"angle":0},{"faceUp":false,"depth":1,"value":-1,"x":239,"y":340,"angle":0},{"faceUp":false,"depth":1,"value":-1,"x":160.984,"y":43.005,"angle":-15},{"faceUp":false,"depth":1,"value":-1,"x":-140.505,"y":-166.779,"angle":-15},{"faceUp":false,"depth":1,"value":-1,"x":2.67,"y":43.005,"angle":0},{"faceUp":false,"depth":2,"value":-1,"x":-274.485,"y":316.051,"angle":0},{"faceUp":false,"depth":2,"value":-1,"x":-36.33,"y":259.005,"angle":0},{"faceUp":false,"depth":2,"value":-1,"x":199.984,"y":321.572,"angle":0},{"faceUp":false,"depth":2,"value":-1,"x":143.52,"y":-168.424,"angle":15},{"faceUp":false,"depth":2,"value":-1,"x":-157.485,"y":43.005,"angle":15},{"faceUp":false,"depth":2,"value":-1,"x":2.67,"y":61.005,"angle":0},{"faceUp":false,"depth":3,"value":-1,"x":-196.485,"y":316.051,"angle":0},{"faceUp":false,"depth":3,"value":-1,"x":41.67,"y":259.005,"angle":0},{"faceUp":false,"depth":3,"value":-1,"x":277.984,"y":321.572,"angle":0},{"faceUp":true,"depth":3,"value":-1,"x":147.984,"y":25.005,"angle":-15},{"faceUp":true,"depth":3,"value":-1,"x":156.52,"y":-186.424,"angle":15},{"faceUp":true,"depth":3,"value":-1,"x":-144.485,"y":25.005,"angle":15},{"faceUp":true,"depth":3,"value":-1,"x":-153.505,"y":-184.779,"angle":-15},{"faceUp":true,"depth":3,"value":-1,"x":2.67,"y":79.005,"angle":0},{"faceUp":true,"depth":4,"value":-1,"x":-235.485,"y":298.051,"angle":0},{"faceUp":true,"depth":4,"value":-1,"x":2.67,"y":241.005,"angle":0},{"faceUp":true,"depth":4,"value":-1,"x":238.984,"y":303.572,"angle":0}],"settings":{"disableCombo":false,"cost":1500,"reward":1550,"comboCoinReward":100,"undoCost":[200,300,600],"stars":[30,100,200],"wildCost":[2000],"cardsInStack":[-1,-1,-1,-1,-1,-1,-1,-1,-1,-1,-1,-1,-1,-1,-1,-1,-1,-1,-1,-1],"comboBonus":[5,4,6,4],"extraCardCost":[1500,2250,3000]}}]],0,0,[],[],[]]