[1,0,0,[["cc.JsonAsset",["_name","json"],1]],[[0,0,1,3]],[[0,"230",{"cards":[{"faceUp":false,"depth":0,"value":-1,"x":23.912,"y":-86.73,"angle":0},{"faceUp":false,"depth":0,"value":-1,"x":127.912,"y":-86.73,"angle":0},{"faceUp":false,"depth":0,"value":-1,"x":-80.088,"y":-86.73,"angle":0},{"faceUp":false,"depth":0,"value":-1,"x":224.725,"y":78.493,"angle":0},{"faceUp":false,"depth":0,"value":-1,"x":-184.088,"y":-86.73,"angle":0},{"faceUp":false,"depth":0,"value":-1,"x":231.912,"y":-86.73,"angle":0},{"faceUp":false,"depth":0,"value":-1,"x":127.912,"y":-230.73,"angle":0},{"faceUp":false,"depth":0,"value":-1,"x":231.912,"y":-230.73,"angle":0},{"faceUp":false,"depth":0,"value":-1,"x":23.912,"y":-230.73,"angle":0},{"faceUp":false,"depth":0,"value":-1,"x":-184.088,"y":-230.73,"angle":0},{"faceUp":false,"depth":0,"value":-1,"x":-80.088,"y":-230.73,"angle":0},{"faceUp":false,"depth":0,"value":-1,"x":224.725,"y":222.493,"angle":0},{"faceUp":false,"depth":0,"value":-1,"x":-87.275,"y":150.493,"angle":0},{"faceUp":false,"depth":0,"value":-1,"x":-87.275,"y":294.493,"angle":0},{"faceUp":false,"depth":0,"value":-1,"x":-191.275,"y":78.493,"angle":0},{"faceUp":false,"depth":0,"value":-1,"x":-191.275,"y":366.493,"angle":0},{"faceUp":false,"depth":0,"value":-1,"x":-191.275,"y":222.493,"angle":0},{"faceUp":false,"depth":0,"value":-1,"x":16.725,"y":366.493,"angle":0},{"faceUp":false,"depth":0,"value":-1,"x":120.725,"y":150.493,"angle":0},{"faceUp":true,"depth":0,"value":-1,"x":224.725,"y":366.493,"angle":0},{"faceUp":false,"depth":0,"value":-1,"x":120.725,"y":294.493,"angle":0},{"faceUp":false,"depth":0,"value":-1,"x":16.725,"y":222.493,"angle":0},{"faceUp":false,"depth":0,"value":-1,"x":16.725,"y":78.493,"angle":0},{"faceUp":true,"depth":1,"value":-1,"x":-139.275,"y":114.493,"angle":10},{"faceUp":true,"depth":1,"value":-1,"x":-139.275,"y":330.493,"angle":-5},{"faceUp":true,"depth":1,"value":-1,"x":55.725,"y":114.493,"angle":-9},{"faceUp":true,"depth":1,"value":-1,"x":185.725,"y":168.493,"angle":6},{"faceUp":true,"depth":1,"value":-1,"x":81.725,"y":348.493,"angle":0},{"faceUp":false,"depth":1,"value":-1,"x":-80.088,"y":-158.73,"angle":0},{"faceUp":false,"depth":1,"value":-1,"x":-184.088,"y":-158.73,"angle":0},{"faceUp":false,"depth":1,"value":-1,"x":23.912,"y":-158.73,"angle":0},{"faceUp":false,"depth":1,"value":-1,"x":231.912,"y":-158.73,"angle":0},{"faceUp":false,"depth":1,"value":-1,"x":127.912,"y":-158.73,"angle":0},{"faceUp":true,"depth":2,"value":-1,"x":88.912,"y":-158.73,"angle":0},{"faceUp":true,"depth":2,"value":-1,"x":205.912,"y":-158.73,"angle":0},{"faceUp":true,"depth":2,"value":-1,"x":-145.088,"y":-158.73,"angle":0},{"faceUp":true,"depth":2,"value":-1,"x":-28.088,"y":-158.73,"angle":0}],"settings":{"disableCombo":false,"cost":2600,"reward":2750,"comboCoinReward":170,"undoCost":[650,975,1300],"stars":[30,200,300],"wildCost":[7800],"cardsInStack":[-1,-1,-1,-1,-1,-1,-1,-1,-1,-1,-1,-1,-1,-1,-1,-1,-1,-1,-1,-1,-1,-1,-1,-1],"comboBonus":[5,4,6,4],"extraCardCost":[5000,7550,10000]}}]],0,0,[],[],[]]