[1,0,0,[["cc.JsonAsset",["_name","json"],1]],[[0,0,1,3]],[[0,"40",{"cards":[{"faceUp":false,"depth":0,"value":-1,"x":114.483,"y":-88.491,"angle":10},{"faceUp":false,"depth":0,"value":-1,"x":-235.004,"y":-174.524,"angle":-10},{"faceUp":false,"depth":0,"value":-1,"x":247.665,"y":-193.099,"angle":10},{"faceUp":false,"depth":0,"value":-1,"x":-94.099,"y":-88.387,"angle":-10},{"faceUp":false,"depth":0,"value":-1,"x":9.201,"y":64.84,"angle":0},{"faceUp":false,"depth":0,"value":-1,"x":-98.799,"y":310.84,"angle":0},{"faceUp":false,"depth":0,"value":-1,"x":113.201,"y":310.84,"angle":0},{"faceUp":false,"depth":1,"value":-1,"x":114.483,"y":-106.491,"angle":15},{"faceUp":false,"depth":1,"value":-1,"x":-94.099,"y":-106.387,"angle":-15},{"faceUp":false,"depth":1,"value":-1,"x":247.665,"y":-211.099,"angle":20},{"faceUp":false,"depth":1,"value":-1,"x":-235.004,"y":-192.524,"angle":-20},{"faceUp":false,"depth":1,"value":-1,"x":61.201,"y":100.84,"angle":0},{"faceUp":false,"depth":1,"value":-1,"x":-42.799,"y":100.84,"angle":0},{"faceUp":false,"depth":1,"value":-1,"x":165.201,"y":310.84,"angle":0},{"faceUp":false,"depth":1,"value":-1,"x":-150.799,"y":310.84,"angle":0},{"faceUp":false,"depth":2,"value":-1,"x":114.483,"y":-124.491,"angle":20},{"faceUp":false,"depth":2,"value":-1,"x":-94.099,"y":-124.387,"angle":-20},{"faceUp":false,"depth":2,"value":-1,"x":247.665,"y":-229.099,"angle":30},{"faceUp":false,"depth":2,"value":-1,"x":-235.004,"y":-210.524,"angle":-30},{"faceUp":false,"depth":2,"value":-1,"x":204.201,"y":310.84,"angle":0},{"faceUp":true,"depth":2,"value":-1,"x":113.201,"y":136.84,"angle":0},{"faceUp":true,"depth":2,"value":-1,"x":9.201,"y":136.84,"angle":0},{"faceUp":false,"depth":2,"value":-1,"x":-189.799,"y":310.84,"angle":0},{"faceUp":true,"depth":2,"value":-1,"x":-94.799,"y":136.84,"angle":0},{"faceUp":false,"depth":3,"value":-1,"x":114.483,"y":-142.491,"angle":30},{"faceUp":false,"depth":3,"value":-1,"x":-235.004,"y":-228.524,"angle":-35},{"faceUp":false,"depth":3,"value":-1,"x":247.665,"y":-247.099,"angle":35},{"faceUp":true,"depth":3,"value":-1,"x":-228.799,"y":310.84,"angle":0},{"faceUp":true,"depth":3,"value":-1,"x":243.201,"y":310.84,"angle":0},{"faceUp":false,"depth":3,"value":-1,"x":-94.099,"y":-142.387,"angle":-30},{"faceUp":true,"depth":4,"value":-1,"x":114.483,"y":-160.491,"angle":35},{"faceUp":true,"depth":4,"value":-1,"x":-94.099,"y":-160.387,"angle":-35},{"faceUp":true,"depth":4,"value":-1,"x":-235.004,"y":-246.524,"angle":-40},{"faceUp":true,"depth":4,"value":-1,"x":254.068,"y":-261.141,"angle":40}],"settings":{"disableCombo":false,"cost":1500,"reward":1550,"comboCoinReward":100,"undoCost":[300,450,600],"stars":[30,100,200],"wildCost":[3000],"cardsInStack":[-1,-1,-1,-1,-1,-1,-1,-1,-1,-1,-1,-1,-1,-1,-1,-1,-1,-1,-1,-1,-1,-1,-1,-1,-1],"comboBonus":[5,4,6,4],"extraCardCost":[2000,3000,4000]}}]],0,0,[],[],[]]