[1,0,0,[["cc.JsonAsset",["_name","json"],1]],[[0,0,1,3]],[[0,"237",{"cards":[{"faceUp":false,"depth":0,"value":-1,"x":-109.002,"y":421.852,"angle":0},{"faceUp":false,"depth":0,"value":-1,"x":126.904,"y":-7.91,"angle":0},{"faceUp":false,"depth":0,"value":-1,"x":-198.096,"y":-7.91,"angle":0},{"faceUp":false,"depth":1,"value":-1,"x":191.904,"y":-7.91,"angle":0},{"faceUp":false,"depth":1,"value":-1,"x":-174.002,"y":421.852,"angle":0},{"faceUp":false,"depth":1,"value":-1,"x":-44.002,"y":421.852,"angle":0},{"faceUp":false,"depth":1,"value":-1,"x":-263.096,"y":-7.91,"angle":0},{"faceUp":false,"depth":1,"value":-1,"x":-133.096,"y":-7.91,"angle":0},{"faceUp":false,"depth":1,"value":-1,"x":61.904,"y":-7.91,"angle":0},{"faceUp":false,"depth":2,"value":-1,"x":-109.002,"y":403.852,"angle":0},{"faceUp":false,"depth":2,"value":-1,"x":126.904,"y":-25.91,"angle":0},{"faceUp":false,"depth":2,"value":-1,"x":-198.096,"y":-25.91,"angle":0},{"faceUp":false,"depth":3,"value":-1,"x":-200.002,"y":241.852,"angle":0},{"faceUp":true,"depth":3,"value":-1,"x":-174.002,"y":403.852,"angle":0},{"faceUp":false,"depth":3,"value":-1,"x":61.904,"y":-187.91,"angle":0},{"faceUp":false,"depth":3,"value":-1,"x":-237.096,"y":-187.91,"angle":0},{"faceUp":true,"depth":3,"value":-1,"x":-44.002,"y":403.852,"angle":0},{"faceUp":true,"depth":3,"value":-1,"x":-133.096,"y":-25.91,"angle":0},{"faceUp":true,"depth":3,"value":-1,"x":-263.096,"y":-25.91,"angle":0},{"faceUp":true,"depth":3,"value":-1,"x":61.904,"y":-25.91,"angle":0},{"faceUp":true,"depth":3,"value":-1,"x":191.904,"y":-25.91,"angle":0},{"faceUp":false,"depth":4,"value":-1,"x":113.904,"y":-223.91,"angle":0},{"faceUp":false,"depth":4,"value":-1,"x":-185.096,"y":-223.91,"angle":0},{"faceUp":false,"depth":4,"value":-1,"x":-148.002,"y":205.852,"angle":0},{"faceUp":false,"depth":5,"value":-1,"x":-16.096,"y":-259.91,"angle":0},{"faceUp":false,"depth":5,"value":-1,"x":282.904,"y":-259.91,"angle":0},{"faceUp":false,"depth":5,"value":-1,"x":152.904,"y":-259.91,"angle":0},{"faceUp":false,"depth":5,"value":-1,"x":-109.002,"y":169.852,"angle":0},{"faceUp":false,"depth":5,"value":-1,"x":20.998,"y":169.852,"angle":0},{"faceUp":false,"depth":5,"value":-1,"x":-146.096,"y":-259.91,"angle":0},{"faceUp":true,"depth":6,"value":-1,"x":217.904,"y":-259.91,"angle":0},{"faceUp":true,"depth":6,"value":-1,"x":-81.096,"y":-259.91,"angle":0},{"faceUp":true,"depth":6,"value":-1,"x":-44.002,"y":169.852,"angle":0}],"settings":{"disableCombo":false,"cost":2600,"reward":2750,"comboCoinReward":170,"undoCost":[650,975,1300],"stars":[30,200,300],"wildCost":[8000],"cardsInStack":[-1,-1,-1,-1,-1,-1,-1,-1,-1,-1,-1,-1,-1,-1,-1,-1,-1,-1,-1,-1,-1],"comboBonus":[5,4,6,4],"extraCardCost":[5000,7550,10000]}}]],0,0,[],[],[]]