[1,0,0,[["cc.JsonAsset",["_name","json"],1]],[[0,0,1,3]],[[0,"121",{"cards":[{"faceUp":false,"depth":0,"value":-1,"x":-93.708,"y":405.158,"angle":0},{"faceUp":false,"depth":0,"value":-1,"x":-210.708,"y":405.158,"angle":0},{"faceUp":false,"depth":0,"value":-1,"x":-327.708,"y":405.158,"angle":0},{"faceUp":false,"depth":0,"value":-1,"x":-327.708,"y":153.158,"angle":0},{"faceUp":false,"depth":0,"value":-1,"x":-210.708,"y":153.158,"angle":0},{"faceUp":false,"depth":0,"value":-1,"x":-93.708,"y":153.158,"angle":0},{"faceUp":false,"depth":0,"value":-1,"x":336.771,"y":57.9,"angle":0},{"faceUp":false,"depth":0,"value":-1,"x":219.771,"y":57.9,"angle":0},{"faceUp":false,"depth":0,"value":-1,"x":102.771,"y":57.9,"angle":0},{"faceUp":false,"depth":0,"value":-1,"x":102.771,"y":-194.1,"angle":0},{"faceUp":false,"depth":0,"value":-1,"x":219.771,"y":-194.1,"angle":0},{"faceUp":false,"depth":0,"value":-1,"x":336.771,"y":-194.1,"angle":0},{"faceUp":false,"depth":2,"value":-1,"x":218.739,"y":373.299,"angle":0},{"faceUp":true,"depth":3,"value":-1,"x":218.739,"y":246.24,"angle":0},{"faceUp":false,"depth":1,"value":-1,"x":-2.708,"y":369.158,"angle":0},{"faceUp":false,"depth":1,"value":-1,"x":11.771,"y":21.9,"angle":0},{"faceUp":false,"depth":1,"value":-1,"x":11.771,"y":-158.1,"angle":0},{"faceUp":false,"depth":1,"value":-1,"x":-2.708,"y":189.158,"angle":0},{"faceUp":false,"depth":1,"value":-1,"x":128.771,"y":21.9,"angle":0},{"faceUp":false,"depth":1,"value":-1,"x":245.771,"y":21.9,"angle":0},{"faceUp":false,"depth":1,"value":-1,"x":128.771,"y":-158.1,"angle":0},{"faceUp":false,"depth":1,"value":-1,"x":245.771,"y":-158.1,"angle":0},{"faceUp":false,"depth":1,"value":-1,"x":-119.708,"y":369.158,"angle":0},{"faceUp":false,"depth":1,"value":-1,"x":-236.708,"y":369.158,"angle":0},{"faceUp":false,"depth":1,"value":-1,"x":-236.708,"y":189.158,"angle":0},{"faceUp":false,"depth":1,"value":-1,"x":-119.708,"y":189.158,"angle":0},{"faceUp":false,"depth":2,"value":-1,"x":-214.636,"y":-40.821,"angle":0},{"faceUp":false,"depth":2,"value":-1,"x":-145.708,"y":333.158,"angle":0},{"faceUp":false,"depth":2,"value":-1,"x":154.771,"y":-14.1,"angle":0},{"faceUp":false,"depth":2,"value":-1,"x":-28.708,"y":225.158,"angle":0},{"faceUp":false,"depth":2,"value":-1,"x":37.771,"y":-122.1,"angle":0},{"faceUp":true,"depth":3,"value":-1,"x":-214.636,"y":-148.821,"angle":0},{"faceUp":false,"depth":3,"value":-1,"x":-145.708,"y":225.158,"angle":0},{"faceUp":false,"depth":3,"value":-1,"x":-28.708,"y":333.158,"angle":0},{"faceUp":false,"depth":3,"value":-1,"x":37.771,"y":-14.1,"angle":0},{"faceUp":false,"depth":3,"value":-1,"x":154.771,"y":-122.1,"angle":0},{"faceUp":true,"depth":4,"value":-1,"x":-80.708,"y":279.158,"angle":0},{"faceUp":true,"depth":4,"value":-1,"x":102.771,"y":-68.1,"angle":0}],"settings":{"disableCombo":false,"cost":2200,"reward":2400,"comboCoinReward":170,"undoCost":[500,750,1000],"stars":[30,200,300],"wildCost":[6500],"cardsInStack":[-1,-1,-1,-1,-1,-1,-1,-1,-1,-1,-1,-1,-1,-1,-1,-1,-1,-1,-1,-1,-1,-1,-1,-1,-1,-1,-1],"comboBonus":[5,4,6,4],"extraCardCost":[4500,6750,9000]}}]],0,0,[],[],[]]