[1,0,0,[["cc.JsonAsset",["_name","json"],1]],[[0,0,1,3]],[[0,"165",{"cards":[{"faceUp":false,"depth":0,"value":-1,"x":-134.84,"y":313.327,"angle":0},{"faceUp":false,"depth":0,"value":-1,"x":-134.84,"y":169.327,"angle":0},{"faceUp":false,"depth":0,"value":-1,"x":-267.171,"y":31.16,"angle":0},{"faceUp":false,"depth":0,"value":-1,"x":-267.171,"y":-112.84,"angle":0},{"faceUp":false,"depth":0,"value":-1,"x":125.16,"y":313.327,"angle":0},{"faceUp":false,"depth":0,"value":-1,"x":125.16,"y":169.327,"angle":0},{"faceUp":false,"depth":0,"value":-1,"x":253.353,"y":31.16,"angle":0},{"faceUp":false,"depth":0,"value":-1,"x":253.353,"y":-112.84,"angle":0},{"faceUp":false,"depth":1,"value":-1,"x":-160.84,"y":277.327,"angle":0},{"faceUp":false,"depth":1,"value":-1,"x":-293.171,"y":-4.84,"angle":0},{"faceUp":false,"depth":1,"value":-1,"x":99.16,"y":277.327,"angle":0},{"faceUp":false,"depth":1,"value":-1,"x":227.353,"y":-4.84,"angle":0},{"faceUp":false,"depth":2,"value":-1,"x":-108.84,"y":259.327,"angle":0},{"faceUp":false,"depth":2,"value":-1,"x":-241.171,"y":-22.84,"angle":0},{"faceUp":false,"depth":2,"value":-1,"x":151.16,"y":259.327,"angle":0},{"faceUp":false,"depth":2,"value":-1,"x":279.353,"y":-22.84,"angle":0},{"faceUp":true,"depth":3,"value":-1,"x":-186.84,"y":241.327,"angle":0},{"faceUp":true,"depth":3,"value":-1,"x":-319.171,"y":-40.84,"angle":0},{"faceUp":true,"depth":3,"value":-1,"x":73.16,"y":241.327,"angle":0},{"faceUp":true,"depth":3,"value":-1,"x":201.353,"y":-40.84,"angle":0},{"faceUp":true,"depth":4,"value":-1,"x":-82.84,"y":223.327,"angle":0},{"faceUp":true,"depth":4,"value":-1,"x":-215.171,"y":-58.84,"angle":0},{"faceUp":true,"depth":4,"value":-1,"x":177.16,"y":223.327,"angle":0},{"faceUp":true,"depth":4,"value":-1,"x":305.353,"y":-58.84,"angle":0}],"settings":{"disableCombo":false,"cost":2200,"reward":2400,"comboCoinReward":170,"undoCost":[500,750,1000],"stars":[30,200,300],"wildCost":[6500],"cardsInStack":[-1,-1,-1,-1,-1,-1,-1,-1,-1,-1,-1,-1,-1,-1,-1,-1,-1,-1],"comboBonus":[5,4,6,4],"extraCardCost":[4500,6750,9000]}}]],0,0,[],[],[]]