[1,0,0,[["cc.JsonAsset",["_name","json"],1]],[[0,0,1,3]],[[0,"268",{"cards":[{"faceUp":false,"depth":0,"value":-1,"x":288.936,"y":-40.730999999999995,"angle":0},{"faceUp":false,"depth":0,"value":-1,"x":-277.373,"y":-40.72999999999999,"angle":0},{"faceUp":false,"depth":0,"value":1,"x":7.325,"y":-22.206999999999994,"angle":0},{"faceUp":false,"depth":0,"value":1,"x":5.992,"y":419.278,"angle":0},{"faceUp":true,"depth":0,"value":-1,"x":287.942,"y":384.937,"angle":0},{"faceUp":true,"depth":0,"value":-1,"x":-275.637,"y":384.638,"angle":0},{"faceUp":false,"depth":1,"value":-1,"x":288.936,"y":-58.730999999999995,"angle":0},{"faceUp":false,"depth":1,"value":-1,"x":-277.373,"y":-58.72999999999999,"angle":0},{"faceUp":false,"depth":1,"value":-1,"x":57.992,"y":365.278,"angle":0},{"faceUp":false,"depth":1,"value":-1,"x":-44.675,"y":-76.207,"angle":0},{"faceUp":false,"depth":1,"value":-1,"x":59.325,"y":-76.207,"angle":0},{"faceUp":false,"depth":1,"value":-1,"x":-46.008,"y":365.278,"angle":0},{"faceUp":false,"depth":2,"value":-1,"x":109.992,"y":293.278,"angle":0},{"faceUp":true,"depth":2,"value":-1,"x":-277.373,"y":-76.72999999999999,"angle":0},{"faceUp":true,"depth":2,"value":-1,"x":288.936,"y":-76.731,"angle":0},{"faceUp":false,"depth":2,"value":-1,"x":-98.008,"y":293.278,"angle":0},{"faceUp":false,"depth":2,"value":-1,"x":7.325,"y":-148.207,"angle":0},{"faceUp":false,"depth":2,"value":-1,"x":-96.675,"y":-148.207,"angle":0},{"faceUp":false,"depth":2,"value":-1,"x":5.992,"y":293.278,"angle":0},{"faceUp":false,"depth":2,"value":-1,"x":111.325,"y":-148.207,"angle":0},{"faceUp":false,"depth":3,"value":-1,"x":161.992,"y":221.27800000000002,"angle":0},{"faceUp":false,"depth":3,"value":-1,"x":57.992,"y":221.27800000000002,"angle":0},{"faceUp":false,"depth":3,"value":-1,"x":-150.008,"y":221.27800000000002,"angle":0},{"faceUp":false,"depth":3,"value":-1,"x":-46.008,"y":221.27800000000002,"angle":0},{"faceUp":false,"depth":3,"value":-1,"x":-44.675,"y":-220.207,"angle":0},{"faceUp":false,"depth":3,"value":-1,"x":-148.675,"y":-220.207,"angle":0},{"faceUp":false,"depth":3,"value":-1,"x":163.325,"y":-220.207,"angle":0},{"faceUp":false,"depth":3,"value":-1,"x":59.325,"y":-220.207,"angle":0},{"faceUp":true,"depth":4,"value":-1,"x":-98.008,"y":149.278,"angle":0},{"faceUp":true,"depth":4,"value":-1,"x":-202.008,"y":149.278,"angle":0},{"faceUp":true,"depth":4,"value":-1,"x":5.992,"y":149.278,"angle":0},{"faceUp":true,"depth":4,"value":-1,"x":213.992,"y":149.278,"angle":0},{"faceUp":true,"depth":4,"value":-1,"x":109.992,"y":149.278,"angle":0},{"faceUp":true,"depth":4,"value":-1,"x":-96.675,"y":-292.207,"angle":0},{"faceUp":true,"depth":4,"value":-1,"x":-200.675,"y":-292.207,"angle":0},{"faceUp":true,"depth":4,"value":-1,"x":7.325,"y":-292.207,"angle":0},{"faceUp":true,"depth":4,"value":-1,"x":215.325,"y":-292.207,"angle":0},{"faceUp":true,"depth":4,"value":-1,"x":111.325,"y":-292.207,"angle":0}],"settings":{"disableCombo":false,"cost":2700,"reward":2850,"comboCoinReward":170,"undoCost":[700,1050,1400],"stars":[30,200,300],"wildCost":[8000],"cardsInStack":[-1,-1,-1,-1,-1,-1,-1,-1,-1,-1,-1,-1,-1,-1,-1,-1,-1,-1,-1,-1,-1,-1],"comboBonus":[5,4,6,4],"extraCardCost":[5500,8250,11000]}}]],0,0,[],[],[]]