[1,0,0,[["cc.JsonAsset",["_name","json"],1]],[[0,0,1,3]],[[0,"180",{"cards":[{"faceUp":false,"depth":0,"value":-1,"x":101.805,"y":-92.834,"angle":0},{"faceUp":false,"depth":0,"value":-1,"x":-76.466,"y":-310.077,"angle":0},{"faceUp":false,"depth":0,"value":-1,"x":-206.466,"y":-310.077,"angle":0},{"faceUp":false,"depth":0,"value":-1,"x":101.805,"y":-308.834,"angle":0},{"faceUp":false,"depth":0,"value":-1,"x":231.805,"y":-308.834,"angle":0},{"faceUp":false,"depth":0,"value":-1,"x":231.805,"y":-92.834,"angle":0},{"faceUp":false,"depth":0,"value":-1,"x":-39,"y":394.852,"angle":0},{"faceUp":false,"depth":0,"value":-1,"x":-39,"y":106.852,"angle":0},{"faceUp":false,"depth":0,"value":-1,"x":65,"y":106.852,"angle":0},{"faceUp":false,"depth":0,"value":-1,"x":-76.466,"y":-94.077,"angle":0},{"faceUp":false,"depth":0,"value":-1,"x":-206.466,"y":-94.077,"angle":0},{"faceUp":false,"depth":0,"value":-1,"x":65,"y":394.852,"angle":0},{"faceUp":true,"depth":1,"value":-1,"x":-141.466,"y":-112.077,"angle":0},{"faceUp":true,"depth":1,"value":-1,"x":-141.466,"y":-292.077,"angle":0},{"faceUp":true,"depth":1,"value":-1,"x":166.805,"y":-290.834,"angle":0},{"faceUp":true,"depth":1,"value":-1,"x":166.805,"y":-110.834,"angle":0},{"faceUp":false,"depth":1,"value":-1,"x":91,"y":124.852,"angle":0},{"faceUp":false,"depth":1,"value":-1,"x":-65,"y":124.852,"angle":0},{"faceUp":false,"depth":1,"value":-1,"x":91,"y":376.852,"angle":0},{"faceUp":false,"depth":1,"value":-1,"x":-65,"y":376.852,"angle":0},{"faceUp":false,"depth":2,"value":-1,"x":-91,"y":358.852,"angle":0},{"faceUp":false,"depth":2,"value":-1,"x":117,"y":358.852,"angle":0},{"faceUp":false,"depth":2,"value":-1,"x":-91,"y":142.852,"angle":0},{"faceUp":false,"depth":2,"value":-1,"x":117,"y":142.852,"angle":0},{"faceUp":false,"depth":3,"value":-1,"x":-117,"y":340.852,"angle":0},{"faceUp":false,"depth":3,"value":-1,"x":143,"y":340.852,"angle":0},{"faceUp":false,"depth":3,"value":-1,"x":-117,"y":160.852,"angle":0},{"faceUp":false,"depth":3,"value":-1,"x":143,"y":160.852,"angle":0},{"faceUp":true,"depth":4,"value":-1,"x":-143,"y":322.852,"angle":0},{"faceUp":true,"depth":4,"value":-1,"x":169,"y":322.852,"angle":0},{"faceUp":true,"depth":4,"value":-1,"x":-143,"y":178.852,"angle":0},{"faceUp":true,"depth":4,"value":-1,"x":169,"y":178.852,"angle":0}],"settings":{"disableCombo":false,"cost":2500,"reward":2650,"comboCoinReward":170,"undoCost":[650,975,1300],"stars":[30,200,300],"wildCost":[7500],"cardsInStack":[-1,-1,-1,-1,-1,-1,-1,-1,-1,-1,-1,-1,-1,-1,-1,-1,-1,-1,-1,-1,-1,-1],"comboBonus":[5,4,6,4],"extraCardCost":[5000,7550,10000]}}]],0,0,[],[],[]]