[1,0,0,[["cc.JsonAsset",["_name","json"],1]],[[0,0,1,3]],[[0,"57",{"cards":[{"faceUp":false,"depth":0,"value":-1,"x":-74.082,"y":204.294,"angle":0},{"faceUp":false,"depth":0,"value":-1,"x":-243,"y":123.531,"angle":0},{"faceUp":false,"depth":0,"value":-1,"x":83.035,"y":204.294,"angle":0},{"faceUp":false,"depth":0,"value":-1,"x":-74.082,"y":42.294,"angle":0},{"faceUp":false,"depth":0,"value":-1,"x":81.918,"y":204.294,"angle":0},{"faceUp":false,"depth":0,"value":-1,"x":81.918,"y":42.294,"angle":0},{"faceUp":false,"depth":1,"value":-1,"x":-61.082,"y":240.294,"angle":0},{"faceUp":false,"depth":1,"value":-1,"x":68.918,"y":6.294,"angle":0},{"faceUp":false,"depth":1,"value":-1,"x":-61.082,"y":6.294,"angle":0},{"faceUp":false,"depth":1,"value":-1,"x":238,"y":123.531,"angle":0},{"faceUp":false,"depth":1,"value":-1,"x":-230,"y":123.531,"angle":0},{"faceUp":false,"depth":1,"value":-1,"x":68.918,"y":240.294,"angle":0},{"faceUp":true,"depth":2,"value":-1,"x":3.918,"y":258.294,"angle":0},{"faceUp":false,"depth":2,"value":-1,"x":-217,"y":123.531,"angle":0},{"faceUp":false,"depth":2,"value":-1,"x":225,"y":123.531,"angle":0},{"faceUp":true,"depth":2,"value":-1,"x":3.918,"y":-11.706,"angle":0},{"faceUp":true,"depth":3,"value":-1,"x":212,"y":123.531,"angle":0},{"faceUp":true,"depth":3,"value":-1,"x":-204,"y":123.531,"angle":0},{"faceUp":true,"depth":6,"value":1,"x":-134,"y":353.531,"angle":0},{"faceUp":true,"depth":6,"value":1,"x":-134,"y":-99.469,"angle":0},{"faceUp":true,"depth":6,"value":1,"x":133,"y":-99.469,"angle":0},{"faceUp":true,"depth":6,"value":1,"x":133,"y":353.531,"angle":0}],"settings":{"disableCombo":false,"cost":1500,"reward":1550,"comboCoinReward":100,"undoCost":[400,600,800],"stars":[30,100,200],"wildCost":[4500],"cardsInStack":[-1,-1,-1,-1,-1,-1,-1,-1,-1,-1,-1,-1,-1,-1,-1,-1,-1],"comboBonus":[5,4,6,4],"extraCardCost":[3000,4500,6000]}}]],0,0,[],[],[]]