[1,0,0,[["cc.JsonAsset",["_name","json"],1]],[[0,0,1,3]],[[0,"141",{"cards":[{"faceUp":false,"depth":0,"value":1,"x":-110.5,"y":270.693,"angle":0},{"faceUp":false,"depth":0,"value":1,"x":6.5,"y":270.693,"angle":0},{"faceUp":false,"depth":0,"value":1,"x":122.5,"y":270.693,"angle":0},{"faceUp":false,"depth":0,"value":-1,"x":-232.5,"y":-102,"angle":-15},{"faceUp":false,"depth":0,"value":-1,"x":257.5,"y":-102,"angle":-15},{"faceUp":false,"depth":0,"value":-1,"x":-76.5,"y":-102,"angle":-15},{"faceUp":false,"depth":0,"value":-1,"x":101.5,"y":-102,"angle":-15},{"faceUp":false,"depth":1,"value":-1,"x":-245.5,"y":-84,"angle":-10},{"faceUp":false,"depth":1,"value":-1,"x":6.5,"y":288.693,"angle":0},{"faceUp":false,"depth":1,"value":-1,"x":122.5,"y":288.693,"angle":0},{"faceUp":false,"depth":1,"value":-1,"x":-110.5,"y":288.693,"angle":0},{"faceUp":false,"depth":1,"value":-1,"x":244.5,"y":-84,"angle":-10},{"faceUp":false,"depth":1,"value":-1,"x":-89.5,"y":-84,"angle":-10},{"faceUp":false,"depth":1,"value":-1,"x":88.5,"y":-84,"angle":-10},{"faceUp":false,"depth":2,"value":-1,"x":-245.5,"y":-66,"angle":-5},{"faceUp":true,"depth":2,"value":-1,"x":6.5,"y":306.693,"angle":0},{"faceUp":true,"depth":2,"value":-1,"x":122.5,"y":306.693,"angle":0},{"faceUp":true,"depth":2,"value":-1,"x":-110.5,"y":306.693,"angle":0},{"faceUp":false,"depth":2,"value":-1,"x":244.5,"y":-66,"angle":-5},{"faceUp":false,"depth":2,"value":-1,"x":-89.5,"y":-66,"angle":-5},{"faceUp":false,"depth":2,"value":-1,"x":88.5,"y":-66,"angle":-5},{"faceUp":false,"depth":4,"value":-1,"x":-245.5,"y":-30,"angle":5},{"faceUp":false,"depth":4,"value":-1,"x":244.5,"y":-30,"angle":5},{"faceUp":false,"depth":4,"value":-1,"x":-89.5,"y":-30,"angle":5},{"faceUp":false,"depth":4,"value":-1,"x":88.5,"y":-30,"angle":5},{"faceUp":false,"depth":5,"value":-1,"x":-245.5,"y":6,"angle":15},{"faceUp":false,"depth":5,"value":-1,"x":244.5,"y":6,"angle":15},{"faceUp":false,"depth":5,"value":-1,"x":-89.5,"y":6,"angle":15},{"faceUp":false,"depth":5,"value":-1,"x":88.5,"y":6,"angle":15},{"faceUp":true,"depth":6,"value":-1,"x":-245.5,"y":42,"angle":20},{"faceUp":true,"depth":6,"value":-1,"x":244.5,"y":42,"angle":20},{"faceUp":true,"depth":6,"value":-1,"x":-89.5,"y":42,"angle":20},{"faceUp":true,"depth":6,"value":-1,"x":88.5,"y":42,"angle":20}],"settings":{"disableCombo":false,"cost":2200,"reward":2400,"comboCoinReward":170,"undoCost":[500,750,1000],"stars":[30,200,300],"wildCost":[6500],"cardsInStack":[-1,-1,-1,-1,-1,-1,-1,-1,-1,-1,-1,-1,-1,-1,-1,-1,-1],"comboBonus":[6,5,4,4],"extraCardCost":[4500,6750,9000]}}]],0,0,[],[],[]]