[1,0,0,[["cc.JsonAsset",["_name","json"],1]],[[0,0,1,3]],[[0,"256",{"cards":[{"faceUp":false,"depth":0,"value":-1,"x":58.5,"y":-49.012,"angle":-60},{"faceUp":false,"depth":0,"value":-1,"x":-32.5,"y":-301.012,"angle":-60},{"faceUp":false,"depth":0,"value":-1,"x":-138.735,"y":218.765,"angle":0},{"faceUp":false,"depth":0,"value":-1,"x":188.196,"y":218.765,"angle":0},{"faceUp":false,"depth":1,"value":-1,"x":-216.735,"y":308.765,"angle":0},{"faceUp":false,"depth":1,"value":-1,"x":-216.735,"y":128.765,"angle":0},{"faceUp":false,"depth":1,"value":-1,"x":253.196,"y":128.765,"angle":0},{"faceUp":false,"depth":1,"value":-1,"x":253.196,"y":308.765,"angle":0},{"faceUp":false,"depth":1,"value":-1,"x":-58.5,"y":-283.012,"angle":-50},{"faceUp":false,"depth":1,"value":-1,"x":84.5,"y":-67.012,"angle":-50},{"faceUp":false,"depth":2,"value":-1,"x":-203.735,"y":308.765,"angle":0},{"faceUp":false,"depth":2,"value":-1,"x":-203.735,"y":128.765,"angle":0},{"faceUp":false,"depth":2,"value":-1,"x":266.196,"y":128.765,"angle":0},{"faceUp":false,"depth":2,"value":-1,"x":266.196,"y":308.765,"angle":0},{"faceUp":false,"depth":2,"value":-1,"x":-97.5,"y":-265.012,"angle":-40},{"faceUp":false,"depth":2,"value":-1,"x":123.5,"y":-85.012,"angle":-40},{"faceUp":true,"depth":3,"value":-1,"x":-190.735,"y":308.765,"angle":0},{"faceUp":true,"depth":3,"value":-1,"x":-190.735,"y":128.765,"angle":0},{"faceUp":true,"depth":3,"value":-1,"x":279.196,"y":128.765,"angle":0},{"faceUp":true,"depth":3,"value":-1,"x":279.196,"y":308.765,"angle":0},{"faceUp":false,"depth":3,"value":-1,"x":162.5,"y":-103.012,"angle":-30},{"faceUp":false,"depth":3,"value":-1,"x":-123.5,"y":-247.012,"angle":-30},{"faceUp":false,"depth":4,"value":-1,"x":-149.5,"y":-211.012,"angle":-15},{"faceUp":false,"depth":4,"value":-1,"x":188.5,"y":-139.012,"angle":-15},{"faceUp":false,"depth":5,"value":-1,"x":-149.5,"y":-157.012,"angle":20},{"faceUp":false,"depth":5,"value":-1,"x":188.5,"y":-193.012,"angle":20},{"faceUp":true,"depth":6,"value":-1,"x":-149.5,"y":-121.012,"angle":40},{"faceUp":true,"depth":6,"value":-1,"x":188.5,"y":-211.012,"angle":40}],"settings":{"disableCombo":false,"cost":2700,"reward":2850,"comboCoinReward":170,"undoCost":[700,1050,1400],"stars":[30,200,300],"wildCost":[8000],"cardsInStack":[-1,-1,-1,-1,-1,-1,-1,-1,-1,-1,-1,-1,-1,-1,-1,-1,-1,-1,-1,-1,-1],"comboBonus":[5,4,6,4],"extraCardCost":[5500,8250,11000]}}]],0,0,[],[],[]]