[1,0,0,[["cc.JsonAsset",["_name","json"],1]],[[0,0,1,3]],[[0,"12",{"cards":[{"faceUp":false,"depth":0,"value":-1,"x":51.051,"y":265.995,"angle":0},{"faceUp":false,"depth":0,"value":-1,"x":22.613,"y":-63,"angle":0},{"faceUp":false,"depth":0,"value":-1,"x":-52.949,"y":200.15,"angle":0},{"faceUp":false,"depth":0,"value":-1,"x":-156.949,"y":265.995,"angle":0},{"faceUp":false,"depth":0,"value":-1,"x":126.613,"y":-45,"angle":0},{"faceUp":false,"depth":0,"value":-1,"x":-81.387,"y":-63,"angle":0},{"faceUp":false,"depth":0,"value":-1,"x":-260.949,"y":229.995,"angle":0},{"faceUp":false,"depth":0,"value":-1,"x":230.613,"y":-27,"angle":0},{"faceUp":false,"depth":0,"value":-1,"x":-185.387,"y":-27,"angle":0},{"faceUp":false,"depth":1,"value":-1,"x":-133.387,"y":45,"angle":0},{"faceUp":false,"depth":1,"value":-1,"x":74.613,"y":27,"angle":0},{"faceUp":true,"depth":1,"value":-1,"x":-208.949,"y":337.995,"angle":0},{"faceUp":true,"depth":1,"value":-1,"x":178.613,"y":9,"angle":0},{"faceUp":false,"depth":1,"value":-1,"x":103.051,"y":337.995,"angle":0},{"faceUp":false,"depth":1,"value":-1,"x":-104.949,"y":301.995,"angle":0},{"faceUp":false,"depth":1,"value":-1,"x":-29.387,"y":9,"angle":0},{"faceUp":false,"depth":1,"value":-1,"x":-0.949,"y":337.995,"angle":0},{"faceUp":true,"depth":2,"value":-1,"x":-91.949,"y":391.995,"angle":0},{"faceUp":true,"depth":2,"value":-1,"x":51.051,"y":391.995,"angle":0},{"faceUp":true,"depth":2,"value":-1,"x":-81.387,"y":81,"angle":0},{"faceUp":true,"depth":2,"value":-1,"x":61.613,"y":81,"angle":0}],"settings":{"disableCombo":false,"cost":1000,"reward":1050,"comboCoinReward":50,"undoCost":[100,150,400],"stars":[15,80,120],"wildCost":[1000],"cardsInStack":[-1,-1,-1,-1,-1,-1,-1,-1,-1,-1,-1,-1,-1,-1,-1,-1,-1],"comboBonus":[6,4,5,5],"extraCardCost":[200,300,500]}}]],0,0,[],[],[]]