[1,0,0,[["cc.JsonAsset",["_name","json"],1]],[[0,0,1,3]],[[0,"124",{"cards":[{"faceUp":false,"depth":0,"value":-1,"x":-54.314,"y":223.111,"angle":0},{"faceUp":false,"depth":0,"value":-1,"x":49.686,"y":223.111,"angle":0},{"faceUp":false,"depth":0,"value":-1,"x":-158.314,"y":169.111,"angle":0},{"faceUp":false,"depth":0,"value":-1,"x":153.686,"y":169.111,"angle":0},{"faceUp":false,"depth":0,"value":-1,"x":-158.314,"y":25.110999999999997,"angle":0},{"faceUp":false,"depth":0,"value":-1,"x":153.686,"y":25.110999999999997,"angle":0},{"faceUp":false,"depth":0,"value":-1,"x":-54.314,"y":-28.889,"angle":0},{"faceUp":false,"depth":0,"value":-1,"x":49.686,"y":-28.889,"angle":0},{"faceUp":false,"depth":1,"value":-1,"x":-106.314,"y":151.111,"angle":0},{"faceUp":true,"depth":1,"value":-1,"x":-2.314,"y":97.111,"angle":0},{"faceUp":false,"depth":1,"value":-1,"x":101.686,"y":151.111,"angle":0},{"faceUp":false,"depth":1,"value":-1,"x":-158.314,"y":-28.889,"angle":0},{"faceUp":false,"depth":1,"value":-1,"x":153.686,"y":-28.889,"angle":0},{"faceUp":false,"depth":1,"value":-1,"x":-262.314,"y":169.111,"angle":0},{"faceUp":false,"depth":1,"value":-1,"x":257.686,"y":169.111,"angle":0},{"faceUp":false,"depth":2,"value":-1,"x":-106.314,"y":43.111,"angle":0},{"faceUp":false,"depth":2,"value":-1,"x":101.686,"y":43.111,"angle":0},{"faceUp":false,"depth":2,"value":-1,"x":257.686,"y":25.110999999999997,"angle":0},{"faceUp":false,"depth":2,"value":-1,"x":-262.314,"y":25.110999999999997,"angle":0},{"faceUp":true,"depth":2,"value":-1,"x":-158.314,"y":223.111,"angle":0},{"faceUp":true,"depth":2,"value":-1,"x":153.686,"y":223.111,"angle":0},{"faceUp":false,"depth":3,"value":-1,"x":-262.314,"y":97.111,"angle":0},{"faceUp":false,"depth":3,"value":-1,"x":257.686,"y":97.111,"angle":0},{"faceUp":true,"depth":3,"value":-1,"x":-106.314,"y":-28.889,"angle":0},{"faceUp":true,"depth":3,"value":-1,"x":101.686,"y":-28.889,"angle":0},{"faceUp":true,"depth":4,"value":-1,"x":322.686,"y":169.111,"angle":0},{"faceUp":true,"depth":4,"value":-1,"x":-314.314,"y":169.111,"angle":0},{"faceUp":true,"depth":4,"value":-1,"x":-314.314,"y":25.110999999999997,"angle":0},{"faceUp":true,"depth":4,"value":-1,"x":322.686,"y":25.110999999999997,"angle":0}],"settings":{"disableCombo":false,"cost":2200,"reward":2400,"comboCoinReward":170,"undoCost":[500,750,1000],"stars":[30,200,300],"wildCost":[6500],"cardsInStack":[-1,-1,-1,-1,-1,-1,-1,-1,-1,-1,-1,-1,-1,-1,-1,-1,-1,-1,-1,-1,-1],"comboBonus":[5,4,6,4],"extraCardCost":[4500,6750,9000]}}]],0,0,[],[],[]]