[1,0,0,[["cc.JsonAsset",["_name","json"],1]],[[0,0,1,3]],[[0,"164",{"cards":[{"faceUp":false,"depth":0,"value":-1,"x":-63,"y":192.874,"angle":0},{"faceUp":false,"depth":0,"value":-1,"x":67,"y":192.874,"angle":0},{"faceUp":false,"depth":0,"value":-1,"x":-63,"y":30.874,"angle":0},{"faceUp":false,"depth":0,"value":-1,"x":67,"y":30.874,"angle":0},{"faceUp":false,"depth":0,"value":-1,"x":-171,"y":205.874,"angle":0},{"faceUp":false,"depth":0,"value":-1,"x":174,"y":200.874,"angle":0},{"faceUp":false,"depth":1,"value":-1,"x":2,"y":120.874,"angle":0},{"faceUp":false,"depth":1,"value":-1,"x":2,"y":-41.126,"angle":0},{"faceUp":false,"depth":1,"value":-1,"x":-171,"y":133.874,"angle":0},{"faceUp":false,"depth":1,"value":-1,"x":174,"y":128.874,"angle":0},{"faceUp":false,"depth":2,"value":-1,"x":-63,"y":12.874,"angle":0},{"faceUp":false,"depth":2,"value":-1,"x":67,"y":12.874,"angle":0},{"faceUp":false,"depth":2,"value":-1,"x":-223,"y":205.874,"angle":0},{"faceUp":false,"depth":2,"value":-1,"x":226,"y":200.874,"angle":0},{"faceUp":true,"depth":3,"value":-1,"x":-128,"y":-41.126,"angle":0},{"faceUp":true,"depth":3,"value":-1,"x":132,"y":-41.126,"angle":0},{"faceUp":false,"depth":3,"value":-1,"x":226,"y":128.874,"angle":0},{"faceUp":false,"depth":3,"value":-1,"x":-223,"y":133.874,"angle":0},{"faceUp":false,"depth":4,"value":-1,"x":-275,"y":205.874,"angle":0},{"faceUp":false,"depth":4,"value":-1,"x":278,"y":200.874,"angle":0},{"faceUp":false,"depth":4,"value":-1,"x":-271,"y":-77.126,"angle":0},{"faceUp":false,"depth":4,"value":-1,"x":275,"y":-77.126,"angle":0},{"faceUp":false,"depth":5,"value":-1,"x":-275,"y":133.874,"angle":0},{"faceUp":false,"depth":5,"value":-1,"x":278,"y":128.874,"angle":0},{"faceUp":false,"depth":5,"value":-1,"x":288,"y":-77.126,"angle":0},{"faceUp":false,"depth":5,"value":-1,"x":-284,"y":-77.126,"angle":0},{"faceUp":true,"depth":6,"value":-1,"x":-353,"y":241.874,"angle":0},{"faceUp":true,"depth":6,"value":-1,"x":-353,"y":97.874,"angle":0},{"faceUp":true,"depth":6,"value":-1,"x":356,"y":236.874,"angle":0},{"faceUp":true,"depth":6,"value":-1,"x":356,"y":92.874,"angle":0},{"faceUp":true,"depth":6,"value":-1,"x":-297,"y":-77.126,"angle":0},{"faceUp":true,"depth":6,"value":-1,"x":301,"y":-77.126,"angle":0}],"settings":{"disableCombo":false,"cost":2200,"reward":2400,"comboCoinReward":170,"undoCost":[500,750,1000],"stars":[30,200,300],"wildCost":[6500],"cardsInStack":[-1,-1,-1,-1,-1,-1,-1,-1,-1,-1,-1,-1,-1,-1,-1,-1,-1,-1,-1,-1,-1,-1],"comboBonus":[5,4,6,4],"extraCardCost":[4500,6750,9000]}}]],0,0,[],[],[]]