[1,0,0,[["cc.JsonAsset",["_name","json"],1]],[[0,0,1,3]],[[0,"298",{"cards":[{"faceUp":false,"depth":0,"value":-1,"x":-279.033,"y":-27,"angle":0},{"faceUp":false,"depth":0,"value":-1,"x":257.157,"y":-27,"angle":0},{"faceUp":false,"depth":0,"value":-1,"x":257.157,"y":189,"angle":0},{"faceUp":false,"depth":0,"value":-1,"x":0,"y":338.72,"angle":0},{"faceUp":false,"depth":0,"value":-1,"x":0,"y":-183.95,"angle":0},{"faceUp":false,"depth":0,"value":-1,"x":-279.033,"y":189,"angle":0},{"faceUp":false,"depth":1,"value":-1,"x":-84.033,"y":81,"angle":0},{"faceUp":false,"depth":1,"value":-1,"x":-201.033,"y":-27,"angle":0},{"faceUp":false,"depth":1,"value":-1,"x":62.157,"y":81,"angle":0},{"faceUp":false,"depth":1,"value":-1,"x":179.157,"y":189,"angle":0},{"faceUp":false,"depth":1,"value":-1,"x":179.157,"y":-27,"angle":0},{"faceUp":false,"depth":1,"value":-1,"x":65,"y":356.72,"angle":0},{"faceUp":false,"depth":1,"value":-1,"x":-65,"y":356.72,"angle":0},{"faceUp":false,"depth":1,"value":-1,"x":65,"y":-201.95,"angle":0},{"faceUp":false,"depth":1,"value":-1,"x":-201.033,"y":189,"angle":0},{"faceUp":false,"depth":1,"value":-1,"x":-65,"y":-201.95,"angle":0},{"faceUp":false,"depth":2,"value":-1,"x":-97.033,"y":81,"angle":0},{"faceUp":false,"depth":2,"value":-1,"x":-162.03300000000002,"y":-9,"angle":0},{"faceUp":false,"depth":2,"value":-1,"x":140.157,"y":171,"angle":0},{"faceUp":false,"depth":2,"value":-1,"x":75.15700000000001,"y":81,"angle":0},{"faceUp":false,"depth":2,"value":-1,"x":140.157,"y":-9,"angle":0},{"faceUp":false,"depth":2,"value":-1,"x":91,"y":374.72,"angle":0},{"faceUp":false,"depth":2,"value":-1,"x":-91,"y":374.72,"angle":0},{"faceUp":false,"depth":2,"value":-1,"x":-91,"y":-219.95,"angle":0},{"faceUp":false,"depth":2,"value":-1,"x":-162.03300000000002,"y":171,"angle":0},{"faceUp":false,"depth":2,"value":-1,"x":91,"y":-219.95,"angle":0},{"faceUp":true,"depth":3,"value":-1,"x":-110.033,"y":81,"angle":0},{"faceUp":true,"depth":3,"value":-1,"x":88.15700000000001,"y":81,"angle":0},{"faceUp":true,"depth":3,"value":-1,"x":0,"y":374.72,"angle":0},{"faceUp":true,"depth":3,"value":-1,"x":0,"y":-219.95,"angle":0}],"settings":{"disableCombo":false,"cost":2800,"reward":2950,"comboCoinReward":170,"undoCost":[700,1050,1400],"stars":[30,200,300],"wildCost":[8000],"cardsInStack":[-1,-1,-1,-1,-1,-1,-1,-1,-1,-1,-1,-1,-1,-1,-1,-1,-1,-1,-1,-1],"comboBonus":[5,4,6,4],"extraCardCost":[5500,8250,11000]}}]],0,0,[],[],[]]