[1,0,0,[["cc.JsonAsset",["_name","json"],1]],[[0,0,1,3]],[[0,"56",{"cards":[{"faceUp":false,"depth":0,"value":-1,"x":1.84,"y":225.572,"angle":0},{"faceUp":false,"depth":0,"value":-1,"x":298.61,"y":225.396,"angle":0},{"faceUp":false,"depth":0,"value":-1,"x":151.072,"y":225.572,"angle":0},{"faceUp":false,"depth":0,"value":-1,"x":-309.596,"y":225.572,"angle":0},{"faceUp":false,"depth":0,"value":-1,"x":-155.161,"y":225.572,"angle":0},{"faceUp":false,"depth":0,"value":-1,"x":1.84,"y":45.572,"angle":0},{"faceUp":false,"depth":0,"value":-1,"x":-142.161,"y":45.572,"angle":-5},{"faceUp":false,"depth":0,"value":-1,"x":-296.596,"y":45.572,"angle":-5},{"faceUp":false,"depth":0,"value":-1,"x":164.072,"y":45.572,"angle":5},{"faceUp":false,"depth":0,"value":-1,"x":311.61,"y":45.396,"angle":5},{"faceUp":true,"depth":1,"value":-1,"x":27.84,"y":225.572,"angle":0},{"faceUp":true,"depth":1,"value":-1,"x":177.072,"y":225.572,"angle":0},{"faceUp":true,"depth":1,"value":-1,"x":324.61,"y":225.396,"angle":0},{"faceUp":true,"depth":1,"value":-1,"x":-283.596,"y":225.572,"angle":0},{"faceUp":true,"depth":1,"value":-1,"x":-129.161,"y":225.572,"angle":0},{"faceUp":false,"depth":1,"value":-1,"x":-296.596,"y":27.572,"angle":-15},{"faceUp":false,"depth":1,"value":-1,"x":-142.161,"y":27.572,"angle":-15},{"faceUp":false,"depth":1,"value":-1,"x":1.84,"y":27.572,"angle":0},{"faceUp":false,"depth":1,"value":-1,"x":164.072,"y":27.572,"angle":15},{"faceUp":false,"depth":1,"value":-1,"x":311.61,"y":27.396,"angle":15},{"faceUp":false,"depth":2,"value":-1,"x":-296.596,"y":9.572,"angle":-25},{"faceUp":false,"depth":2,"value":-1,"x":-142.161,"y":9.572,"angle":-25},{"faceUp":false,"depth":2,"value":-1,"x":1.84,"y":9.572,"angle":0},{"faceUp":false,"depth":2,"value":-1,"x":164.072,"y":9.572,"angle":25},{"faceUp":false,"depth":2,"value":-1,"x":311.61,"y":9.396,"angle":25},{"faceUp":true,"depth":3,"value":-1,"x":-296.596,"y":-8.428,"angle":-30},{"faceUp":true,"depth":3,"value":-1,"x":-142.161,"y":-8.428,"angle":-30},{"faceUp":true,"depth":3,"value":-1,"x":1.84,"y":-8.428,"angle":0},{"faceUp":true,"depth":3,"value":-1,"x":164.072,"y":-8.428,"angle":30},{"faceUp":true,"depth":3,"value":-1,"x":311.61,"y":-8.604,"angle":30}],"settings":{"disableCombo":false,"cost":1500,"reward":1550,"comboCoinReward":100,"undoCost":[400,600,800],"stars":[30,100,200],"wildCost":[4500],"cardsInStack":[-1,-1,-1,-1,-1,-1,-1,-1,-1,-1,-1,-1,-1,-1,-1,-1,-1,-1,-1,-1],"comboBonus":[5,4,6,4],"extraCardCost":[3000,4500,6000]}}]],0,0,[],[],[]]