[1,0,0,[["cc.JsonAsset",["_name","json"],1]],[[0,0,1,3]],[[0,"156",{"cards":[{"faceUp":false,"depth":0,"value":-1,"x":-0.422,"y":439.84,"angle":0},{"faceUp":false,"depth":0,"value":-1,"x":38.428,"y":-111.786,"angle":0},{"faceUp":false,"depth":0,"value":-1,"x":-0.422,"y":190.84,"angle":0},{"faceUp":false,"depth":0,"value":-1,"x":-0.572,"y":32.214,"angle":0},{"faceUp":false,"depth":0,"value":-1,"x":-0.572,"y":-255.786,"angle":0},{"faceUp":false,"depth":0,"value":-1,"x":-216.572,"y":32.214,"angle":0},{"faceUp":false,"depth":0,"value":-1,"x":-216.572,"y":-255.786,"angle":0},{"faceUp":false,"depth":0,"value":-1,"x":217.428,"y":32.214,"angle":0},{"faceUp":false,"depth":0,"value":-1,"x":217.428,"y":-255.786,"angle":0},{"faceUp":true,"depth":2,"value":-1,"x":245,"y":303,"angle":0},{"faceUp":false,"depth":1,"value":-1,"x":-52.422,"y":393.84,"angle":0},{"faceUp":false,"depth":1,"value":-1,"x":51.578,"y":393.84,"angle":0},{"faceUp":false,"depth":1,"value":-1,"x":-52.422,"y":249.84,"angle":0},{"faceUp":false,"depth":1,"value":-1,"x":51.578,"y":249.84,"angle":0},{"faceUp":false,"depth":1,"value":-1,"x":-52.572,"y":-183.786,"angle":0},{"faceUp":false,"depth":1,"value":-1,"x":51.428,"y":-183.786,"angle":0},{"faceUp":false,"depth":1,"value":-1,"x":51.428,"y":-39.786,"angle":0},{"faceUp":false,"depth":1,"value":-1,"x":-52.572,"y":-39.786,"angle":0},{"faceUp":false,"depth":1,"value":-1,"x":-268.572,"y":-183.786,"angle":0},{"faceUp":false,"depth":1,"value":-1,"x":-164.572,"y":-183.786,"angle":0},{"faceUp":false,"depth":1,"value":-1,"x":-164.572,"y":-39.786,"angle":0},{"faceUp":false,"depth":1,"value":-1,"x":-268.572,"y":-39.786,"angle":0},{"faceUp":false,"depth":1,"value":-1,"x":165.428,"y":-183.786,"angle":0},{"faceUp":false,"depth":1,"value":-1,"x":269.428,"y":-183.786,"angle":0},{"faceUp":false,"depth":1,"value":-1,"x":269.428,"y":-39.786,"angle":0},{"faceUp":false,"depth":1,"value":-1,"x":165.428,"y":-39.786,"angle":0},{"faceUp":true,"depth":2,"value":-1,"x":-0.422,"y":303.84,"angle":0},{"faceUp":true,"depth":2,"value":-1,"x":-0.572,"y":-129.786,"angle":0},{"faceUp":true,"depth":2,"value":-1,"x":-216.572,"y":-129.786,"angle":0},{"faceUp":true,"depth":2,"value":-1,"x":217.428,"y":-129.786,"angle":0},{"faceUp":true,"depth":2,"value":-1,"x":-245,"y":303,"angle":0}],"settings":{"disableCombo":false,"cost":2200,"reward":2400,"comboCoinReward":170,"undoCost":[500,750,1000],"stars":[30,200,300],"wildCost":[6500],"cardsInStack":[-1,-1,-1,-1,-1,-1,-1,-1,-1,-1,-1,-1,-1,-1,-1,-1,-1,-1,-1,-1,-1],"comboBonus":[5,4,6,4],"extraCardCost":[4500,6750,9000]}}]],0,0,[],[],[]]