[1,0,0,[["cc.JsonAsset",["_name","json"],1]],[[0,0,1,3]],[[0,"236",{"cards":[{"faceUp":false,"depth":0,"value":-1,"x":337.901,"y":-110.099,"angle":0},{"faceUp":false,"depth":0,"value":-1,"x":-143,"y":224.677,"angle":0},{"faceUp":false,"depth":0,"value":-1,"x":117,"y":224.677,"angle":0},{"faceUp":false,"depth":1,"value":-1,"x":-91,"y":206.677,"angle":0},{"faceUp":false,"depth":1,"value":-1,"x":65,"y":206.677,"angle":0},{"faceUp":false,"depth":1,"value":-1,"x":-80.96,"y":-122.852,"angle":0},{"faceUp":false,"depth":1,"value":-1,"x":77.901,"y":-110.099,"angle":0},{"faceUp":false,"depth":2,"value":-1,"x":-119.96,"y":-86.852,"angle":0},{"faceUp":false,"depth":2,"value":1,"x":-13,"y":206.677,"angle":0},{"faceUp":false,"depth":2,"value":-1,"x":-340.96,"y":-122.852,"angle":0},{"faceUp":false,"depth":2,"value":-1,"x":-301.96,"y":-86.852,"angle":0},{"faceUp":false,"depth":2,"value":-1,"x":116.901,"y":-92.099,"angle":0},{"faceUp":false,"depth":2,"value":-1,"x":298.901,"y":-92.099,"angle":0},{"faceUp":false,"depth":3,"value":1,"x":207.901,"y":-92.099,"angle":0},{"faceUp":false,"depth":3,"value":1,"x":-210.96,"y":-86.852,"angle":0},{"faceUp":false,"depth":4,"value":-1,"x":155.901,"y":-110.099,"angle":0},{"faceUp":false,"depth":4,"value":-1,"x":-262.96,"y":-104.852,"angle":0},{"faceUp":false,"depth":4,"value":-1,"x":-78,"y":170.677,"angle":0},{"faceUp":false,"depth":5,"value":-1,"x":272.901,"y":-110.099,"angle":0},{"faceUp":false,"depth":5,"value":-1,"x":-145.96,"y":-104.852,"angle":0},{"faceUp":false,"depth":5,"value":-1,"x":39,"y":170.677,"angle":0},{"faceUp":false,"depth":6,"value":-1,"x":181.901,"y":-146.099,"angle":0},{"faceUp":false,"depth":6,"value":-1,"x":-236.96,"y":-140.852,"angle":0},{"faceUp":false,"depth":6,"value":-1,"x":-52,"y":134.677,"angle":0},{"faceUp":true,"depth":7,"value":-1,"x":246.901,"y":-146.099,"angle":0},{"faceUp":true,"depth":7,"value":-1,"x":-171.96,"y":-140.852,"angle":0},{"faceUp":true,"depth":7,"value":-1,"x":13,"y":134.677,"angle":0}],"settings":{"disableCombo":false,"cost":2600,"reward":2750,"comboCoinReward":170,"undoCost":[650,975,1300],"stars":[30,200,300],"wildCost":[8000],"cardsInStack":[-1,-1,-1,-1,-1,-1,-1,-1,-1,-1,-1,-1,-1,-1,-1,-1,-1],"comboBonus":[5,4,6,4],"extraCardCost":[5000,7550,10000]}}]],0,0,[],[],[]]