[1,0,0,[["cc.JsonAsset",["_name","json"],1]],[[0,0,1,3]],[[0,"94",{"cards":[{"faceUp":false,"depth":0,"value":-1,"x":-245.522,"y":422.481,"angle":0},{"faceUp":false,"depth":0,"value":-1,"x":107.555,"y":-9.376,"angle":0},{"faceUp":false,"depth":0,"value":-1,"x":224.555,"y":-9.376,"angle":0},{"faceUp":false,"depth":0,"value":-1,"x":109.632,"y":427.812,"angle":0},{"faceUp":false,"depth":0,"value":-1,"x":226.632,"y":427.812,"angle":0},{"faceUp":false,"depth":0,"value":-1,"x":-126.445,"y":-9.376,"angle":0},{"faceUp":false,"depth":0,"value":-1,"x":-243.445,"y":-9.376,"angle":0},{"faceUp":false,"depth":0,"value":-1,"x":-128.522,"y":422.481,"angle":0},{"faceUp":false,"depth":0,"value":1,"x":-9.445,"y":-9.376,"angle":0},{"faceUp":false,"depth":1,"value":-1,"x":-245.522,"y":296.481,"angle":0},{"faceUp":false,"depth":1,"value":-1,"x":107.555,"y":-135.376,"angle":0},{"faceUp":false,"depth":1,"value":-1,"x":224.555,"y":-135.376,"angle":0},{"faceUp":false,"depth":1,"value":-1,"x":109.632,"y":301.812,"angle":0},{"faceUp":false,"depth":1,"value":-1,"x":226.632,"y":301.812,"angle":0},{"faceUp":false,"depth":1,"value":-1,"x":-126.445,"y":-135.376,"angle":0},{"faceUp":false,"depth":1,"value":-1,"x":-243.445,"y":-135.376,"angle":0},{"faceUp":false,"depth":1,"value":-1,"x":-128.522,"y":296.481,"angle":0},{"faceUp":false,"depth":1,"value":1,"x":-9.445,"y":-135.376,"angle":0},{"faceUp":true,"depth":2,"value":-1,"x":-245.522,"y":170.481,"angle":0},{"faceUp":true,"depth":2,"value":-1,"x":107.555,"y":-261.376,"angle":0},{"faceUp":true,"depth":2,"value":-1,"x":224.555,"y":-261.376,"angle":0},{"faceUp":true,"depth":2,"value":-1,"x":109.632,"y":175.812,"angle":0},{"faceUp":true,"depth":2,"value":-1,"x":226.632,"y":175.812,"angle":0},{"faceUp":true,"depth":2,"value":-1,"x":-126.445,"y":-261.376,"angle":0},{"faceUp":true,"depth":2,"value":-1,"x":-243.445,"y":-261.376,"angle":0},{"faceUp":true,"depth":2,"value":-1,"x":-128.522,"y":170.481,"angle":0},{"faceUp":true,"depth":2,"value":1,"x":-9.445,"y":-261.376,"angle":0}],"settings":{"disableCombo":false,"cost":2000,"reward":2100,"comboCoinReward":150,"undoCost":[500,750,1000],"stars":[30,150,250],"wildCost":[6000],"cardsInStack":[-1,-1,-1,-1,-1,-1,-1,-1,-1,-1,-1,-1,-1,-1,-1,-1,-1,-1],"comboBonus":[5,4,6,4],"extraCardCost":[4000,6000,8000]}}]],0,0,[],[],[]]