[1,0,0,[["cc.JsonAsset",["_name","json"],1]],[[0,0,1,3]],[[0,"200",{"cards":[{"faceUp":false,"depth":0,"value":-1,"x":-78.5,"y":-188,"angle":5},{"faceUp":false,"depth":0,"value":-1,"x":90.5,"y":-188,"angle":-5},{"faceUp":false,"depth":0,"value":-1,"x":-65.5,"y":46,"angle":-5},{"faceUp":false,"depth":0,"value":-1,"x":90.5,"y":46,"angle":5},{"faceUp":false,"depth":0,"value":-1,"x":-204.472,"y":330.963,"angle":-40},{"faceUp":false,"depth":0,"value":-1,"x":115.958,"y":409.659,"angle":40},{"faceUp":false,"depth":1,"value":-1,"x":-117.5,"y":-188,"angle":10},{"faceUp":false,"depth":1,"value":-1,"x":129.5,"y":-188,"angle":-10},{"faceUp":false,"depth":1,"value":-1,"x":-104.5,"y":46,"angle":-10},{"faceUp":false,"depth":1,"value":-1,"x":129.5,"y":46,"angle":10},{"faceUp":false,"depth":1,"value":-1,"x":-204.472,"y":348.963,"angle":40},{"faceUp":false,"depth":1,"value":-1,"x":102.958,"y":265.659,"angle":-40},{"faceUp":false,"depth":2,"value":-1,"x":-156.5,"y":-188,"angle":15},{"faceUp":false,"depth":2,"value":-1,"x":168.5,"y":-188,"angle":-15},{"faceUp":false,"depth":2,"value":-1,"x":-143.5,"y":46,"angle":-15},{"faceUp":false,"depth":2,"value":-1,"x":168.5,"y":46,"angle":15},{"faceUp":false,"depth":2,"value":-1,"x":-152.472,"y":366.963,"angle":-40},{"faceUp":false,"depth":2,"value":-1,"x":167.958,"y":373.659,"angle":40},{"faceUp":true,"depth":3,"value":-1,"x":-195.5,"y":-188,"angle":20},{"faceUp":true,"depth":3,"value":-1,"x":207.5,"y":-188,"angle":-20},{"faceUp":true,"depth":3,"value":-1,"x":-182.5,"y":46,"angle":-20},{"faceUp":true,"depth":3,"value":-1,"x":207.5,"y":46,"angle":20},{"faceUp":false,"depth":3,"value":-1,"x":-165.472,"y":312.963,"angle":40},{"faceUp":false,"depth":3,"value":-1,"x":141.958,"y":283.659,"angle":-40},{"faceUp":false,"depth":4,"value":-1,"x":-100.47200000000001,"y":402.963,"angle":-40},{"faceUp":false,"depth":4,"value":-1,"x":219.958,"y":337.659,"angle":40},{"faceUp":true,"depth":5,"value":-1,"x":-100.47200000000001,"y":276.963,"angle":40},{"faceUp":true,"depth":5,"value":-1,"x":180.958,"y":319.659,"angle":-40}],"settings":{"disableCombo":false,"cost":2500,"reward":2650,"comboCoinReward":170,"undoCost":[650,975,1300],"stars":[30,200,300],"wildCost":[7500],"cardsInStack":[-1,-1,-1,-1,-1,-1,-1,-1,-1,-1,-1,-1,-1,-1,-1,-1,-1],"comboBonus":[5,4,6,4],"extraCardCost":[5000,7550,10000]}}]],0,0,[],[],[]]