[1,0,0,[["cc.JsonAsset",["_name","json"],1]],[[0,0,1,3]],[[0,"98",{"cards":[{"faceUp":false,"depth":0,"value":-1,"x":221,"y":-14,"angle":15},{"faceUp":false,"depth":0,"value":-1,"x":26,"y":112,"angle":15},{"faceUp":false,"depth":0,"value":-1,"x":220.74,"y":349.255,"angle":15},{"faceUp":false,"depth":0,"value":-1,"x":-161.072,"y":343.923,"angle":15},{"faceUp":false,"depth":0,"value":-1,"x":-182,"y":-14,"angle":15},{"faceUp":false,"depth":1,"value":-1,"x":208,"y":-14,"angle":-15},{"faceUp":false,"depth":1,"value":-1,"x":13,"y":112,"angle":-15},{"faceUp":false,"depth":1,"value":-1,"x":207.74,"y":349.255,"angle":-15},{"faceUp":false,"depth":1,"value":-1,"x":-174.072,"y":343.923,"angle":-15},{"faceUp":false,"depth":1,"value":-1,"x":-195,"y":-14,"angle":-15},{"faceUp":false,"depth":2,"value":-1,"x":234,"y":-50,"angle":15},{"faceUp":false,"depth":2,"value":-1,"x":39,"y":76,"angle":15},{"faceUp":false,"depth":2,"value":-1,"x":233.74,"y":313.255,"angle":15},{"faceUp":false,"depth":2,"value":-1,"x":-148.072,"y":307.923,"angle":15},{"faceUp":false,"depth":2,"value":-1,"x":-169,"y":-50,"angle":15},{"faceUp":false,"depth":3,"value":4,"x":0,"y":58,"angle":-15},{"faceUp":false,"depth":3,"value":4,"x":-187.072,"y":289.923,"angle":-15},{"faceUp":false,"depth":3,"value":4,"x":194.74,"y":295.255,"angle":-15},{"faceUp":false,"depth":3,"value":-1,"x":-208,"y":-68,"angle":-15},{"faceUp":false,"depth":3,"value":-1,"x":195,"y":-68,"angle":-15},{"faceUp":false,"depth":4,"value":-1,"x":247,"y":-122,"angle":15},{"faceUp":false,"depth":4,"value":-1,"x":52,"y":4,"angle":15},{"faceUp":false,"depth":4,"value":-1,"x":246.74,"y":241.255,"angle":15},{"faceUp":false,"depth":4,"value":-1,"x":-135.072,"y":235.923,"angle":15},{"faceUp":false,"depth":4,"value":-1,"x":-156,"y":-122,"angle":15},{"faceUp":true,"depth":5,"value":-1,"x":182,"y":-122,"angle":-15},{"faceUp":true,"depth":5,"value":-1,"x":-13,"y":4,"angle":-15},{"faceUp":true,"depth":5,"value":-1,"x":181.74,"y":241.255,"angle":-15},{"faceUp":true,"depth":5,"value":-1,"x":-200.072,"y":235.923,"angle":-15},{"faceUp":true,"depth":5,"value":-1,"x":-221,"y":-122,"angle":-15}],"settings":{"disableCombo":false,"cost":2000,"reward":2100,"comboCoinReward":150,"undoCost":[500,750,1000],"stars":[30,150,250],"wildCost":[6000],"cardsInStack":[-1,-1,-1,-1,-1,-1,-1,-1,-1,-1,-1,-1,-1,-1],"comboBonus":[5,4,6,4],"extraCardCost":[4000,6000,8000]}}]],0,0,[],[],[]]