[1,0,0,[["cc.JsonAsset",["_name","json"],1]],[[0,0,1,3]],[[0,"150",{"cards":[{"faceUp":false,"depth":0,"value":-1,"x":-243.417,"y":72.472,"angle":0},{"faceUp":false,"depth":0,"value":-1,"x":-243.417,"y":-161.528,"angle":0},{"faceUp":false,"depth":0,"value":-1,"x":243.392,"y":72.472,"angle":0},{"faceUp":false,"depth":0,"value":-1,"x":243.392,"y":-161.528,"angle":0},{"faceUp":false,"depth":1,"value":-1,"x":-115.157,"y":239.612,"angle":0},{"faceUp":false,"depth":1,"value":-1,"x":118.843,"y":239.612,"angle":0},{"faceUp":false,"depth":1,"value":-1,"x":-243.417,"y":54.472,"angle":0},{"faceUp":false,"depth":1,"value":-1,"x":-243.417,"y":-143.528,"angle":0},{"faceUp":false,"depth":1,"value":-1,"x":243.392,"y":54.472,"angle":0},{"faceUp":false,"depth":1,"value":-1,"x":243.392,"y":-143.528,"angle":0},{"faceUp":false,"depth":2,"value":-1,"x":-63.157,"y":329.612,"angle":0},{"faceUp":false,"depth":2,"value":-1,"x":66.843,"y":329.612,"angle":0},{"faceUp":false,"depth":2,"value":-1,"x":-63.157,"y":167.612,"angle":0},{"faceUp":false,"depth":2,"value":-1,"x":66.843,"y":167.612,"angle":0},{"faceUp":false,"depth":2,"value":-1,"x":-308.417,"y":36.472,"angle":0},{"faceUp":false,"depth":2,"value":-1,"x":-178.417,"y":36.472,"angle":0},{"faceUp":false,"depth":2,"value":-1,"x":-308.417,"y":-125.528,"angle":0},{"faceUp":false,"depth":2,"value":-1,"x":-178.417,"y":-125.528,"angle":0},{"faceUp":false,"depth":2,"value":-1,"x":178.392,"y":36.472,"angle":0},{"faceUp":false,"depth":2,"value":-1,"x":308.392,"y":36.472,"angle":0},{"faceUp":false,"depth":2,"value":-1,"x":178.392,"y":-125.528,"angle":0},{"faceUp":false,"depth":2,"value":-1,"x":308.392,"y":-125.528,"angle":0},{"faceUp":true,"depth":3,"value":-1,"x":-360.417,"y":-53.528,"angle":0},{"faceUp":true,"depth":3,"value":-1,"x":-126.417,"y":-53.528,"angle":0},{"faceUp":true,"depth":3,"value":-1,"x":1.843,"y":131.612,"angle":0},{"faceUp":true,"depth":3,"value":-1,"x":1.843,"y":365.612,"angle":0},{"faceUp":true,"depth":3,"value":-1,"x":360.392,"y":-53.528,"angle":0},{"faceUp":true,"depth":3,"value":-1,"x":126.392,"y":-53.528,"angle":0}],"settings":{"disableCombo":false,"cost":2200,"reward":2400,"comboCoinReward":170,"undoCost":[500,750,1000],"stars":[30,200,300],"wildCost":[6500],"cardsInStack":[-1,-1,-1,-1,-1,-1,-1,-1,-1,-1,-1,-1,-1,-1,-1,-1,-1,-1,-1,-1],"comboBonus":[5,4,6,4],"extraCardCost":[4500,6750,9000]}}]],0,0,[],[],[]]