[1,0,0,[["cc.JsonAsset",["_name","json"],1]],[[0,0,1,3]],[[0,"277",{"cards":[{"faceUp":false,"depth":0,"value":-1,"x":21.929,"y":86.888,"angle":0},{"faceUp":false,"depth":0,"value":1,"x":21.929,"y":374.888,"angle":0},{"faceUp":false,"depth":0,"value":-1,"x":218.464,"y":-47.599,"angle":0},{"faceUp":false,"depth":0,"value":-1,"x":-174.606,"y":-50.172,"angle":0},{"faceUp":false,"depth":1,"value":-1,"x":-30.071,"y":122.888,"angle":0},{"faceUp":false,"depth":1,"value":-1,"x":73.929,"y":122.888,"angle":0},{"faceUp":false,"depth":1,"value":-1,"x":73.929,"y":338.888,"angle":0},{"faceUp":false,"depth":1,"value":-1,"x":-30.071,"y":338.888,"angle":0},{"faceUp":false,"depth":1,"value":-1,"x":218.464,"y":-83.599,"angle":0},{"faceUp":false,"depth":1,"value":-1,"x":-174.606,"y":-86.172,"angle":0},{"faceUp":false,"depth":2,"value":-1,"x":21.929,"y":158.888,"angle":0},{"faceUp":false,"depth":2,"value":-1,"x":-82.071,"y":158.888,"angle":0},{"faceUp":false,"depth":2,"value":-1,"x":125.929,"y":158.888,"angle":0},{"faceUp":false,"depth":2,"value":-1,"x":-82.071,"y":302.888,"angle":0},{"faceUp":false,"depth":2,"value":-1,"x":21.929,"y":302.888,"angle":0},{"faceUp":false,"depth":2,"value":-1,"x":125.929,"y":302.888,"angle":0},{"faceUp":false,"depth":2,"value":-1,"x":101.464,"y":-173.599,"angle":0},{"faceUp":false,"depth":2,"value":-1,"x":218.464,"y":-119.599,"angle":0},{"faceUp":false,"depth":2,"value":-1,"x":-57.606,"y":-176.172,"angle":0},{"faceUp":false,"depth":2,"value":-1,"x":-174.606,"y":-122.172,"angle":0},{"faceUp":false,"depth":3,"value":-1,"x":101.464,"y":-209.599,"angle":0},{"faceUp":false,"depth":3,"value":-1,"x":218.464,"y":-155.599,"angle":0},{"faceUp":false,"depth":3,"value":-1,"x":-57.606,"y":-212.172,"angle":0},{"faceUp":false,"depth":3,"value":-1,"x":-174.606,"y":-158.172,"angle":0},{"faceUp":false,"depth":4,"value":-1,"x":73.929,"y":266.888,"angle":0},{"faceUp":false,"depth":4,"value":-1,"x":177.929,"y":266.888,"angle":0},{"faceUp":false,"depth":4,"value":-1,"x":-30.071,"y":266.888,"angle":0},{"faceUp":false,"depth":4,"value":-1,"x":-134.071,"y":266.888,"angle":0},{"faceUp":true,"depth":4,"value":-1,"x":101.464,"y":-245.599,"angle":0},{"faceUp":true,"depth":4,"value":-1,"x":218.464,"y":-191.599,"angle":0},{"faceUp":true,"depth":4,"value":-1,"x":-57.606,"y":-248.172,"angle":0},{"faceUp":true,"depth":4,"value":-1,"x":-174.606,"y":-194.172,"angle":0},{"faceUp":true,"depth":5,"value":-1,"x":-134.071,"y":194.888,"angle":0},{"faceUp":true,"depth":5,"value":-1,"x":-30.071,"y":194.888,"angle":0},{"faceUp":true,"depth":5,"value":-1,"x":73.929,"y":194.888,"angle":0},{"faceUp":true,"depth":5,"value":-1,"x":177.929,"y":194.888,"angle":0}],"settings":{"disableCombo":false,"cost":2700,"reward":2850,"comboCoinReward":170,"undoCost":[700,1050,1400],"stars":[30,200,300],"wildCost":[8000],"cardsInStack":[-1,-1,-1,-1,-1,-1,-1,-1,-1,-1,-1,-1,-1,-1,-1,-1,-1,-1,-1,-1,-1],"comboBonus":[5,4,6,4],"extraCardCost":[5500,8250,11000]}}]],0,0,[],[],[]]