[1,0,0,[["cc.JsonAsset",["_name","json"],1]],[[0,0,1,3]],[[0,"206",{"cards":[{"faceUp":false,"depth":0,"value":-1,"x":13,"y":348.254,"angle":0},{"faceUp":false,"depth":0,"value":-1,"x":-182,"y":-134.518,"angle":0},{"faceUp":false,"depth":0,"value":-1,"x":208,"y":-134.518,"angle":0},{"faceUp":false,"depth":1,"value":-1,"x":-277,"y":133.032,"angle":10},{"faceUp":false,"depth":1,"value":-1,"x":-95,"y":133.032,"angle":-10},{"faceUp":false,"depth":1,"value":-1,"x":-273,"y":-134.518,"angle":-10},{"faceUp":false,"depth":1,"value":-1,"x":-91,"y":-134.518,"angle":10},{"faceUp":false,"depth":1,"value":-1,"x":117,"y":-134.518,"angle":-10},{"faceUp":false,"depth":1,"value":-1,"x":299,"y":-134.518,"angle":10},{"faceUp":false,"depth":1,"value":-1,"x":104,"y":348.254,"angle":10},{"faceUp":false,"depth":1,"value":-1,"x":-78,"y":348.254,"angle":-10},{"faceUp":false,"depth":1,"value":-1,"x":289,"y":133.032,"angle":-10},{"faceUp":false,"depth":1,"value":-1,"x":107,"y":133.032,"angle":10},{"faceUp":false,"depth":2,"value":-1,"x":-251,"y":115.032,"angle":10},{"faceUp":false,"depth":2,"value":-1,"x":-121,"y":115.032,"angle":-10},{"faceUp":false,"depth":2,"value":-1,"x":-247,"y":-116.518,"angle":-10},{"faceUp":false,"depth":2,"value":-1,"x":-117,"y":-116.518,"angle":10},{"faceUp":false,"depth":2,"value":-1,"x":143,"y":-116.518,"angle":-10},{"faceUp":false,"depth":2,"value":-1,"x":273,"y":-116.518,"angle":10},{"faceUp":false,"depth":2,"value":-1,"x":78,"y":366.254,"angle":10},{"faceUp":false,"depth":2,"value":-1,"x":-52,"y":366.254,"angle":-10},{"faceUp":false,"depth":2,"value":-1,"x":263,"y":115.032,"angle":-10},{"faceUp":false,"depth":2,"value":-1,"x":133,"y":115.032,"angle":10},{"faceUp":true,"depth":3,"value":-1,"x":-186,"y":97.032,"angle":0},{"faceUp":true,"depth":3,"value":-1,"x":-182,"y":-98.518,"angle":0},{"faceUp":true,"depth":3,"value":-1,"x":208,"y":-98.518,"angle":0},{"faceUp":true,"depth":3,"value":-1,"x":13,"y":384.254,"angle":0},{"faceUp":true,"depth":3,"value":-1,"x":198,"y":97.032,"angle":0}],"settings":{"disableCombo":false,"cost":2500,"reward":2650,"comboCoinReward":170,"undoCost":[650,975,1300],"stars":[30,200,300],"wildCost":[7500],"cardsInStack":[-1,-1,-1,-1,-1,-1,-1,-1,-1,-1,-1,-1,-1,-1,-1,-1,-1,-1],"comboBonus":[5,4,6,4],"extraCardCost":[5000,7550,10000]}}]],0,0,[],[],[]]