[1,0,0,[["cc.JsonAsset",["_name","json"],1]],[[0,0,1,3]],[[0,"132",{"cards":[{"faceUp":false,"depth":0,"value":-1,"x":167.369,"y":-192.511,"angle":0},{"faceUp":false,"depth":0,"value":-1,"x":50.369,"y":-192.511,"angle":0},{"faceUp":false,"depth":0,"value":-1,"x":-66.631,"y":-192.511,"angle":0},{"faceUp":false,"depth":0,"value":-1,"x":-183.631,"y":-192.511,"angle":0},{"faceUp":false,"depth":0,"value":-1,"x":179.156,"y":86.836,"angle":0},{"faceUp":false,"depth":0,"value":-1,"x":62.156,"y":86.836,"angle":0},{"faceUp":false,"depth":0,"value":-1,"x":-54.844,"y":86.836,"angle":0},{"faceUp":false,"depth":0,"value":-1,"x":-171.844,"y":86.836,"angle":0},{"faceUp":false,"depth":1,"value":-1,"x":-131.631,"y":-156.511,"angle":0},{"faceUp":false,"depth":1,"value":-1,"x":-14.631,"y":-156.511,"angle":0},{"faceUp":false,"depth":1,"value":-1,"x":102.369,"y":-156.511,"angle":0},{"faceUp":false,"depth":1,"value":-1,"x":-119.844,"y":122.836,"angle":0},{"faceUp":false,"depth":1,"value":-1,"x":-2.844,"y":122.836,"angle":0},{"faceUp":false,"depth":1,"value":-1,"x":114.156,"y":122.836,"angle":0},{"faceUp":false,"depth":2,"value":-1,"x":-66.631,"y":-120.511,"angle":0},{"faceUp":false,"depth":2,"value":-1,"x":50.369,"y":-120.511,"angle":0},{"faceUp":false,"depth":2,"value":-1,"x":62.156,"y":158.836,"angle":0},{"faceUp":false,"depth":2,"value":-1,"x":-54.844,"y":158.836,"angle":0},{"faceUp":false,"depth":2,"value":-1,"x":-8.888,"y":389.883,"angle":0},{"faceUp":false,"depth":2,"value":-1,"x":108.112,"y":346.708,"angle":0},{"faceUp":false,"depth":2,"value":-1,"x":-125.888,"y":346.708,"angle":0},{"faceUp":true,"depth":3,"value":-1,"x":-2.844,"y":194.836,"angle":0},{"faceUp":true,"depth":3,"value":-1,"x":-1.631,"y":-84.511,"angle":0},{"faceUp":false,"depth":3,"value":-1,"x":-8.888,"y":407.883,"angle":0},{"faceUp":false,"depth":3,"value":-1,"x":108.112,"y":364.708,"angle":0},{"faceUp":false,"depth":3,"value":-1,"x":-125.888,"y":364.708,"angle":0},{"faceUp":true,"depth":4,"value":-1,"x":-8.888,"y":427.883,"angle":0},{"faceUp":true,"depth":4,"value":-1,"x":108.112,"y":382.708,"angle":0},{"faceUp":true,"depth":4,"value":-1,"x":-125.888,"y":382.708,"angle":0}],"settings":{"disableCombo":false,"cost":2200,"reward":2400,"comboCoinReward":170,"undoCost":[500,750,1000],"stars":[30,200,300],"wildCost":[6500],"cardsInStack":[-1,-1,-1,-1,-1,-1,-1,-1,-1,-1,-1,-1,-1,-1,-1,-1,-1,-1,-1,-1],"comboBonus":[5,4,6,4],"extraCardCost":[4500,6750,9000]}}]],0,0,[],[],[]]