[1,0,0,[["cc.JsonAsset",["_name","json"],1]],[[0,0,1,3]],[[0,"225",{"cards":[{"faceUp":false,"depth":0,"value":-1,"x":156,"y":-24.308,"angle":0},{"faceUp":false,"depth":0,"value":-1,"x":-52,"y":-24.308,"angle":0},{"faceUp":false,"depth":0,"value":-1,"x":80.232,"y":287.215,"angle":0},{"faceUp":false,"depth":0,"value":-1,"x":52,"y":-168.308,"angle":0},{"faceUp":false,"depth":0,"value":-1,"x":-52,"y":-312.308,"angle":0},{"faceUp":false,"depth":0,"value":-1,"x":156,"y":-312.308,"angle":0},{"faceUp":false,"depth":0,"value":-1,"x":184.232,"y":431.215,"angle":0},{"faceUp":false,"depth":0,"value":-1,"x":184.232,"y":143.215,"angle":0},{"faceUp":false,"depth":0,"value":-1,"x":288.232,"y":287.215,"angle":0},{"faceUp":false,"depth":0,"value":-1,"x":-156,"y":-168.308,"angle":0},{"faceUp":false,"depth":0,"value":-1,"x":-51.209,"y":431.854,"angle":0},{"faceUp":false,"depth":0,"value":-1,"x":-51.209,"y":143.854,"angle":0},{"faceUp":false,"depth":0,"value":-1,"x":-155.209,"y":287.854,"angle":0},{"faceUp":false,"depth":0,"value":-1,"x":-259.209,"y":431.854,"angle":0},{"faceUp":false,"depth":0,"value":-1,"x":-259.209,"y":143.854,"angle":0},{"faceUp":true,"depth":1,"value":-1,"x":156,"y":-240.308,"angle":0},{"faceUp":false,"depth":1,"value":-1,"x":52,"y":-240.308,"angle":0},{"faceUp":true,"depth":1,"value":-1,"x":80.232,"y":215.215,"angle":0},{"faceUp":false,"depth":1,"value":-1,"x":288.232,"y":215.215,"angle":0},{"faceUp":false,"depth":1,"value":-1,"x":184.232,"y":215.215,"angle":0},{"faceUp":false,"depth":1,"value":-1,"x":-155.209,"y":215.854,"angle":0},{"faceUp":false,"depth":1,"value":-1,"x":-259.209,"y":215.854,"angle":0},{"faceUp":true,"depth":1,"value":-1,"x":-51.209,"y":215.854,"angle":0},{"faceUp":false,"depth":1,"value":-1,"x":-52,"y":-240.308,"angle":0},{"faceUp":true,"depth":1,"value":-1,"x":-156,"y":-240.308,"angle":0},{"faceUp":false,"depth":1,"value":-1,"x":288.232,"y":359.215,"angle":0},{"faceUp":false,"depth":1,"value":-1,"x":-259.209,"y":359.854,"angle":0},{"faceUp":false,"depth":1,"value":-1,"x":-155.209,"y":359.854,"angle":0},{"faceUp":true,"depth":1,"value":-1,"x":-51.209,"y":359.854,"angle":0},{"faceUp":true,"depth":1,"value":-1,"x":-156,"y":-96.308,"angle":0},{"faceUp":false,"depth":1,"value":-1,"x":184.232,"y":359.215,"angle":0},{"faceUp":true,"depth":1,"value":-1,"x":80.232,"y":359.215,"angle":0},{"faceUp":true,"depth":1,"value":-1,"x":156,"y":-96.308,"angle":0},{"faceUp":false,"depth":1,"value":-1,"x":52,"y":-96.308,"angle":0},{"faceUp":false,"depth":1,"value":-1,"x":-52,"y":-96.308,"angle":0},{"faceUp":true,"depth":2,"value":-1,"x":-207.209,"y":287.854,"angle":0},{"faceUp":true,"depth":2,"value":-1,"x":0,"y":-168.308,"angle":0},{"faceUp":true,"depth":2,"value":-1,"x":236.232,"y":287.215,"angle":0}],"settings":{"disableCombo":false,"cost":2600,"reward":2750,"comboCoinReward":170,"undoCost":[650,975,1300],"stars":[30,200,300],"wildCost":[7800],"cardsInStack":[-1,-1,-1,-1,-1,-1,-1,-1,-1,-1,-1,-1,-1,-1,-1,-1,-1,-1,-1,-1,-1,-1,-1,-1],"comboBonus":[5,4,6,4],"extraCardCost":[5000,7550,10000]}}]],0,0,[],[],[]]