[1,0,0,[["cc.JsonAsset",["_name","json"],1]],[[0,0,1,3]],[[0,"122",{"cards":[{"faceUp":false,"depth":0,"value":-1,"x":-110.547,"y":57.730999999999995,"angle":0},{"faceUp":false,"depth":0,"value":-1,"x":-214.547,"y":57.730999999999995,"angle":0},{"faceUp":false,"depth":0,"value":-1,"x":182.513,"y":-230,"angle":0},{"faceUp":false,"depth":0,"value":-1,"x":-214.547,"y":-86.269,"angle":0},{"faceUp":false,"depth":0,"value":-1,"x":-214.547,"y":-230.269,"angle":0},{"faceUp":false,"depth":0,"value":-1,"x":-110.547,"y":-230.269,"angle":0},{"faceUp":false,"depth":0,"value":-1,"x":-110.547,"y":-86.269,"angle":0},{"faceUp":false,"depth":0,"value":-1,"x":78.513,"y":58,"angle":0},{"faceUp":false,"depth":0,"value":-1,"x":182.513,"y":58,"angle":0},{"faceUp":false,"depth":0,"value":-1,"x":78.513,"y":-230,"angle":0},{"faceUp":false,"depth":0,"value":-1,"x":182.513,"y":-86,"angle":0},{"faceUp":false,"depth":0,"value":-1,"x":78.513,"y":-86,"angle":0},{"faceUp":true,"depth":1,"value":-1,"x":-162.547,"y":57.730999999999995,"angle":0},{"faceUp":true,"depth":1,"value":-1,"x":130.513,"y":-230,"angle":0},{"faceUp":true,"depth":1,"value":-1,"x":-162.547,"y":-230.269,"angle":0},{"faceUp":true,"depth":1,"value":-1,"x":-162.547,"y":-86.269,"angle":0},{"faceUp":true,"depth":1,"value":-1,"x":130.513,"y":-86,"angle":0},{"faceUp":true,"depth":1,"value":-1,"x":130.513,"y":58,"angle":0},{"faceUp":false,"depth":2,"value":-1,"x":-167.769,"y":405.903,"angle":0},{"faceUp":false,"depth":2,"value":-1,"x":126.858,"y":406.172,"angle":0},{"faceUp":false,"depth":3,"value":-1,"x":-102.769,"y":405.903,"angle":20},{"faceUp":false,"depth":3,"value":-1,"x":191.858,"y":406.172,"angle":20},{"faceUp":false,"depth":4,"value":-1,"x":-167.769,"y":351.903,"angle":0},{"faceUp":false,"depth":4,"value":-1,"x":126.858,"y":352.172,"angle":0},{"faceUp":false,"depth":5,"value":-1,"x":-128.769,"y":351.903,"angle":20},{"faceUp":false,"depth":5,"value":-1,"x":165.858,"y":352.172,"angle":20},{"faceUp":false,"depth":6,"value":-1,"x":-167.769,"y":297.903,"angle":0},{"faceUp":false,"depth":6,"value":-1,"x":126.858,"y":298.172,"angle":0},{"faceUp":false,"depth":7,"value":-1,"x":-141.769,"y":297.903,"angle":10},{"faceUp":false,"depth":7,"value":-1,"x":152.858,"y":298.172,"angle":10},{"faceUp":false,"depth":8,"value":-1,"x":-167.769,"y":243.90300000000002,"angle":0},{"faceUp":false,"depth":8,"value":-1,"x":126.858,"y":244.17200000000003,"angle":0},{"faceUp":true,"depth":9,"value":-1,"x":-154.769,"y":243.90300000000002,"angle":5},{"faceUp":true,"depth":9,"value":-1,"x":139.858,"y":244.17200000000003,"angle":5}],"settings":{"disableCombo":false,"cost":2200,"reward":2400,"comboCoinReward":170,"undoCost":[500,750,1000],"stars":[30,200,300],"wildCost":[6500],"cardsInStack":[-1,-1,-1,-1,-1,-1,-1,-1,-1,-1,-1,-1,-1,-1,-1,-1,-1,-1,-1,-1,-1],"comboBonus":[5,4,6,4],"extraCardCost":[4500,6750,9000]}}]],0,0,[],[],[]]