[1,0,0,[["cc.JsonAsset",["_name","json"],1]],[[0,0,1,3]],[[0,"207",{"cards":[{"faceUp":false,"depth":0,"value":-1,"x":-110.45,"y":-73.807,"angle":0},{"faceUp":false,"depth":0,"value":-1,"x":123.55,"y":-73.807,"angle":0},{"faceUp":false,"depth":0,"value":-1,"x":-110.45,"y":178.19299999999998,"angle":0},{"faceUp":false,"depth":0,"value":-1,"x":123.55,"y":178.19299999999998,"angle":0},{"faceUp":false,"depth":0,"value":-1,"x":-314.006,"y":196.19299999999998,"angle":0},{"faceUp":false,"depth":0,"value":-1,"x":-314.006,"y":52.19300000000001,"angle":0},{"faceUp":false,"depth":0,"value":-1,"x":-314.006,"y":-91.807,"angle":0},{"faceUp":false,"depth":0,"value":-1,"x":324.1,"y":196.19299999999998,"angle":0},{"faceUp":false,"depth":0,"value":-1,"x":324.1,"y":52.19300000000001,"angle":0},{"faceUp":false,"depth":0,"value":-1,"x":324.1,"y":-91.807,"angle":0},{"faceUp":false,"depth":1,"value":-1,"x":-71.45,"y":-55.807,"angle":0},{"faceUp":false,"depth":1,"value":-1,"x":84.55,"y":-55.807,"angle":0},{"faceUp":false,"depth":1,"value":-1,"x":-71.45,"y":160.193,"angle":0},{"faceUp":false,"depth":1,"value":-1,"x":84.55,"y":160.193,"angle":0},{"faceUp":false,"depth":1,"value":-1,"x":-262.006,"y":124.19300000000001,"angle":0},{"faceUp":false,"depth":1,"value":-1,"x":-262.006,"y":-19.807000000000002,"angle":0},{"faceUp":false,"depth":1,"value":-1,"x":272.1,"y":124.19300000000001,"angle":0},{"faceUp":false,"depth":1,"value":-1,"x":272.1,"y":-19.807000000000002,"angle":0},{"faceUp":true,"depth":2,"value":-1,"x":6.55,"y":-37.807,"angle":0},{"faceUp":true,"depth":2,"value":-1,"x":6.55,"y":142.193,"angle":0},{"faceUp":true,"depth":2,"value":-1,"x":-110.45,"y":52.19300000000001,"angle":0},{"faceUp":true,"depth":2,"value":-1,"x":123.55,"y":52.19300000000001,"angle":0},{"faceUp":true,"depth":2,"value":-1,"x":-236.006,"y":34.193,"angle":0},{"faceUp":true,"depth":2,"value":-1,"x":246.1,"y":34.193,"angle":0}],"settings":{"disableCombo":false,"cost":2500,"reward":2650,"comboCoinReward":170,"undoCost":[650,975,1300],"stars":[30,200,300],"wildCost":[7500],"cardsInStack":[-1,-1,-1,-1,-1,-1,-1,-1,-1,-1,-1,-1,-1,-1,-1],"comboBonus":[5,4,6,4],"extraCardCost":[5000,7550,10000]}}]],0,0,[],[],[]]