[1,0,0,[["cc.JsonAsset",["_name","json"],1]],[[0,0,1,3]],[[0,"263",{"cards":[{"faceUp":false,"depth":0,"value":-1,"x":198.812,"y":-150.28300000000002,"angle":0},{"faceUp":false,"depth":0,"value":-1,"x":81.812,"y":-150.28300000000002,"angle":0},{"faceUp":false,"depth":0,"value":-1,"x":-125.625,"y":418.2,"angle":15},{"faceUp":false,"depth":0,"value":-1,"x":17.375,"y":418.2,"angle":15},{"faceUp":false,"depth":0,"value":-1,"x":160.375,"y":418.2,"angle":15},{"faceUp":false,"depth":0,"value":-1,"x":-35.188,"y":-150.28300000000002,"angle":0},{"faceUp":true,"depth":0,"value":-1,"x":-35.188,"y":11.716999999999999,"angle":0},{"faceUp":true,"depth":0,"value":-1,"x":-152.188,"y":11.716999999999999,"angle":0},{"faceUp":true,"depth":0,"value":-1,"x":81.812,"y":11.716999999999999,"angle":0},{"faceUp":false,"depth":0,"value":-1,"x":-152.188,"y":-150.28300000000002,"angle":0},{"faceUp":true,"depth":0,"value":-1,"x":198.812,"y":11.716999999999999,"angle":0},{"faceUp":false,"depth":1,"value":-1,"x":-138.625,"y":382.2,"angle":15},{"faceUp":false,"depth":1,"value":-1,"x":147.375,"y":382.2,"angle":15},{"faceUp":false,"depth":1,"value":-1,"x":4.375,"y":382.2,"angle":15},{"faceUp":true,"depth":1,"value":-1,"x":198.812,"y":-276.283,"angle":0},{"faceUp":true,"depth":1,"value":-1,"x":-152.188,"y":-276.283,"angle":0},{"faceUp":true,"depth":1,"value":-1,"x":-35.188,"y":-276.283,"angle":0},{"faceUp":true,"depth":1,"value":-1,"x":81.812,"y":-276.283,"angle":0},{"faceUp":false,"depth":2,"value":-1,"x":-8.625,"y":346.2,"angle":15},{"faceUp":false,"depth":2,"value":-1,"x":134.375,"y":346.2,"angle":15},{"faceUp":false,"depth":2,"value":-1,"x":-151.625,"y":346.2,"angle":15},{"faceUp":false,"depth":3,"value":-1,"x":-8.625,"y":274.2,"angle":-15},{"faceUp":false,"depth":3,"value":-1,"x":134.375,"y":274.2,"angle":-15},{"faceUp":false,"depth":3,"value":-1,"x":-151.625,"y":274.2,"angle":-15},{"faceUp":false,"depth":4,"value":-1,"x":4.375,"y":238.2,"angle":-15},{"faceUp":false,"depth":4,"value":-1,"x":147.375,"y":238.2,"angle":-15},{"faceUp":false,"depth":4,"value":-1,"x":-138.625,"y":238.2,"angle":-15},{"faceUp":true,"depth":5,"value":-1,"x":17.375,"y":202.2,"angle":-15},{"faceUp":true,"depth":5,"value":-1,"x":160.375,"y":202.2,"angle":-15},{"faceUp":true,"depth":5,"value":-1,"x":-125.625,"y":202.2,"angle":-15}],"settings":{"disableCombo":false,"cost":2700,"reward":2850,"comboCoinReward":170,"undoCost":[700,1050,1400],"stars":[30,200,300],"wildCost":[8000],"cardsInStack":[-1,-1,-1,-1,-1,-1,-1,-1,-1,-1,-1,-1,-1,-1,-1,-1,-1,-1,-1,-1,-1,-1],"comboBonus":[5,4,6,4],"extraCardCost":[5500,8250,11000]}}]],0,0,[],[],[]]