[1,0,0,[["cc.JsonAsset",["_name","json"],1]],[[0,0,1,3]],[[0,"73",{"cards":[{"faceUp":false,"depth":0,"value":-1,"x":277.369,"y":13.552,"angle":15},{"faceUp":false,"depth":0,"value":-1,"x":-125.631,"y":-130.448,"angle":0},{"faceUp":false,"depth":0,"value":-1,"x":134.369,"y":-130.448,"angle":0},{"faceUp":false,"depth":0,"value":-1,"x":156.321,"y":340.972,"angle":15},{"faceUp":false,"depth":0,"value":-1,"x":4.369,"y":13.552,"angle":0},{"faceUp":false,"depth":0,"value":-1,"x":-157.028,"y":344.12,"angle":-15},{"faceUp":false,"depth":0,"value":-1,"x":-268.631,"y":13.552,"angle":-15},{"faceUp":false,"depth":1,"value":-1,"x":156.321,"y":304.972,"angle":15},{"faceUp":false,"depth":1,"value":-1,"x":-125.631,"y":-148.448,"angle":0},{"faceUp":false,"depth":1,"value":-1,"x":134.369,"y":-148.448,"angle":0},{"faceUp":false,"depth":1,"value":-1,"x":277.369,"y":-22.448,"angle":15},{"faceUp":false,"depth":1,"value":-1,"x":-157.028,"y":308.12,"angle":-15},{"faceUp":false,"depth":1,"value":-1,"x":-268.631,"y":-22.448,"angle":-15},{"faceUp":false,"depth":1,"value":-1,"x":4.369,"y":-22.448,"angle":0},{"faceUp":false,"depth":2,"value":-1,"x":156.321,"y":268.972,"angle":15},{"faceUp":false,"depth":2,"value":-1,"x":-125.631,"y":-166.448,"angle":0},{"faceUp":false,"depth":2,"value":-1,"x":134.369,"y":-166.448,"angle":0},{"faceUp":false,"depth":2,"value":-1,"x":277.369,"y":-58.448,"angle":15},{"faceUp":false,"depth":2,"value":-1,"x":-157.028,"y":272.12,"angle":-15},{"faceUp":false,"depth":2,"value":-1,"x":-268.631,"y":-58.448,"angle":-15},{"faceUp":true,"depth":2,"value":-1,"x":4.369,"y":-58.448,"angle":0},{"faceUp":false,"depth":3,"value":-1,"x":156.321,"y":232.972,"angle":15},{"faceUp":false,"depth":3,"value":-1,"x":-125.631,"y":-184.448,"angle":0},{"faceUp":false,"depth":3,"value":-1,"x":134.369,"y":-184.448,"angle":0},{"faceUp":false,"depth":3,"value":-1,"x":-268.631,"y":-94.448,"angle":-15},{"faceUp":false,"depth":3,"value":-1,"x":-157.028,"y":236.12,"angle":-15},{"faceUp":false,"depth":3,"value":-1,"x":277.369,"y":-94.448,"angle":15},{"faceUp":false,"depth":4,"value":-1,"x":156.321,"y":178.972,"angle":15},{"faceUp":true,"depth":4,"value":-1,"x":-125.631,"y":-202.448,"angle":0},{"faceUp":true,"depth":4,"value":-1,"x":134.369,"y":-202.448,"angle":0},{"faceUp":false,"depth":4,"value":-1,"x":-157.028,"y":182.12,"angle":-15},{"faceUp":false,"depth":4,"value":-1,"x":-268.631,"y":-148.448,"angle":-15},{"faceUp":false,"depth":4,"value":-1,"x":277.369,"y":-148.448,"angle":15},{"faceUp":true,"depth":5,"value":-1,"x":-268.631,"y":-202.448,"angle":-15},{"faceUp":true,"depth":5,"value":-1,"x":277.369,"y":-202.448,"angle":15},{"faceUp":true,"depth":5,"value":-1,"x":156.321,"y":124.972,"angle":15},{"faceUp":true,"depth":5,"value":-1,"x":-157.028,"y":128.12,"angle":-15}],"settings":{"disableCombo":false,"cost":2000,"reward":2100,"comboCoinReward":150,"undoCost":[500,750,1000],"stars":[30,150,250],"wildCost":[6000],"cardsInStack":[-1,-1,-1,-1,-1,-1,-1,-1,-1,-1,-1,-1,-1,-1,-1,-1,-1,-1,-1,-1,-1,-1,-1],"comboBonus":[5,4,6,4],"extraCardCost":[4000,6000,8000]}}]],0,0,[],[],[]]