[1,0,0,[["cc.JsonAsset",["_name","json"],1]],[[0,0,1,3]],[[0,"53",{"cards":[{"faceUp":false,"depth":0,"value":-1,"x":68.911,"y":284.035,"angle":0},{"faceUp":false,"depth":0,"value":-1,"x":-61.089,"y":284.035,"angle":0},{"faceUp":false,"depth":0,"value":-1,"x":198.911,"y":284.035,"angle":0},{"faceUp":false,"depth":0,"value":-1,"x":-191.089,"y":284.035,"angle":0},{"faceUp":false,"depth":1,"value":-1,"x":-126.089,"y":212.035,"angle":0},{"faceUp":false,"depth":1,"value":-1,"x":3.911,"y":176.035,"angle":0},{"faceUp":false,"depth":1,"value":-1,"x":-256.089,"y":212.035,"angle":0},{"faceUp":false,"depth":1,"value":-1,"x":133.911,"y":212.035,"angle":0},{"faceUp":false,"depth":1,"value":-1,"x":263.911,"y":212.035,"angle":0},{"faceUp":false,"depth":2,"value":-1,"x":198.911,"y":158.035,"angle":0},{"faceUp":false,"depth":2,"value":-1,"x":328.911,"y":158.035,"angle":0},{"faceUp":false,"depth":2,"value":-1,"x":-191.089,"y":158.035,"angle":0},{"faceUp":false,"depth":2,"value":-1,"x":-321.089,"y":158.035,"angle":0},{"faceUp":true,"depth":3,"value":7,"x":263.911,"y":68.035,"angle":0},{"faceUp":true,"depth":3,"value":5,"x":3.911,"y":68.035,"angle":0},{"faceUp":true,"depth":3,"value":9,"x":133.911,"y":68.035,"angle":0},{"faceUp":true,"depth":3,"value":11,"x":-256.089,"y":68.035,"angle":0},{"faceUp":true,"depth":3,"value":10,"x":-126.089,"y":68.035,"angle":0}],"settings":{"disableCombo":false,"cost":1500,"reward":1550,"comboCoinReward":100,"undoCost":[400,600,800],"stars":[30,100,200],"wildCost":[4500],"cardsInStack":[-1,-1,-1,-1,-1,-1,-1,-1,-1,-1,-1,-1,-1,-1,-1],"comboBonus":[5,4,6,4],"extraCardCost":[3000,4500,6000]}}]],0,0,[],[],[]]