[1,0,0,[["cc.JsonAsset",["_name","json"],1]],[[0,0,1,3]],[[0,"278",{"cards":[{"faceUp":false,"depth":0,"value":-1,"x":65.651,"y":440.382,"angle":0},{"faceUp":false,"depth":0,"value":-1,"x":65.651,"y":152.382,"angle":0},{"faceUp":false,"depth":0,"value":-1,"x":223.062,"y":-17.097,"angle":0},{"faceUp":false,"depth":0,"value":-1,"x":119.062,"y":-305.097,"angle":0},{"faceUp":false,"depth":0,"value":-1,"x":-107.374,"y":-17.096,"angle":0},{"faceUp":false,"depth":0,"value":-1,"x":-64.349,"y":440.382,"angle":0},{"faceUp":false,"depth":0,"value":-1,"x":-64.349,"y":152.382,"angle":0},{"faceUp":false,"depth":0,"value":-1,"x":-211.374,"y":-305.096,"angle":0},{"faceUp":false,"depth":1,"value":-1,"x":104.651,"y":404.382,"angle":0},{"faceUp":false,"depth":1,"value":-1,"x":-103.349,"y":188.382,"angle":0},{"faceUp":false,"depth":1,"value":-1,"x":158.062,"y":-17.097,"angle":0},{"faceUp":false,"depth":1,"value":-1,"x":184.062,"y":-305.097,"angle":0},{"faceUp":false,"depth":1,"value":-1,"x":-172.374,"y":-17.096,"angle":0},{"faceUp":false,"depth":1,"value":-1,"x":-103.349,"y":404.382,"angle":0},{"faceUp":false,"depth":1,"value":-1,"x":104.651,"y":188.382,"angle":0},{"faceUp":false,"depth":1,"value":-1,"x":-146.374,"y":-305.096,"angle":0},{"faceUp":true,"depth":2,"value":-1,"x":143.651,"y":368.382,"angle":0},{"faceUp":true,"depth":2,"value":-1,"x":143.651,"y":224.382,"angle":0},{"faceUp":false,"depth":2,"value":-1,"x":93.062,"y":-71.097,"angle":0},{"faceUp":false,"depth":2,"value":-1,"x":236.062,"y":-233.097,"angle":0},{"faceUp":false,"depth":2,"value":-1,"x":-237.374,"y":-71.096,"angle":0},{"faceUp":true,"depth":2,"value":-1,"x":-142.349,"y":368.382,"angle":0},{"faceUp":true,"depth":2,"value":-1,"x":-142.349,"y":224.382,"angle":0},{"faceUp":false,"depth":2,"value":-1,"x":-94.374,"y":-233.096,"angle":0},{"faceUp":false,"depth":3,"value":-1,"x":132.062,"y":-161.097,"angle":0},{"faceUp":false,"depth":3,"value":-1,"x":-198.374,"y":-161.096,"angle":0},{"faceUp":true,"depth":4,"value":-1,"x":184.062,"y":-161.097,"angle":0},{"faceUp":true,"depth":4,"value":-1,"x":-146.374,"y":-161.096,"angle":0}],"settings":{"disableCombo":false,"cost":2700,"reward":2850,"comboCoinReward":170,"undoCost":[700,1050,1400],"stars":[30,200,300],"wildCost":[8000],"cardsInStack":[-1,-1,-1,-1,-1,-1,-1,-1,-1,-1,-1,-1,-1,-1,-1,-1,-1,-1,-1,-1],"comboBonus":[5,4,6,4],"extraCardCost":[5500,8250,11000]}}]],0,0,[],[],[]]