[1,0,0,[["cc.JsonAsset",["_name","json"],1]],[[0,0,1,3]],[[0,"168",{"cards":[{"faceUp":false,"depth":0,"value":-1,"x":123.5,"y":-52,"angle":-5},{"faceUp":false,"depth":0,"value":-1,"x":292.5,"y":-16,"angle":-5},{"faceUp":false,"depth":0,"value":-1,"x":-302.5,"y":-52,"angle":-10},{"faceUp":false,"depth":0,"value":-1,"x":-146.5,"y":-16,"angle":-10},{"faceUp":false,"depth":1,"value":-1,"x":214.5,"y":-34,"angle":-5},{"faceUp":false,"depth":1,"value":-1,"x":-224.5,"y":-34,"angle":-10},{"faceUp":false,"depth":2,"value":-1,"x":305.5,"y":56,"angle":-5},{"faceUp":false,"depth":2,"value":-1,"x":97.5,"y":38,"angle":-5},{"faceUp":false,"depth":2,"value":-1,"x":-315.5,"y":38,"angle":-10},{"faceUp":false,"depth":2,"value":-1,"x":-120.5,"y":56,"angle":-10},{"faceUp":false,"depth":3,"value":-1,"x":162.5,"y":56,"angle":-5},{"faceUp":false,"depth":3,"value":-1,"x":-263.5,"y":56,"angle":-10},{"faceUp":false,"depth":4,"value":-1,"x":227.5,"y":92,"angle":-5},{"faceUp":false,"depth":4,"value":-1,"x":84.5,"y":92,"angle":-5},{"faceUp":false,"depth":4,"value":-1,"x":-198.5,"y":92,"angle":-10},{"faceUp":false,"depth":4,"value":-1,"x":-341.5,"y":92,"angle":-10},{"faceUp":false,"depth":5,"value":-1,"x":370.5,"y":146,"angle":-5},{"faceUp":false,"depth":5,"value":-1,"x":-55.5,"y":146,"angle":-10},{"faceUp":false,"depth":6,"value":-1,"x":292.5,"y":146,"angle":-5},{"faceUp":false,"depth":6,"value":-1,"x":-133.5,"y":146,"angle":-10},{"faceUp":false,"depth":7,"value":-1,"x":214.5,"y":146,"angle":-5},{"faceUp":false,"depth":7,"value":-1,"x":-211.5,"y":146,"angle":-10},{"faceUp":false,"depth":8,"value":-1,"x":-289.5,"y":146,"angle":-10},{"faceUp":false,"depth":8,"value":-1,"x":58.5,"y":146,"angle":-5},{"faceUp":true,"depth":9,"value":-1,"x":-367.5,"y":146,"angle":-10},{"faceUp":true,"depth":9,"value":-1,"x":136.5,"y":146,"angle":-5}],"settings":{"disableCombo":false,"cost":2500,"reward":2650,"comboCoinReward":170,"undoCost":[650,975,1300],"stars":[30,200,300],"wildCost":[7500],"cardsInStack":[-1,-1,-1,-1,-1,-1,-1,-1,-1,-1,-1,-1,-1,-1,-1,-1,-1,-1,-1,-1],"comboBonus":[5,4,6,4],"extraCardCost":[5000,7550,10000]}}]],0,0,[],[],[]]