[1,0,0,[["cc.JsonAsset",["_name","json"],1]],[[0,0,1,3]],[[0,"31",{"cards":[{"faceUp":false,"depth":0,"value":-1,"x":186.493,"y":11.351,"angle":0},{"faceUp":false,"depth":0,"value":-1,"x":69.493,"y":11.351,"angle":0},{"faceUp":false,"depth":0,"value":-1,"x":-44.889,"y":12.909,"angle":0},{"faceUp":false,"depth":0,"value":-1,"x":5.29,"y":332.874,"angle":0},{"faceUp":false,"depth":0,"value":-1,"x":-161.889,"y":12.909,"angle":0},{"faceUp":false,"depth":1,"value":-1,"x":-70.889,"y":-59.091,"angle":0},{"faceUp":false,"depth":1,"value":-1,"x":-187.889,"y":-59.091,"angle":0},{"faceUp":false,"depth":1,"value":-1,"x":95.493,"y":-60.649,"angle":0},{"faceUp":false,"depth":1,"value":-1,"x":212.493,"y":-60.649,"angle":0},{"faceUp":false,"depth":1,"value":-1,"x":135.29,"y":188.874,"angle":15},{"faceUp":false,"depth":1,"value":-1,"x":-124.71,"y":368.874,"angle":15},{"faceUp":false,"depth":1,"value":-1,"x":5.29,"y":314.874,"angle":0},{"faceUp":false,"depth":1,"value":-1,"x":-124.71,"y":188.874,"angle":-15},{"faceUp":false,"depth":1,"value":-1,"x":135.29,"y":368.874,"angle":-15},{"faceUp":false,"depth":2,"value":-1,"x":-96.889,"y":-131.091,"angle":0},{"faceUp":false,"depth":2,"value":-1,"x":-213.889,"y":-131.091,"angle":0},{"faceUp":false,"depth":2,"value":-1,"x":238.493,"y":-132.649,"angle":0},{"faceUp":true,"depth":2,"value":-1,"x":5.29,"y":296.874,"angle":0},{"faceUp":false,"depth":2,"value":1,"x":121.493,"y":-132.649,"angle":0},{"faceUp":false,"depth":2,"value":1,"x":148.29,"y":368.874,"angle":-15},{"faceUp":false,"depth":2,"value":13,"x":-137.71,"y":368.874,"angle":15},{"faceUp":false,"depth":2,"value":1,"x":148.29,"y":188.874,"angle":15},{"faceUp":false,"depth":2,"value":13,"x":-137.71,"y":188.874,"angle":-15},{"faceUp":true,"depth":3,"value":-1,"x":264.493,"y":-204.649,"angle":0},{"faceUp":true,"depth":3,"value":-1,"x":-122.889,"y":-203.091,"angle":0},{"faceUp":true,"depth":3,"value":-1,"x":147.493,"y":-204.649,"angle":0},{"faceUp":false,"depth":3,"value":-1,"x":-137.71,"y":296.874,"angle":0},{"faceUp":false,"depth":3,"value":-1,"x":148.29,"y":296.874,"angle":0},{"faceUp":true,"depth":3,"value":-1,"x":-239.889,"y":-203.091,"angle":0},{"faceUp":true,"depth":4,"value":-1,"x":161.29,"y":296.874,"angle":0},{"faceUp":true,"depth":4,"value":-1,"x":-150.71,"y":296.874,"angle":0}],"settings":{"disableCombo":false,"cost":1500,"reward":1550,"comboCoinReward":100,"undoCost":[200,300,600],"stars":[30,100,200],"wildCost":[2000],"cardsInStack":[-1,-1,-1,-1,-1,-1,-1,-1,-1,-1,-1,-1,-1,-1,-1,-1,-1,-1,-1,-1,-1,-1],"comboBonus":[5,4,6,4],"extraCardCost":[1500,2250,3000]}}]],0,0,[],[],[]]