[1,0,0,[["cc.JsonAsset",["_name","json"],1]],[[0,0,1,3]],[[0,"261",{"cards":[{"faceUp":false,"depth":0,"value":-1,"x":239.827,"y":432.30899999999997,"angle":15},{"faceUp":false,"depth":0,"value":-1,"x":68,"y":1,"angle":0},{"faceUp":true,"depth":0,"value":-1,"x":185,"y":19,"angle":0},{"faceUp":false,"depth":0,"value":-1,"x":-236.10899999999998,"y":437.34000000000003,"angle":-15},{"faceUp":false,"depth":0,"value":-1,"x":-93.10900000000001,"y":437.34000000000003,"angle":-15},{"faceUp":false,"depth":0,"value":-1,"x":96.827,"y":432.30899999999997,"angle":15},{"faceUp":true,"depth":0,"value":-1,"x":-166,"y":-269,"angle":0},{"faceUp":false,"depth":0,"value":-1,"x":-49,"y":-251,"angle":0},{"faceUp":false,"depth":0,"value":-1,"x":68,"y":-251,"angle":0},{"faceUp":true,"depth":0,"value":-1,"x":-166,"y":19,"angle":0},{"faceUp":false,"depth":0,"value":-1,"x":-49,"y":1,"angle":0},{"faceUp":true,"depth":0,"value":-1,"x":185,"y":-269,"angle":0},{"faceUp":false,"depth":1,"value":-1,"x":96.827,"y":396.30899999999997,"angle":15},{"faceUp":false,"depth":1,"value":-1,"x":-93.10900000000001,"y":401.34000000000003,"angle":-15},{"faceUp":false,"depth":1,"value":-1,"x":-236.10899999999998,"y":401.34000000000003,"angle":-15},{"faceUp":true,"depth":1,"value":-1,"x":68,"y":-125,"angle":0},{"faceUp":true,"depth":1,"value":-1,"x":-49,"y":-125,"angle":0},{"faceUp":false,"depth":1,"value":-1,"x":239.827,"y":396.30899999999997,"angle":15},{"faceUp":false,"depth":2,"value":-1,"x":-93.10900000000001,"y":365.34,"angle":-15},{"faceUp":false,"depth":2,"value":-1,"x":-236.10899999999998,"y":365.34,"angle":-15},{"faceUp":false,"depth":2,"value":-1,"x":239.827,"y":360.309,"angle":15},{"faceUp":false,"depth":2,"value":-1,"x":96.827,"y":360.309,"angle":15},{"faceUp":false,"depth":3,"value":-1,"x":-93.10900000000001,"y":293.34,"angle":15},{"faceUp":false,"depth":3,"value":-1,"x":-236.10899999999998,"y":293.34,"angle":15},{"faceUp":false,"depth":3,"value":-1,"x":226.827,"y":288.309,"angle":-15},{"faceUp":false,"depth":3,"value":-1,"x":83.827,"y":288.309,"angle":-15},{"faceUp":false,"depth":4,"value":-1,"x":-93.10900000000001,"y":257.34,"angle":15},{"faceUp":false,"depth":4,"value":-1,"x":-236.10899999999998,"y":257.34,"angle":15},{"faceUp":false,"depth":4,"value":-1,"x":226.827,"y":252.30900000000003,"angle":-15},{"faceUp":false,"depth":4,"value":-1,"x":83.827,"y":252.30900000000003,"angle":-15},{"faceUp":true,"depth":5,"value":-1,"x":-93.10900000000001,"y":221.33999999999997,"angle":15},{"faceUp":true,"depth":5,"value":-1,"x":-236.10899999999998,"y":221.33999999999997,"angle":15},{"faceUp":true,"depth":5,"value":-1,"x":226.827,"y":216.30900000000003,"angle":-15},{"faceUp":true,"depth":5,"value":-1,"x":83.827,"y":216.30900000000003,"angle":-15}],"settings":{"disableCombo":false,"cost":2700,"reward":2850,"comboCoinReward":170,"undoCost":[700,1050,1400],"stars":[30,200,300],"wildCost":[8000],"cardsInStack":[-1,-1,-1,-1,-1,-1,-1,-1,-1,-1,-1,-1,-1,-1,-1,-1,-1,-1,-1,-1,-1,-1,-1],"comboBonus":[5,4,6,4],"extraCardCost":[5500,8250,11000]}}]],0,0,[],[],[]]