[1,["c0OEBLVx1GA52nJuYW6dgS","b3Y6IFGSVJsolrAOr768qk","c48suaFWdEW7ladg49cwBl","f7B0dd0DdLtJxHeUbHopSE","eeqEGTb8tA45FaF67OGo86","aaqqbGkcxGpZ2ADF1zoDRp","c7nXUu2ftO4qNIWXj0mVej","d2GJfl6cJOPpuoFhR3lGJT","d0QUJit6NMEKHbY3qvHgri","b8ztuMNpBIrIzwYiZgzblE","adGk9AVhZCQJ1GJQPRhyFZ","d7i3mDHa5OLLMRLa131o6Z","ddVtfuTvhHHr43ahMY2Agr","b0GqkOzY5NK4OM7B8hnFKT","c7NsmENXpAcLQHFbKD5SFY","ddUXBv9OlGcphmKYmlRrn6","b6BALmZ9JPM4sJg8lg7YYc","c2Q3lQlDVCa6fjl1MhFSXB","eaBYUyZuFHhpKX3Sb7air5","b4Wdw2RL9A469SCkOBc3Lt","c8yV4rbe5MmqOFFwr2Jybj","f9m36NXS1Dr5EPIzoSbPAD","cdams2Wg5ExIZZbJIpuAfE","a4zxT68gpCko8vN8sRuUsr","c9bxmpmotAi6Qw0GeiBDV9","b2VlJIL25IBLw13uFXLxK8","c66FdJ881BPomBlYJ9UHiI","bfsR486GNFuphJBYFp1Nvk","afYGr69WdFN6jaF6nyzLz5","d3Ue9Q3gZPpbRAZ17Ltx7H","fdltpeKqpCyLPHiwnRCSyc","aa0DBChkBPA4Mh87fqhxGX","a3zJWC8P1KYoHdKHldJhOC","a26thE6NhG4qb25z406lwW","ec1LfXI9pKLZ20yeqOR94r","ddPuSCcdFOdriEOgGxbhtx","aeSRcPsHBDwJbKXgGtaSaC","b72rUUDKFFh51PGvLqmFmw","b6F2Z2r3dFHJdZz34HX9Hp","f3NfJQgURPb6Ti8rnmyI5h","e31VMRlnZBRb8bbUnRqIDt","f2YIbnpvRGgqMuxqII07zd","c8duCX4PdNTaRgdkff9xUO","f7BgtaqX1MAqBhNer78V8b","d1datzatBLQ670bpJiEkNH","f7MPN6sXpHwrHLVcXVggZa","a6gcNZ0LZHuL3HPgv33FcD","c8jgNMwvNIL7sPnGkNyoY9","dbn3WCY6NH2YsplAg25qiR","dcQ69SSlhB578pALMqcyxS","aa4tcucmtHSpKw76aSgFgg","c1MxdGDwpHGoBUCirBrZJQ"],["_textureSetter"],["cc.SpriteFrame"],0,[[[{"name":"card7","rect":[0,0,100,160],"offset":[0,0],"originalSize":[100,160],"capInsets":[0,0,0,0]}],[0],0,[0],[0],[0]],[[{"name":"card41","rect":[0,0,100,160],"offset":[0,0],"originalSize":[100,160],"capInsets":[0,0,0,0]}],[0],0,[0],[0],[1]],[[{"name":"card33","rect":[0,0,100,160],"offset":[0,0],"originalSize":[100,160],"capInsets":[0,0,0,0]}],[0],0,[0],[0],[2]],[[{"name":"card50","rect":[0,0,100,160],"offset":[0,0],"originalSize":[100,160],"capInsets":[0,0,0,0]}],[0],0,[0],[0],[3]],[[{"name":"card52","rect":[0,0,100,160],"offset":[0,0],"originalSize":[100,160],"capInsets":[0,0,0,0]}],[0],0,[0],[0],[4]],[[{"name":"card30","rect":[0,0,100,160],"offset":[0,0],"originalSize":[100,160],"capInsets":[0,0,0,0]}],[0],0,[0],[0],[5]],[[{"name":"card31","rect":[0,0,100,160],"offset":[0,0],"originalSize":[100,160],"capInsets":[0,0,0,0]}],[0],0,[0],[0],[6]],[[{"name":"card13","rect":[0,0,100,160],"offset":[0,0],"originalSize":[100,160],"capInsets":[0,0,0,0]}],[0],0,[0],[0],[7]],[[{"name":"card49","rect":[0,0,100,160],"offset":[0,0],"originalSize":[100,160],"capInsets":[0,0,0,0]}],[0],0,[0],[0],[8]],[[{"name":"card22","rect":[0,0,100,160],"offset":[0,0],"originalSize":[100,160],"capInsets":[0,0,0,0]}],[0],0,[0],[0],[9]],[[{"name":"card19","rect":[0,0,100,160],"offset":[0,0],"originalSize":[100,160],"capInsets":[0,0,0,0]}],[0],0,[0],[0],[10]],[[{"name":"card5","rect":[0,0,100,160],"offset":[0,0],"originalSize":[100,160],"capInsets":[0,0,0,0]}],[0],0,[0],[0],[11]],[[{"name":"card11","rect":[0,0,100,160],"offset":[0,0],"originalSize":[100,160],"capInsets":[0,0,0,0]}],[0],0,[0],[0],[12]],[[{"name":"card21","rect":[0,0,100,160],"offset":[0,0],"originalSize":[100,160],"capInsets":[0,0,0,0]}],[0],0,[0],[0],[13]],[[{"name":"card8","rect":[0,0,100,160],"offset":[0,0],"originalSize":[100,160],"capInsets":[0,0,0,0]}],[0],0,[0],[0],[14]],[[{"name":"card42","rect":[0,0,100,160],"offset":[0,0],"originalSize":[100,160],"capInsets":[0,0,0,0]}],[0],0,[0],[0],[15]],[[{"name":"card47","rect":[0,0,100,160],"offset":[0,0],"originalSize":[100,160],"capInsets":[0,0,0,0]}],[0],0,[0],[0],[16]],[[{"name":"card24","rect":[0,0,100,160],"offset":[0,0],"originalSize":[100,160],"capInsets":[0,0,0,0]}],[0],0,[0],[0],[17]],[[{"name":"card43","rect":[0,0,100,160],"offset":[0,0],"originalSize":[100,160],"capInsets":[0,0,0,0]}],[0],0,[0],[0],[18]],[[{"name":"card17","rect":[0,0,100,160],"offset":[0,0],"originalSize":[100,160],"capInsets":[0,0,0,0]}],[0],0,[0],[0],[19]],[[{"name":"card46","rect":[0,0,100,160],"offset":[0,0],"originalSize":[100,160],"capInsets":[0,0,0,0]}],[0],0,[0],[0],[20]],[[{"name":"card25","rect":[0,0,100,160],"offset":[0,0],"originalSize":[100,160],"capInsets":[0,0,0,0]}],[0],0,[0],[0],[21]],[[{"name":"card39","rect":[0,0,100,160],"offset":[0,0],"originalSize":[100,160],"capInsets":[0,0,0,0]}],[0],0,[0],[0],[22]],[[{"name":"card4","rect":[0,0,100,160],"offset":[0,0],"originalSize":[100,160],"capInsets":[0,0,0,0]}],[0],0,[0],[0],[23]],[[{"name":"card44","rect":[0,0,100,160],"offset":[0,0],"originalSize":[100,160],"capInsets":[0,0,0,0]}],[0],0,[0],[0],[24]],[[{"name":"card32","rect":[0,0,100,160],"offset":[0,0],"originalSize":[100,160],"capInsets":[0,0,0,0]}],[0],0,[0],[0],[25]],[[{"name":"card29","rect":[0,0,100,160],"offset":[0,0],"originalSize":[100,160],"capInsets":[0,0,0,0]}],[0],0,[0],[0],[26]],[[{"name":"card35","rect":[0,0,100,160],"offset":[0,0],"originalSize":[100,160],"capInsets":[0,0,0,0]}],[0],0,[0],[0],[27]],[[{"name":"card48","rect":[0,0,100,160],"offset":[0,0],"originalSize":[100,160],"capInsets":[0,0,0,0]}],[0],0,[0],[0],[28]],[[{"name":"card16","rect":[0,0,100,160],"offset":[0,0],"originalSize":[100,160],"capInsets":[0,0,0,0]}],[0],0,[0],[0],[29]],[[{"name":"card36","rect":[0,0,100,160],"offset":[0,0],"originalSize":[100,160],"capInsets":[0,0,0,0]}],[0],0,[0],[0],[30]],[[{"name":"card18","rect":[0,0,100,160],"offset":[0,0],"originalSize":[100,160],"capInsets":[0,0,0,0]}],[0],0,[0],[0],[31]],[[{"name":"card6","rect":[0,0,100,160],"offset":[0,0],"originalSize":[100,160],"capInsets":[0,0,0,0]}],[0],0,[0],[0],[32]],[[{"name":"joker","rect":[0,0,100,160],"offset":[0,0],"originalSize":[100,160],"capInsets":[0,0,0,0]}],[0],0,[0],[0],[33]],[[{"name":"card37","rect":[0,0,100,160],"offset":[0,0],"originalSize":[100,160],"capInsets":[0,0,0,0]}],[0],0,[0],[0],[34]],[[{"name":"card20","rect":[0,0,100,160],"offset":[0,0],"originalSize":[100,160],"capInsets":[0,0,0,0]}],[0],0,[0],[0],[35]],[[{"name":"card27","rect":[0,0,100,160],"offset":[0,0],"originalSize":[100,160],"capInsets":[0,0,0,0]}],[0],0,[0],[0],[36]],[[{"name":"card10","rect":[0,0,100,160],"offset":[0,0],"originalSize":[100,160],"capInsets":[0,0,0,0]}],[0],0,[0],[0],[37]],[[{"name":"card40","rect":[0,0,100,160],"offset":[0,0],"originalSize":[100,160],"capInsets":[0,0,0,0]}],[0],0,[0],[0],[38]],[[{"name":"card34","rect":[0,0,100,160],"offset":[0,0],"originalSize":[100,160],"capInsets":[0,0,0,0]}],[0],0,[0],[0],[39]],[[{"name":"card2","rect":[0,0,100,160],"offset":[0,0],"originalSize":[100,160],"capInsets":[0,0,0,0]}],[0],0,[0],[0],[40]],[[{"name":"card14","rect":[0,0,100,160],"offset":[0,0],"originalSize":[100,160],"capInsets":[0,0,0,0]}],[0],0,[0],[0],[41]],[[{"name":"card45","rect":[0,0,100,160],"offset":[0,0],"originalSize":[100,160],"capInsets":[0,0,0,0]}],[0],0,[0],[0],[42]],[[{"name":"card38","rect":[0,0,100,160],"offset":[0,0],"originalSize":[100,160],"capInsets":[0,0,0,0]}],[0],0,[0],[0],[43]],[[{"name":"card26","rect":[0,0,100,160],"offset":[0,0],"originalSize":[100,160],"capInsets":[0,0,0,0]}],[0],0,[0],[0],[44]],[[{"name":"card3","rect":[0,0,100,160],"offset":[0,0],"originalSize":[100,160],"capInsets":[0,0,0,0]}],[0],0,[0],[0],[45]],[[{"name":"card28","rect":[0,0,100,160],"offset":[0,0],"originalSize":[100,160],"capInsets":[0,0,0,0]}],[0],0,[0],[0],[46]],[[{"name":"card51","rect":[0,0,100,160],"offset":[0,0],"originalSize":[100,160],"capInsets":[0,0,0,0]}],[0],0,[0],[0],[47]],[[{"name":"card9","rect":[0,0,100,160],"offset":[0,0],"originalSize":[100,160],"capInsets":[0,0,0,0]}],[0],0,[0],[0],[48]],[[{"name":"card15","rect":[0,0,100,160],"offset":[0,0],"originalSize":[100,160],"capInsets":[0,0,0,0]}],[0],0,[0],[0],[49]],[[{"name":"card23","rect":[0,0,100,160],"offset":[0,0],"originalSize":[100,160],"capInsets":[0,0,0,0]}],[0],0,[0],[0],[50]],[[{"name":"card12","rect":[0,0,100,160],"offset":[0,0],"originalSize":[100,160],"capInsets":[0,0,0,0]}],[0],0,[0],[0],[51]]]]