[1,0,0,[["cc.JsonAsset",["_name","json"],1]],[[0,0,1,3]],[[0,"79",{"cards":[{"faceUp":false,"depth":0,"value":-1,"x":-117,"y":291,"angle":0},{"faceUp":false,"depth":0,"value":-1,"x":117,"y":291,"angle":0},{"faceUp":false,"depth":0,"value":-1,"x":117,"y":75,"angle":0},{"faceUp":false,"depth":0,"value":-1,"x":-117,"y":75,"angle":0},{"faceUp":false,"depth":0,"value":-1,"x":-282.603,"y":-132.995,"angle":0},{"faceUp":false,"depth":0,"value":-1,"x":-126.603,"y":-132.995,"angle":0},{"faceUp":false,"depth":0,"value":-1,"x":130.362,"y":-134.906,"angle":0},{"faceUp":false,"depth":0,"value":-1,"x":286.362,"y":-134.906,"angle":0},{"faceUp":false,"depth":1,"value":-1,"x":52,"y":309,"angle":0},{"faceUp":false,"depth":1,"value":-1,"x":-52,"y":57,"angle":0},{"faceUp":false,"depth":1,"value":-1,"x":52,"y":57,"angle":0},{"faceUp":false,"depth":1,"value":-1,"x":-52,"y":309,"angle":0},{"faceUp":false,"depth":1,"value":-1,"x":-156,"y":111,"angle":0},{"faceUp":false,"depth":1,"value":-1,"x":-156,"y":255,"angle":0},{"faceUp":false,"depth":1,"value":-1,"x":156,"y":255,"angle":0},{"faceUp":false,"depth":1,"value":-1,"x":156,"y":111,"angle":0},{"faceUp":false,"depth":1,"value":-1,"x":-282.603,"y":-240.995,"angle":0},{"faceUp":false,"depth":1,"value":-1,"x":-126.603,"y":-240.995,"angle":0},{"faceUp":false,"depth":1,"value":-1,"x":130.362,"y":-242.906,"angle":0},{"faceUp":false,"depth":1,"value":-1,"x":286.362,"y":-242.906,"angle":0},{"faceUp":true,"depth":2,"value":-1,"x":-78,"y":273,"angle":0},{"faceUp":true,"depth":2,"value":-1,"x":78,"y":273,"angle":0},{"faceUp":true,"depth":2,"value":-1,"x":78,"y":93,"angle":0},{"faceUp":true,"depth":2,"value":-1,"x":-78,"y":93,"angle":0},{"faceUp":false,"depth":2,"value":-1,"x":-269.603,"y":-150.995,"angle":0},{"faceUp":false,"depth":2,"value":-1,"x":-139.603,"y":-150.995,"angle":0},{"faceUp":false,"depth":2,"value":-1,"x":143.362,"y":-152.906,"angle":0},{"faceUp":false,"depth":2,"value":-1,"x":273.362,"y":-152.906,"angle":0},{"faceUp":false,"depth":3,"value":-1,"x":-269.603,"y":-222.995,"angle":0},{"faceUp":false,"depth":3,"value":-1,"x":-139.603,"y":-222.995,"angle":0},{"faceUp":false,"depth":3,"value":-1,"x":143.362,"y":-224.906,"angle":0},{"faceUp":false,"depth":3,"value":-1,"x":273.362,"y":-224.906,"angle":0},{"faceUp":false,"depth":4,"value":-1,"x":-204.603,"y":-204.995,"angle":0},{"faceUp":false,"depth":4,"value":-1,"x":208.362,"y":-206.906,"angle":0},{"faceUp":true,"depth":5,"value":-1,"x":-204.603,"y":-168.995,"angle":0},{"faceUp":true,"depth":5,"value":-1,"x":208.362,"y":-170.906,"angle":0}],"settings":{"disableCombo":false,"cost":2000,"reward":2100,"comboCoinReward":150,"undoCost":[500,750,1000],"stars":[30,150,250],"wildCost":[6000],"cardsInStack":[-1,-1,-1,-1,-1,-1,-1,-1,-1,-1,-1,-1,-1,-1,-1,-1,-1,-1,-1,-1,-1,-1],"comboBonus":[5,4,6,4],"extraCardCost":[4000,6000,8000]}}]],0,0,[],[],[]]