[1,0,0,[["cc.JsonAsset",["_name","json"],1]],[[0,0,1,3]],[[0,"171",{"cards":[{"faceUp":false,"depth":0,"value":-1,"x":0,"y":257,"angle":0},{"faceUp":false,"depth":0,"value":-1,"x":287.545,"y":-217.844,"angle":5},{"faceUp":false,"depth":0,"value":-1,"x":-79.57,"y":-212.966,"angle":-5},{"faceUp":false,"depth":1,"value":-1,"x":52,"y":203,"angle":0},{"faceUp":false,"depth":1,"value":-1,"x":-52,"y":203,"angle":0},{"faceUp":false,"depth":1,"value":-1,"x":235.545,"y":-217.844,"angle":5},{"faceUp":false,"depth":1,"value":-1,"x":-131.57,"y":-212.966,"angle":-5},{"faceUp":false,"depth":2,"value":-1,"x":0,"y":149,"angle":0},{"faceUp":false,"depth":2,"value":-1,"x":104,"y":149,"angle":0},{"faceUp":false,"depth":2,"value":-1,"x":-104,"y":149,"angle":0},{"faceUp":false,"depth":2,"value":-1,"x":170.545,"y":-217.844,"angle":5},{"faceUp":false,"depth":2,"value":-1,"x":-196.57,"y":-212.966,"angle":-5},{"faceUp":false,"depth":3,"value":-1,"x":-104,"y":95,"angle":0},{"faceUp":false,"depth":3,"value":-1,"x":0,"y":95,"angle":0},{"faceUp":false,"depth":3,"value":-1,"x":104,"y":95,"angle":0},{"faceUp":false,"depth":3,"value":-1,"x":105.545,"y":-217.844,"angle":5},{"faceUp":false,"depth":3,"value":-1,"x":-261.57,"y":-212.966,"angle":-5},{"faceUp":false,"depth":4,"value":-1,"x":-104,"y":41,"angle":0},{"faceUp":false,"depth":4,"value":-1,"x":0,"y":41,"angle":0},{"faceUp":false,"depth":4,"value":-1,"x":104,"y":41,"angle":0},{"faceUp":false,"depth":4,"value":-1,"x":208,"y":41,"angle":0},{"faceUp":false,"depth":4,"value":-1,"x":312,"y":41,"angle":0},{"faceUp":false,"depth":4,"value":-1,"x":-208,"y":41,"angle":0},{"faceUp":false,"depth":4,"value":-1,"x":-312,"y":41,"angle":0},{"faceUp":true,"depth":4,"value":-1,"x":274.545,"y":-253.844,"angle":5},{"faceUp":true,"depth":4,"value":-1,"x":-92.57,"y":-248.966,"angle":-5},{"faceUp":true,"depth":5,"value":-1,"x":-364,"y":-13,"angle":0},{"faceUp":true,"depth":5,"value":-1,"x":-260,"y":-13,"angle":0},{"faceUp":true,"depth":5,"value":-1,"x":-156,"y":-13,"angle":0},{"faceUp":true,"depth":5,"value":-1,"x":-52,"y":-13,"angle":0},{"faceUp":true,"depth":5,"value":-1,"x":52,"y":-13,"angle":0},{"faceUp":true,"depth":5,"value":-1,"x":156,"y":-13,"angle":0},{"faceUp":true,"depth":5,"value":-1,"x":260,"y":-13,"angle":0},{"faceUp":true,"depth":5,"value":-1,"x":364,"y":-13,"angle":0},{"faceUp":true,"depth":5,"value":-1,"x":196.545,"y":-253.844,"angle":5},{"faceUp":true,"depth":5,"value":-1,"x":-170.57,"y":-248.966,"angle":-5},{"faceUp":true,"depth":6,"value":-1,"x":131.545,"y":-253.844,"angle":5},{"faceUp":true,"depth":6,"value":-1,"x":-235.57,"y":-248.966,"angle":-5}],"settings":{"disableCombo":false,"cost":2500,"reward":2650,"comboCoinReward":170,"undoCost":[650,975,1300],"stars":[30,200,300],"wildCost":[7500],"cardsInStack":[-1,-1,-1,-1,-1,-1,-1,-1,-1,-1,-1,-1,-1,-1,-1,-1,-1,-1,-1,-1,-1,-1,-1,-1,-1,-1,-1,-1],"comboBonus":[5,4,6,4],"extraCardCost":[5000,7550,10000]}}]],0,0,[],[],[]]