[1,0,0,[["cc.JsonAsset",["_name","json"],1]],[[0,0,1,3]],[[0,"116",{"cards":[{"faceUp":false,"depth":0,"value":-1,"x":-130,"y":218,"angle":0},{"faceUp":false,"depth":0,"value":-1,"x":-130,"y":74,"angle":0},{"faceUp":false,"depth":0,"value":-1,"x":260,"y":218,"angle":0},{"faceUp":false,"depth":0,"value":-1,"x":260,"y":74,"angle":0},{"faceUp":false,"depth":0,"value":-1,"x":-386,"y":218,"angle":0},{"faceUp":false,"depth":0,"value":-1,"x":-386,"y":74,"angle":0},{"faceUp":false,"depth":0,"value":-1,"x":-260,"y":218,"angle":0},{"faceUp":false,"depth":0,"value":-1,"x":-260,"y":74,"angle":0},{"faceUp":false,"depth":0,"value":-1,"x":386,"y":74,"angle":0},{"faceUp":false,"depth":0,"value":-1,"x":386,"y":218,"angle":0},{"faceUp":false,"depth":0,"value":-1,"x":130,"y":218,"angle":0},{"faceUp":false,"depth":0,"value":-1,"x":130,"y":74,"angle":0},{"faceUp":false,"depth":0,"value":-1,"x":0,"y":218,"angle":0},{"faceUp":false,"depth":0,"value":-1,"x":0,"y":74,"angle":0},{"faceUp":false,"depth":1,"value":-1,"x":-130,"y":146,"angle":0},{"faceUp":false,"depth":1,"value":-1,"x":-130,"y":-34,"angle":0},{"faceUp":false,"depth":1,"value":-1,"x":260,"y":146,"angle":0},{"faceUp":false,"depth":1,"value":-1,"x":260,"y":-34,"angle":0},{"faceUp":false,"depth":1,"value":-1,"x":-386,"y":146,"angle":0},{"faceUp":false,"depth":1,"value":-1,"x":-386,"y":-34,"angle":0},{"faceUp":false,"depth":1,"value":-1,"x":-260,"y":146,"angle":0},{"faceUp":false,"depth":1,"value":-1,"x":-260,"y":-34,"angle":0},{"faceUp":false,"depth":1,"value":-1,"x":386,"y":146,"angle":0},{"faceUp":false,"depth":1,"value":-1,"x":386,"y":-34,"angle":0},{"faceUp":false,"depth":1,"value":-1,"x":130,"y":146,"angle":0},{"faceUp":false,"depth":1,"value":-1,"x":130,"y":-34,"angle":0},{"faceUp":false,"depth":1,"value":-1,"x":0,"y":146,"angle":0},{"faceUp":false,"depth":1,"value":-1,"x":0,"y":-34,"angle":0},{"faceUp":true,"depth":2,"value":-1,"x":-195,"y":164,"angle":0},{"faceUp":true,"depth":2,"value":-1,"x":65,"y":-16,"angle":0},{"faceUp":true,"depth":2,"value":-1,"x":195,"y":-16,"angle":0},{"faceUp":true,"depth":2,"value":-1,"x":-325,"y":164,"angle":0},{"faceUp":true,"depth":2,"value":-1,"x":195,"y":164,"angle":0},{"faceUp":true,"depth":2,"value":-1,"x":-65,"y":164,"angle":0},{"faceUp":true,"depth":2,"value":-1,"x":-195,"y":-16,"angle":0},{"faceUp":true,"depth":2,"value":-1,"x":325,"y":164,"angle":0},{"faceUp":true,"depth":2,"value":-1,"x":65,"y":164,"angle":0},{"faceUp":true,"depth":2,"value":-1,"x":-325,"y":-16,"angle":0},{"faceUp":true,"depth":2,"value":-1,"x":325,"y":-16,"angle":0},{"faceUp":true,"depth":2,"value":-1,"x":-65,"y":-16,"angle":0}],"settings":{"disableCombo":false,"cost":2200,"reward":2400,"comboCoinReward":170,"undoCost":[500,750,1000],"stars":[30,200,300],"wildCost":[6500],"cardsInStack":[-1,-1,-1,-1,-1,-1,-1,-1,-1,-1,-1,-1,-1,-1,-1,-1,-1,-1,-1,-1,-1,-1,-1,-1,-1,-1,-1,-1,-1],"comboBonus":[5,4,6,4],"extraCardCost":[4500,6750,9000]}}]],0,0,[],[],[]]