[1,0,0,[["cc.JsonAsset",["_name","json"],1]],[[0,0,1,3]],[[0,"284",{"cards":[{"faceUp":false,"depth":0,"value":-1,"x":56.874,"y":325.448,"angle":0},{"faceUp":false,"depth":0,"value":-1,"x":160.874,"y":271.448,"angle":0},{"faceUp":false,"depth":0,"value":-1,"x":-47.126,"y":325.448,"angle":0},{"faceUp":false,"depth":0,"value":-1,"x":-151.126,"y":271.448,"angle":0},{"faceUp":false,"depth":0,"value":-1,"x":4.874,"y":181.448,"angle":0},{"faceUp":false,"depth":0,"value":-1,"x":155.221,"y":-138,"angle":0},{"faceUp":false,"depth":0,"value":-1,"x":-145.473,"y":-138,"angle":0},{"faceUp":true,"depth":1,"value":-1,"x":4.874,"y":253.44799999999998,"angle":0},{"faceUp":true,"depth":1,"value":-1,"x":108.874,"y":181.448,"angle":0},{"faceUp":true,"depth":1,"value":-1,"x":-99.126,"y":181.448,"angle":0},{"faceUp":false,"depth":1,"value":-1,"x":194.221,"y":-120,"angle":0},{"faceUp":false,"depth":1,"value":-1,"x":-184.473,"y":-120,"angle":0},{"faceUp":false,"depth":2,"value":-1,"x":233.221,"y":-102,"angle":0},{"faceUp":false,"depth":2,"value":-1,"x":-223.473,"y":-102,"angle":0},{"faceUp":false,"depth":2,"value":-1,"x":-314.473,"y":60,"angle":0},{"faceUp":false,"depth":2,"value":-1,"x":-210.473,"y":60,"angle":0},{"faceUp":false,"depth":2,"value":-1,"x":220.221,"y":60,"angle":0},{"faceUp":false,"depth":2,"value":-1,"x":324.221,"y":60,"angle":0},{"faceUp":false,"depth":3,"value":-1,"x":272.221,"y":-84,"angle":0},{"faceUp":false,"depth":3,"value":-1,"x":-262.473,"y":-84,"angle":0},{"faceUp":false,"depth":3,"value":-1,"x":-262.473,"y":60,"angle":0},{"faceUp":false,"depth":3,"value":-1,"x":272.221,"y":60,"angle":0},{"faceUp":true,"depth":4,"value":-1,"x":311.221,"y":-66,"angle":0},{"faceUp":true,"depth":4,"value":-1,"x":-301.473,"y":-66,"angle":0}],"settings":{"disableCombo":false,"cost":2700,"reward":2850,"comboCoinReward":170,"undoCost":[700,1050,1400],"stars":[30,200,300],"wildCost":[8000],"cardsInStack":[-1,-1,-1,-1,-1,-1,-1,-1,-1,-1,-1,-1,-1,-1,-1,-1,-1,-1],"comboBonus":[5,4,6,4],"extraCardCost":[5500,8250,11000]}}]],0,0,[],[],[]]