[1,0,0,[["cc.JsonAsset",["_name","json"],1]],[[0,0,1,3]],[[0,"232",{"cards":[{"faceUp":true,"depth":0,"value":-1,"x":-191.32,"y":99,"angle":0},{"faceUp":true,"depth":0,"value":-1,"x":-321.32,"y":99,"angle":0},{"faceUp":false,"depth":0,"value":-1,"x":-321.32,"y":-63,"angle":0},{"faceUp":false,"depth":0,"value":-1,"x":-191.32,"y":-63,"angle":0},{"faceUp":true,"depth":0,"value":-1,"x":328.68,"y":99,"angle":0},{"faceUp":true,"depth":0,"value":-1,"x":198.68,"y":99,"angle":0},{"faceUp":false,"depth":0,"value":-1,"x":198.68,"y":-63,"angle":0},{"faceUp":false,"depth":0,"value":-1,"x":328.68,"y":-63,"angle":0},{"faceUp":true,"depth":0,"value":-1,"x":3.68,"y":-9,"angle":-10},{"faceUp":false,"depth":1,"value":-1,"x":-321.32,"y":-81,"angle":0},{"faceUp":false,"depth":1,"value":-1,"x":-191.32,"y":-81,"angle":0},{"faceUp":false,"depth":1,"value":-1,"x":198.68,"y":-81,"angle":0},{"faceUp":false,"depth":1,"value":-1,"x":328.68,"y":-81,"angle":0},{"faceUp":true,"depth":1,"value":-1,"x":3.68,"y":-9,"angle":-20},{"faceUp":true,"depth":2,"value":-1,"x":-321.32,"y":-99,"angle":0},{"faceUp":true,"depth":2,"value":-1,"x":-191.32,"y":-99,"angle":0},{"faceUp":true,"depth":2,"value":-1,"x":198.68,"y":-99,"angle":0},{"faceUp":true,"depth":2,"value":-1,"x":328.68,"y":-99,"angle":0},{"faceUp":true,"depth":2,"value":-1,"x":3.68,"y":-9,"angle":-30},{"faceUp":true,"depth":3,"value":-1,"x":3.68,"y":-9,"angle":-40}],"settings":{"disableCombo":false,"cost":2600,"reward":2750,"comboCoinReward":170,"undoCost":[650,975,1300],"stars":[30,200,300],"wildCost":[7800],"cardsInStack":[-1,-1,-1,-1,-1,-1,-1,-1,-1,-1,-1,-1,-1],"comboBonus":[5,4,6,4],"extraCardCost":[5000,7550,10000]}}]],0,0,[],[],[]]