[1,0,0,[["cc.JsonAsset",["_name","json"],1]],[[0,0,1,3]],[[0,"152",{"cards":[{"faceUp":false,"depth":0,"value":-1,"x":208.459,"y":46.848,"angle":0},{"faceUp":false,"depth":0,"value":-1,"x":338.459,"y":46.848,"angle":0},{"faceUp":false,"depth":0,"value":-1,"x":-64.541,"y":226.848,"angle":0},{"faceUp":false,"depth":0,"value":-1,"x":65.459,"y":226.848,"angle":0},{"faceUp":false,"depth":0,"value":-1,"x":-337.541,"y":46.848,"angle":0},{"faceUp":false,"depth":0,"value":-1,"x":-207.541,"y":46.848,"angle":0},{"faceUp":false,"depth":1,"value":-1,"x":273.459,"y":28.848,"angle":0},{"faceUp":false,"depth":1,"value":-1,"x":0.4590000000000001,"y":208.848,"angle":0},{"faceUp":false,"depth":1,"value":-1,"x":-272.541,"y":28.848,"angle":0},{"faceUp":false,"depth":2,"value":-1,"x":208.459,"y":10.848,"angle":0},{"faceUp":false,"depth":2,"value":-1,"x":338.459,"y":10.848,"angle":0},{"faceUp":false,"depth":2,"value":-1,"x":65.459,"y":190.848,"angle":0},{"faceUp":false,"depth":2,"value":-1,"x":-64.541,"y":190.848,"angle":0},{"faceUp":false,"depth":2,"value":-1,"x":-207.541,"y":10.848,"angle":0},{"faceUp":false,"depth":2,"value":-1,"x":-337.541,"y":10.848,"angle":0},{"faceUp":false,"depth":3,"value":-1,"x":273.459,"y":-7.152,"angle":0},{"faceUp":false,"depth":3,"value":-1,"x":0.4590000000000001,"y":172.848,"angle":0},{"faceUp":false,"depth":3,"value":-1,"x":-272.541,"y":-7.152,"angle":0},{"faceUp":false,"depth":3,"value":-1,"x":312.459,"y":208.848,"angle":0},{"faceUp":false,"depth":3,"value":-1,"x":-311.541,"y":208.848,"angle":0},{"faceUp":false,"depth":4,"value":-1,"x":208.459,"y":-25.152,"angle":0},{"faceUp":false,"depth":4,"value":-1,"x":338.459,"y":-25.152,"angle":0},{"faceUp":false,"depth":4,"value":-1,"x":-64.541,"y":154.848,"angle":0},{"faceUp":false,"depth":4,"value":-1,"x":65.459,"y":154.848,"angle":0},{"faceUp":false,"depth":4,"value":-1,"x":-337.541,"y":-25.152,"angle":0},{"faceUp":false,"depth":4,"value":-1,"x":-207.541,"y":-25.152,"angle":0},{"faceUp":false,"depth":4,"value":-1,"x":286.459,"y":208.848,"angle":0},{"faceUp":false,"depth":4,"value":-1,"x":-285.541,"y":208.848,"angle":0},{"faceUp":true,"depth":5,"value":-1,"x":273.459,"y":-25.152,"angle":0},{"faceUp":true,"depth":5,"value":-1,"x":0.4590000000000001,"y":154.848,"angle":0},{"faceUp":true,"depth":5,"value":-1,"x":-272.541,"y":-25.152,"angle":0},{"faceUp":true,"depth":5,"value":-1,"x":260.459,"y":208.848,"angle":0},{"faceUp":true,"depth":5,"value":-1,"x":-259.541,"y":208.848,"angle":0}],"settings":{"disableCombo":false,"cost":2200,"reward":2400,"comboCoinReward":170,"undoCost":[500,750,1000],"stars":[30,200,300],"wildCost":[6500],"cardsInStack":[-1,-1,-1,-1,-1,-1,-1,-1,-1,-1,-1,-1,-1,-1,-1,-1,-1,-1,-1,-1,-1,-1,-1,-1],"comboBonus":[5,4,6,4],"extraCardCost":[4500,6750,9000]}}]],0,0,[],[],[]]