[1,0,0,[["cc.JsonAsset",["_name","json"],1]],[[0,0,1,3]],[[0,"166",{"cards":[{"faceUp":false,"depth":0,"value":-1,"x":-64.066,"y":85.618,"angle":0},{"faceUp":false,"depth":0,"value":-1,"x":65.934,"y":85.618,"angle":0},{"faceUp":false,"depth":1,"value":-1,"x":-129.066,"y":175.618,"angle":0},{"faceUp":false,"depth":1,"value":-1,"x":-129.066,"y":-4.382,"angle":0},{"faceUp":false,"depth":1,"value":-1,"x":130.934,"y":175.618,"angle":0},{"faceUp":false,"depth":1,"value":-1,"x":130.934,"y":-4.382,"angle":0},{"faceUp":false,"depth":2,"value":-1,"x":182.934,"y":85.618,"angle":0},{"faceUp":false,"depth":2,"value":-1,"x":-181.066,"y":85.618,"angle":0},{"faceUp":false,"depth":2,"value":-1,"x":-181.066,"y":229.618,"angle":0},{"faceUp":false,"depth":2,"value":-1,"x":-181.066,"y":-58.382,"angle":0},{"faceUp":false,"depth":2,"value":-1,"x":182.934,"y":229.618,"angle":0},{"faceUp":false,"depth":2,"value":-1,"x":182.934,"y":-58.382,"angle":0},{"faceUp":true,"depth":2,"value":-1,"x":0.9339999999999999,"y":85.618,"angle":-20},{"faceUp":false,"depth":3,"value":-1,"x":-233.066,"y":175.618,"angle":0},{"faceUp":false,"depth":3,"value":-1,"x":-233.066,"y":-4.382,"angle":0},{"faceUp":false,"depth":3,"value":-1,"x":234.934,"y":-4.382,"angle":0},{"faceUp":false,"depth":3,"value":-1,"x":234.934,"y":175.618,"angle":0},{"faceUp":false,"depth":4,"value":-1,"x":299.934,"y":229.618,"angle":0},{"faceUp":false,"depth":4,"value":-1,"x":299.934,"y":85.618,"angle":0},{"faceUp":false,"depth":4,"value":-1,"x":299.934,"y":-58.382,"angle":0},{"faceUp":false,"depth":4,"value":-1,"x":-298.066,"y":85.618,"angle":0},{"faceUp":false,"depth":4,"value":-1,"x":-298.066,"y":229.618,"angle":0},{"faceUp":false,"depth":4,"value":-1,"x":-298.066,"y":-58.382,"angle":0},{"faceUp":true,"depth":5,"value":-1,"x":-350.066,"y":-4.382,"angle":0},{"faceUp":true,"depth":5,"value":-1,"x":-350.066,"y":175.618,"angle":0},{"faceUp":true,"depth":5,"value":-1,"x":351.934,"y":175.618,"angle":0},{"faceUp":true,"depth":5,"value":-1,"x":351.934,"y":-4.382,"angle":0}],"settings":{"disableCombo":false,"cost":2200,"reward":2400,"comboCoinReward":170,"undoCost":[500,750,1000],"stars":[30,200,300],"wildCost":[6500],"cardsInStack":[-1,-1,-1,-1,-1,-1,-1,-1,-1,-1,-1,-1,-1,-1,-1,-1,-1,-1,-1,-1],"comboBonus":[5,4,6,4],"extraCardCost":[4500,6750,9000]}}]],0,0,[],[],[]]