[1,["ecpdLyjvZBwrvm+cedCcQy","2ai4iSoltLA4ntIjhTxjM4","07its+m9tDWKCWtDnCtlql","29FYIk+N1GYaeWH/q1NxQO","a10uMKjF9CHao4Y1cT787x","00StXi5m1BB7CL5GC3T+2i","54HnpKBGVAe6wNY/sn/dsa","bfqNY6y15LlZ1h1IjxwWKy","82p5iJsRJKRqZIv0hjaJ7t","f759zje+JDh4q/UGJuptOx","fcApXU1KhDGKVqr9bLUeyj","e1LI0HIshFYoypGWj8EngN","eekS17Da9HVoHgYdfT1xEZ","dfjvQsgdtI841JxeMS37i5","fcge5mljBC8JGIbLWBA125","caekfCfVFHHpfsUafcYT0O","e3YlsA8MRNu5Lz0j7zyssn","d2MDTPHLZKRqaCJ03rkGx1","df2bqd8EBEYpBtC5ILPBNO","7dFVp16jVIXp7m/4pQrWnw","be+4WvlDFNybjgpj0Sbh/j","dfmCPq/ABDR5FTOvxpPJy3","5aG0RHI8RDK7Q7QYQMr7VR","1cEW2XD0NIp6veRjE5AhcO","8c04yJallMXoyCEbXWz7YT","00AdFDmZtN8I+8OBtIIKPz","228pl4q/1OzqpYeK8EVtTu","edjb9ojxZGZL+ZEMFoIrGD","abXu/o+OhFFKLizLABIpdn","1cdkb1nV9LQpQPWLOhewVD","f2yg9/gcJMZrhR3FMXdRb9","13NsaARctFI7ICHxdQpM6T","c5H4IHI5VKCaw+Hg+VSzjw","efZGBfE65PxIYgnNNJmyYc","81Af8y3jJBHZIT0RPawrim","429NCVjexLYrvBOBmroZsm","82L7dPti1N9JRqb1v21qX2","1b+CK+6/VEp7ThcVoV6Jks","a6oam9IlVPBpaMzTvXf5wW","20YxhJ/G9PwoGD3MbiSSco","1aETbF56NAgYroY7tPdTCA","f1vDAr+hBNeasFL+vobw7A","35kF3DcchFnJbNxasgLlGf","472hkEykxCh4ZujfPehxQ7","daDxSNrf9AW6vMsOxV7Ey1","aadqTvpTtFEIhNL7ATeGlp","e7pM4Mjj1N85xI3SDDxtNT","73p1037wxLWKy15YTKZWhw","0eZ722rHBGRZRxMAA+aLWc","0ee4fEHLlHJY7U2EDv1mtQ","68MT+41ndNmYUqcY5BNYK1","04QRCVLX1Lf6bPONVYV8N1","b5MXDwNPJFt6USMTkwmacw","76sCmNRjtJU7TzchhD6MVE","81JVSV3AVI2ZB8n/M7rf09","9dhAQa+KRLmqlvlwibii+l","d5wYv3FHZBbp9GYgEbDQ3I","54XhN7Fv5DHaZWYmOZazKc","b2F1kdJKFMfKYeMoEgXAK7","03ylAPeopFxrGBDIwxmFW8","27FxRIJblJrYMnwlQdP8B/","40aFViRANGHrA9sFYZBswn","62ODBfTCVOyrmaJYlSaYFX","d0nf5Z0aBCXJ9PFkwAl1xV","44eht6gtJC+qdommTSVgSy","31T31OWoJKeq4onmpq4za6","77QZZhsSVDTYSHJP51MiZ1","14nY05yYdKsKa9bbviLDLo","060+NzSsRJULLtJYFk71S8","e9mpmbvbpDa5M+zMb+P7U/","081N0IcV5GFoSwQE9UOzI/","4aX3xRcNlHBbWTi+R9tHDb","f0BIwQ8D5Ml7nTNQbh1YlS","808Z5OI6lDN7Xi7dguzUqE","8472Bhq4JMjbMcIz8t5u7b","84JJsd/gVMhqTK47xw4Jvb","74nfvgPZ5OmbePH+gz2fgo","371u9CpjJKf5lb+7DlCAqD","d5zm91zZ1BX4NLZ+ZijOCG","937Mq6qF9Aa6Xi1TiKoGf9","e2kC5P+LVAH75tuRSRgGJs","0f+nylkPBFUrtd3ROwU8iV","04ynvq7JVGbo0zaAnrZZP4","7fSOwdD8NB2o0YJWDFCYIj","a496CSnF9HhqIIFuKi3ftd"],["node","_spriteFrame","_textureSetter","_N$file","_N$normalSprite","_N$disabledSprite","target","_parent","root","shopNode","flyGoldTemp","flyGold","cardparent","streakBonus","starMgr","btnUndo","btnMoreCards","btnJoker","jokerPos","currentPos","stackPos","factory","sprite","spGray","spNormal","label","_N$target","data","jokercard","background","backgroundRandom"],[["cc.Node",["_name","_active","_prefab","_components","_contentSize","_parent","_trs","_children","_anchorPoint","_color"],1,4,9,5,1,7,2,5,5],"cc.SpriteFrame",["cc.Sprite",["_sizeMode","_type","_isTrimmedMode","_enabled","_fillRange","node","_materials","_spriteFrame"],-2,1,3,6],["cc.Label",["_string","_fontSize","_lineHeight","_isSystemFontUsed","_styleFlags","_N$horizontalAlign","_N$verticalAlign","node","_materials","_N$file"],-4,1,3,6],["cc.Node",["_name","_parent","_components","_prefab","_contentSize","_children","_anchorPoint","_trs"],2,1,2,4,5,2,5,7],["cc.Button",["node","clickEvents","_N$normalSprite","_N$disabledSprite","_N$normalColor","_N$disabledColor","_N$target"],3,1,9,6,6,5,5,1],["cc.Layout",["_resize","_N$layoutType","_N$paddingLeft","_N$paddingRight","_N$spacingX","node","_layoutSize"],-2,1,5],["cc.PrefabInfo",["fileId","root","asset"],2,1,1],["cc.LabelOutline",["_width","node","_color"],2,1,5],["cc.Prefab",["_name"],2],["cc.Node",["_name","_parent","_children","_components","_prefab","_contentSize","_trs"],2,1,2,12,4,5,7],["919ddL98u1DH4wlxbG9tl0f",["node","stackPos","currentPos","jokerPos","btnJoker","btnMoreCards","btnUndo","starMgr","streakBonus","cardparent","flyGold","flyGoldTemp","shopNode"],3,1,1,1,1,1,1,1,1,1,1,1,1,1],["cc.Widget",["_alignFlags","_originalWidth","_originalHeight","node"],0,1],["cc.ClickEvent",["_componentId","handler","target"],1,1],["cfcebnWcUdMX6K+A16zA8dG",["node","sprite","factory"],3,1,1,1],["8086dcrA9xNqZ8ArPCUfhVm",["node","spNormal","spGray"],3,1,1,1],["0b9c9QyqT9B243Smb/yMW0K",["node","label"],3,1,1],["7de39q9VHtHv5PZQjuhggNg",["node","cardTemplate","cardSprite"],3,1,1,3],["8ae62FOWjdPmaqDNKSM7mym",["node","dot","bonus","tAddCards","tJoker","tGold"],3,1,1,1,1,1,1],["cc.ProgressBar",["_N$mode","_N$progress","node","_N$barSprite"],1,1,1],["7658dO1CYpI97CcJ/kJaOQh",["node","star0","progress"],3,1,1,1]],[[7,0,1,2,2],[0,0,5,3,2,4,6,2],[2,5,6,7,1],[0,0,5,7,3,2,4,6,2],[2,0,2,5,6,7,3],[13,0,1,2,3],[0,0,1,5,3,2,4,6,3],[5,0,1,2,3,1],[0,0,5,3,2,4,8,6,2],[4,0,1,2,3,4,2],[2,0,5,6,7,2],[2,5,6,1],[3,0,2,3,7,8,9,4],[0,0,7,3,2,4,6,2],[0,0,5,7,3,2,4,2],[0,0,5,7,3,2,6,2],[0,0,5,3,2,4,2],[0,0,5,3,2,9,4,6,2],[10,0,1,2,3,4,5,6,2],[12,0,1,2,3,4],[5,0,1,1],[6,0,1,5,6,3],[3,0,1,2,3,7,8,9,5],[8,0,1,2,2],[9,0,2],[0,0,7,2,6,2],[0,0,5,7,3,2,4,8,6,2],[0,0,5,3,2,9,4,2],[4,0,1,5,2,3,2],[4,0,1,2,3,4,6,7,2],[11,0,1,2,3,4,5,6,7,8,9,10,11,12,1],[7,1,2,1],[2,1,0,5,6,7,3],[2,3,1,0,2,5,6,7,5],[2,1,0,4,2,5,6,5],[5,0,1,4,5,6,2,3,1],[14,0,1,2,1],[15,0,1,2,1],[16,0,1,1],[6,0,1,2,3,5,6,5],[6,0,1,4,5,6,4],[3,0,1,2,4,7,8,5],[3,0,1,4,5,6,7,8,6],[3,0,1,5,6,7,8,5],[3,0,2,3,7,8,4],[3,0,3,7,8,9,3],[8,1,2,1],[17,0,1,2,1],[18,0,1,2,3,4,5,1],[19,0,1,2,3,3],[20,0,1,2,1]],[[[{"name":"backcard_3","rect":[0,0,100,160],"offset":[0,0],"originalSize":[100,160],"capInsets":[0,0,0,0]}],[1],0,[0],[2],[11]],[[{"name":"prog1","rect":[0,0,30,30],"offset":[0,0],"originalSize":[30,30],"capInsets":[0,0,0,0]}],[1],0,[0],[2],[12]],[[{"name":"button_extrawords_flash","rect":[0,0,128,127],"offset":[0,0.5],"originalSize":[128,128],"capInsets":[0,0,0,0]}],[1],0,[0],[2],[13]],[[{"name":"joker_ico","rect":[0,6,60,49],"offset":[0,-0.5],"originalSize":[60,60],"capInsets":[0,0,0,0]}],[1],0,[0],[2],[14]],[[{"name":"undo_ico","rect":[3,5,31,25],"offset":[-1.5,2.5],"originalSize":[40,40],"capInsets":[0,0,0,0]}],[1],0,[0],[2],[15]],[[{"name":"2_cards_ico","rect":[0,0,51,59],"offset":[0,0],"originalSize":[51,59],"capInsets":[0,0,0,0]}],[1],0,[0],[2],[16]],[[{"name":"prog","rect":[0,0,30,30],"offset":[0,0],"originalSize":[30,30],"capInsets":[0,0,0,0]}],[1],0,[0],[2],[17]],[[{"name":"coin_small","rect":[15,17,61,60],"offset":[0.5,-2],"originalSize":[90,90],"capInsets":[0,0,0,0]}],[1],0,[0],[2],[18]],[[[24,"Game"],[13,"Layer",[-16,-17,-18,-19,-20,-21,-22,-23,-24,-25,-26,-27],[[30,-14,-13,-12,-11,-10,-9,-8,-7,-6,-5,-4,-3,-2],[19,45,1334,750,-15]],[31,-1,0],[5,750,1334],[375,667,0,0,0,0,1,1,1,1]],[18,"STREAK BONUS",1,[-32,-33,-34],[[[32,1,0,-28,[68],69],-29,[20,-31,[[5,"8ae62FOWjdPmaqDNKSM7mym","test",-30]]]],4,1,4],[0,"a9dVPH8qZPM49p35IS4mpe",1,0],[5,400,128],[168.568,585.117,0,0,0,0,1,1,1,0]],[3,"btnmorecards",1,[-37,-38,-39],[[4,0,false,-35,[88],89],[7,-36,[[5,"919ddL98u1DH4wlxbG9tl0f","onAddCards",1]],90,91]],[0,"c9Tn7184VLLInMdY7iMT8e",1,0],[5,128,128],[-143.523,-395.293,0,0,0,0,1,1,1,0]],[3,"btnundo",1,[-42,-43,-44],[[7,-40,[[5,"919ddL98u1DH4wlxbG9tl0f","onCLickUndo",1]],98,99],[4,0,false,-41,[100],101]],[0,"b9dcEUtntKoos411y025xS",1,0],[5,128,128],[-302.158,-395.293,0,0,0,0,1,1,1,0]],[3,"btnjoker",1,[-47,-48,-49],[[4,0,false,-45,[108],109],[7,-46,[[5,"919ddL98u1DH4wlxbG9tl0f","onCLickJoker",1]],110,111]],[0,"96oK9zgbRKd5yJ19nJX0Rl",1,0],[5,128,128],[302,-395.293,0,0,0,0,1,1,1,0]],[13,"cardtemp",[-55],[[20,-51,[[5,"cfcebnWcUdMX6K+A16zA8dG","onClick",-50]]],[36,-54,-53,-52]],[0,"7aSAcdLiFNn5rZGOULaHSx",1,0],[5,100,160],[-843.574,-516.196,0,0,0,0,1,1,1,1]],[3,"blank_icon",2,[-57,-58,-59],[[2,-56,[65],66]],[0,"d3D4k5SzZOnbsQvHJxfHkv",1,0],[5,128,128],[136.473,0,0,0,0,0,1,1,1,1]],[14,"card",7,[-61,-62],[[10,0,-60,[63],64]],[0,"8c0kPD00pEdKiRm5BFptg3",1,0],[5,60,70]],[25,"cardparent",[-63,-64,-65],[0,"28tjkEa5ND+aQc8B+c8LUe",1,0],[0,0,0,0,0,0,1,0.85,0.85,1]],[18,"STARS",1,[-68,-69],[[[4,0,false,-66,[120],121],-67],4,1],[0,"22EcZe7rZCOaPz5rdv8h9z",1,0],[5,300,15],[-11.214,485,0,0,0,0,1,1,1,1]],[15,"New Node",10,[-73,-74],[[37,-72,-71,-70]],[0,"2a5ayOfqlBxpk4DJuvh92m",1,0],[0,0,0,0,0,0,1,0.3,0.3,1]],[15,"shopButton",1,[-77,-78],[[38,-76,-75]],[0,"2cwUkd8pRNdo5vdSRsf/pN",1,0],[-95.514,586.314,0,0,0,0,1,1,1,1]],[3,"飞金币",1,[-80,-81],[[21,1,1,-79,[5,60,43.13]]],[0,"082nRg/RBLhYSbWZSe4pcc",1,0],[5,60,43.13],[-863.34,-388.541,0,0,0,0,1,1,1,1]],[3,"joker_ico",3,[-83,-84],[[10,0,-82,[82],83]],[0,"74ZSkjGb1Jga9tpTovtK4G",1,0],[5,60,70],[-1.996,15.199,0,0,0,0,1,1,1,1]],[3,"setting",1,[-87],[[7,-85,[[5,"919ddL98u1DH4wlxbG9tl0f","onClickOptions",1]],113,114],[4,0,false,-86,[115],116]],[0,"eeVStf909DQ5r9BNwQJ7tR",1,0],[5,128,128],[301.395,-543.463,0,0,0,0,1,1,1,0]],[26,"Image_1",12,[-90],[[33,false,1,0,false,-88,[125],126],[21,1,1,-89,[5,243,128]]],[0,"16ozkmoNROdqQZsLnwFvWq",1,0],[5,243,128],[0,1,0.5],[-33,0,0,0,0,0,1,1,1,1]],[3,"New Layout",16,[-92,-93],[[39,1,1,20,40,-91,[5,243,150]]],[0,"3a8T0zU8FHZbqDpW0D6gmt",1,0],[5,243,150],[-121.5,0,0,0,0,0,1,1,1,1]],[3,"shop",12,[-96],[[7,-94,[[5,"919ddL98u1DH4wlxbG9tl0f","onClickShop",1]],128,129],[4,0,false,-95,[130],131]],[0,"5bluPreJ9Eoa4G35EtTw6G",1,0],[5,128,128],[0,0,0,0,0,0,1,1,1,0]],[28,"cardfactory",1,[6],[-97],[0,"adBSf8MCRGyZKRATUgfnmL",1,0]],[3,"New Node",2,[-99],[[40,1,1,2,-98,[5,25,200]]],[0,"1aMLjisapIXord7LCJw2Af",1,0],[5,25,200],[-45,-17.179,0,0,0,0,1,1,1,1]],[16,"button_extrawords_flash",20,[[10,0,-100,[53],54]],[0,"edtxDRaClB/6JOBloubDVI",1,0],[5,25,25]],[1,"joker_card",7,[[2,-101,[55],56]],[0,"69Eox64N5HcYakZzImeT7x",1,0],[5,60,49],[2.641,-1.105,0,0,0,0,1,1,1,1]],[16,"coin",7,[[2,-102,[57],58]],[0,"faTqKHBedCU7CpDWWVhOQJ",1,0],[5,61,60]],[17,"label",2,[[41,"Combo Reward",30,28,1,-103,[67]],[23,2,-104,[4,4278712310]]],[0,"a5wMBZ/PtMC5pmwrqr/n6A",1,0],[4,4278190324],[5,224.02,39.28],[-45,15.958,0,0,0,0,1,1,1,1]],[14,"cardlayer",1,[9],[[19,45,1334,750,-105]],[0,"55yJFbnw9AFZEFkjkGWrYL",1,0],[5,750,1334]],[6,"Node_joker",false,9,[[2,-106,[70],71]],[0,"3bxmKUJ/pCIoqjkRfDgajt",1,0],[5,100,160],[354,-460,0,0,0,0,1,1,1,1]],[6,"Node_1",false,9,[[2,-107,[72],73]],[0,"76QCA14s9Kj5plhlongZ4Y",1,0],[5,100,160],[-91,-460,0,0,0,0,1,1,1,1]],[6,"Node_2",false,9,[[2,-108,[74],75]],[0,"13CQXFBiVACJP9yXKtgDTJ",1,0],[5,100,160],[24,-460,0,0,0,0,1,1,1,1]],[1,"翻牌区域",1,[[35,-110,[[5,"919ddL98u1DH4wlxbG9tl0f","onClickNext",1]],[4,4293322470],[4,3363338360],-109,76,77]],[0,"9aooJC7vRPzqdVM8/n0vpT",1,0],[5,170,152],[-117.075,-394.772,0,0,0,0,1,1,1,1]],[17,"New Label",15,[[42,"SET",35,3,1,1,-111,[112]],[46,-112,[4,4278714357]]],[0,"a7nfykC9VDK5Ge0BoJI5XU",1,0],[4,4291166983],[5,77.50947964969615,52.4],[2.644,0,0,0,0,0,1,1,1,1]],[9,"progress",10,[-113,-114],[0,"f2+TmcPt1MOKd3IiaIVNla",1,0],[5,300,15]],[27,"New Label",18,[[43,"SHOP",28,1,1,-115,[127]],[23,2,-116,[4,4278255091]]],[0,"3dcIyJ88xE3rsXN+p0zUpv",1,0],[4,4278716646],[5,83.35,54.4]],[6,"font_coin",false,1,[[2,-117,[132],133]],[0,"0aVv2BJFpN37UZlKh071g8",1,0],[5,64,64],[-854.927,-272.203,0,0,0,0,1,1,1,1]],[9,"sprite",6,[-118],[0,"93EzjyTMNP5bvHTIHWID0o",1,0],[5,100,160]],[11,34,[0]],[47,19,6,[1,2,3,4,5,6,7,8,9,10,11,12,13,14,15,16,17,18,19,20,21,22,23,24,25,26,27,28,29,30,31,32,33,34,35,36,37,38,39,40,41,42,43,44,45,46,47,48,49,50,51,52]],[6,"tooltip_bg",false,8,[[2,-119,[59],60]],[0,"ebOQF6BOpO1b4Gd2p/5NfM",1,0],[5,48,49],[22.884,17.972,0,0,0,0,1,0.8,0.5,0.8]],[6,"count",false,8,[[22,"+5",27,30,false,-120,[61],62]],[0,"344Otp7pRPsbTE8tIGoO61",1,0],[5,31.05,30],[23.043,21.943,0,0,0,0,1,1,1,1]],[48,2,21,7,8,22,23],[1,"tooltip_bg",14,[[2,-121,[78],79]],[0,"0a6TMp8+1HR65HQB5fWhhh",1,0],[5,48,49],[22.884,17.972,0,0,0,0,1,0.8,0.5,0.8]],[1,"count",14,[[22,"+5",27,30,false,-122,[80],81]],[0,"c0OqXk9q1NmqbDNnt5ovsG",1,0],[5,31.05,30],[23.043,21.943,0,0,0,0,1,1,1,1]],[8,"label",3,[[12,"100",48,false,-123,[84],85]],[0,"c314OIKU5F9YbBOfH/uICC",1,0],[5,70,48],[0,1,0.5],[11.113,-29.393,0,0,0,0,1,0.7,0.7,1]],[1,"Image_2",3,[[4,0,false,-124,[86],87]],[0,"3cjNKOgYhHVacNTLd/Txt6",1,0],[5,24,24],[21.7029,-29.3926,0,0,0,0,1,1,1,1]],[1,"undo_ico",4,[[10,0,-125,[92],93]],[0,"93AmNawY5IPZyk6obKHLIs",1,0],[5,55,54],[0.222,15,0,0,0,0,1,1,1,1]],[8,"label",4,[[12,"100",48,false,-126,[94],95]],[0,"b1F2sN711I14LAa154SKMA",1,0],[5,70,48],[0,1,0.5],[11.522,-29.393,0,0,0,0,1,0.7,0.7,1]],[1,"Image_2",4,[[4,0,false,-127,[96],97]],[0,"6f8m8ySrJO4bmbn6The5qU",1,0],[5,24,24],[21.7029,-29.3926,0,0,0,0,1,1,1,1]],[1,"joker_ico",5,[[2,-128,[102],103]],[0,"c4XIC1botCYoLEQjOZawuj",1,0],[5,60,49],[-0.94,12.685,0,0,0,0,1,1,1,1]],[8,"label",5,[[12,"100",48,false,-129,[104],105]],[0,"22BuvGZVZPtYDar3oOOdnj",1,0],[5,70,48],[0,1,0.5],[11.522,-29.393,0,0,0,0,1,0.7,0.7,1]],[1,"Image_2",5,[[4,0,false,-130,[106],107]],[0,"caD6o44fBHrZ9tRUGEIh45",1,0],[5,24,24],[21.7029,-29.3926,0,0,0,0,1,1,1,1]],[34,3,0,0.53,false,31,[117]],[49,2,0.53,31,50],[9,"star2",11,[-131],[0,"27ZEZOacdMGr9zOdl7CsF3",1,0],[5,161,164]],[11,52,[118]],[9,"star1",11,[-132],[0,"c2SUq2mbFK5rIUpi4N+sUf",1,0],[5,161,164]],[11,54,[119]],[50,10,11,51],[1,"coin",17,[[4,2,false,-133,[122],123]],[0,"77RTvYVldNF6ullyqJMz3v",1,0],[5,45,45],[-79,0,0,0,0,0,1,1,1,1]],[29,"label",17,[-134],[0,"d3gA8DNExPFqrquBBUkJ34",1,0],[5,138,48],[0,0,0.5],[-56.5,2.277,0,0,0,0,1,1,1,1]],[44,"111111",48,false,58,[124]],[1,"gold",13,[[2,-135,[134],135]],[0,"ce6NX8q95Hw5AxurMlLqPi",1,0],[5,37,37],[-11.5,-4.63,0,0,0,0,1,1,1,1]],[8,"label",13,[[45,"1",false,-136,[136],137]],[0,"10ODEe0A5Pr77EWO2J9zva",1,0],[5,23,40],[0,0,0.5],[7,0,0,0,0,0,1,1,1,1]]],0,[0,8,1,0,9,12,0,10,33,0,11,13,0,12,9,0,13,39,0,14,56,0,15,4,0,16,3,0,17,5,0,18,26,0,19,28,0,20,27,0,0,1,0,0,1,0,-1,19,0,-2,2,0,-3,25,0,-4,29,0,-5,3,0,-6,4,0,-7,5,0,-8,15,0,-9,10,0,-10,12,0,-11,33,0,-12,13,0,0,2,0,-2,39,0,6,2,0,0,2,0,-1,20,0,-2,7,0,-3,24,0,0,3,0,0,3,0,-1,14,0,-2,42,0,-3,43,0,0,4,0,0,4,0,-1,44,0,-2,45,0,-3,46,0,0,5,0,0,5,0,-1,47,0,-2,48,0,-3,49,0,6,6,0,0,6,0,21,36,0,22,35,0,0,6,0,-1,34,0,0,7,0,-1,22,0,-2,23,0,-3,8,0,0,8,0,-1,37,0,-2,38,0,-1,26,0,-2,27,0,-3,28,0,0,10,0,-2,56,0,-1,31,0,-2,11,0,23,55,0,24,53,0,0,11,0,-1,52,0,-2,54,0,25,59,0,0,12,0,-1,16,0,-2,18,0,0,13,0,-1,60,0,-2,61,0,0,14,0,-1,40,0,-2,41,0,0,15,0,0,15,0,-1,30,0,0,16,0,0,16,0,-1,17,0,0,17,0,-1,57,0,-2,58,0,0,18,0,0,18,0,-1,32,0,-1,36,0,0,20,0,-1,21,0,0,21,0,0,22,0,0,23,0,0,24,0,0,24,0,0,25,0,0,26,0,0,27,0,0,28,0,26,29,0,0,29,0,0,30,0,0,30,0,-1,50,0,-2,51,0,0,32,0,0,32,0,0,33,0,-1,35,0,0,37,0,0,38,0,0,40,0,0,41,0,0,42,0,0,43,0,0,44,0,0,45,0,0,46,0,0,47,0,0,48,0,0,49,0,-1,53,0,-1,55,0,0,57,0,-1,59,0,0,60,0,0,61,0,27,1,6,7,19,9,7,25,136],[0,0,0,0,0,0,0,0,0,0,0,0,0,0,0,0,0,0,0,0,0,0,0,0,0,0,0,0,0,0,0,0,0,0,0,0,0,0,0,0,0,0,0,0,0,0,0,0,0,0,0,0,0,0,0,0,0,0,0,0,0,0,0,0,0,0,0,0,0,0,0,0,0,0,0,0,0,0,0,0,0,0,0,0,0,0,0,0,0,0,0,0,0,0,0,0,0,0,0,0,0,0,0,0,0,0,0,0,0,0,0,0,0,0,0,0,0,0,0,0,0,0,0,0,0,0,0,0,0,0,0,0,0,0,0,0,0,0,35,36,36,36,50,53,55,59],[-1,-1,-2,-3,-4,-5,-6,-7,-8,-9,-10,-11,-12,-13,-14,-15,-16,-17,-18,-19,-20,-21,-22,-23,-24,-25,-26,-27,-28,-29,-30,-31,-32,-33,-34,-35,-36,-37,-38,-39,-40,-41,-42,-43,-44,-45,-46,-47,-48,-49,-50,-51,-52,-1,1,-1,1,-1,1,-1,1,-1,3,-1,1,-1,1,-1,-1,1,-1,1,-1,1,-1,1,4,5,-1,1,-1,3,-1,1,-1,3,-1,1,-1,1,4,5,-1,1,-1,3,-1,1,4,5,-1,1,-1,1,-1,3,-1,1,-1,1,4,5,-1,4,5,-1,1,-1,-1,-1,-1,1,-1,1,-1,-1,1,-1,4,5,-1,1,-1,1,-1,1,-1,3,1,28,29,30,1,1,1,3],[0,19,20,21,22,23,24,25,26,27,28,29,30,31,32,33,34,35,36,37,38,39,40,41,42,43,44,45,46,47,48,49,50,51,52,53,54,55,56,57,58,59,60,61,62,63,64,65,66,67,68,69,70,0,71,0,6,0,4,0,7,0,2,0,8,0,1,0,0,1,0,5,0,5,0,5,72,3,0,7,0,2,0,8,0,2,0,4,0,1,1,3,0,73,0,2,0,4,1,3,0,1,0,6,0,2,0,4,0,1,1,3,0,74,3,0,1,0,0,0,0,75,0,9,0,0,76,0,77,3,0,1,0,78,0,9,0,2,10,79,10,80,81,82,83,2]],[[{"name":"score_beaten_down_bg","rect":[0,0,48,49],"offset":[0,0],"originalSize":[48,49],"capInsets":[0,0,0,0]}],[1],0,[0],[2],[84]]]]