[1,["ecpdLyjvZBwrvm+cedCcQy","fcApXU1KhDGKVqr9bLUeyj","f0BIwQ8D5Ml7nTNQbh1YlS","a2MjXRFdtLlYQ5ouAFv/+R","7dFVp16jVIXp7m/4pQrWnw","29FYIk+N1GYaeWH/q1NxQO","02delMVqdBD70a/HSD99FK"],["node","_spriteFrame","_parent","root","sprite","data","_N$normalSprite","_N$disabledSprite","_textureSetter"],[["cc.Node",["_name","_objFlags","_is3DNode","_groupIndex","_prefab","_components","_trs","_parent","_contentSize","_children","_eulerAngles","_anchorPoint","_color"],-1,4,9,7,1,5,2,5,5,5],["cc.Sprite",["_sizeMode","_type","node","_materials","_spriteFrame"],1,1,3,6],["cc.Widget",["_alignFlags","alignMode","_originalWidth","_originalHeight","node"],-1,1],["cc.Button",["node","clickEvents","_N$normalColor","_N$disabledColor","_N$target","_N$normalSprite","_N$disabledSprite"],3,1,9,5,5,1,6,6],["cc.ClickEvent",["_componentId","handler","target"],1,1],["cc.Animation",["playOnLoad","node"],2,1],"cc.SpriteFrame",["cc.Prefab",["_name"],2],["cc.Node",["_name","_is3DNode","_children","_components","_prefab","_contentSize"],1,2,12,4,5],["daa5b391jNNLal9QlNgGLUp",["node","sprite"],3,1,1],["cc.PrefabInfo",["fileId","root"],2,1],["0b9c9QyqT9B243Smb/yMW0K",["node"],3,1],["cc.Camera",["_cullingMask","_depth","_farClip","_ortho","_alignWithScreen","node"],-2,1],["cc.Label",["_string","_fontSize","_enableWrapText","_N$horizontalAlign","_N$verticalAlign","_N$overflow","_N$cacheMode","node","_materials"],-4,1,3]],[[10,0,1,2],[1,2,3,4,1],[0,0,7,5,4,8,6,2],[7,0,2],[0,0,9,5,4,8,6,2],[0,0,1,9,5,4,8,3],[0,0,2,3,5,4,8,11,6,10,4],[0,0,7,9,5,4,6,2],[0,0,7,9,5,4,8,6,2],[0,0,3,7,9,4,6,10,3],[0,0,2,7,5,4,6,3],[0,0,7,9,4,6,2],[0,0,7,5,4,8,2],[0,0,1,7,5,4,12,8,3],[8,0,1,2,3,4,5,3],[9,0,1,1],[2,0,4,2],[2,1,0,2,3,4,5],[3,0,1,1],[3,0,1,2,3,4,5,6,1],[4,0,1,3],[4,0,1,2,3],[5,0,1,2],[5,1,1],[1,1,0,2,3,4,3],[1,0,2,3,4,2],[1,2,3,1],[11,0,1],[12,0,1,2,3,4,5,6],[13,0,1,2,3,4,5,6,7,8,8]],[[[[3,"Test"],[4,"New Node",[-5,-6,-7,-8,-9,-10],[[15,-3,-2],[16,45,-4]],[0,"9bWwg+0rZByI4ZSk7TW4Ge",-1],[5,1334,750],[667,375,0,0,0,0,1,1,1,1]],[14,"sprite",true,[-14],[[-11,[18,-12,[[20,"3ece6m5WaJAZoFV/gsbUfa3","onClickTest1"]]],[22,true,-13]],1,4,4],[0,"f7Sf8cuwxOcrUEwlZSbJ9i",1],[5,100,160]],[5,"Background",512,[-17],[[24,1,0,-15,[10],11],[17,0,45,100,40,-16]],[0,"1cFZDHqUdN5L5LhOQY9+Ky",1],[5,100,40]],[6,"3d",true,1,[[1,-18,[0],1],[23,-19]],[0,"eaGEDomKRO07I9QCGUaHNX",1],[5,100,160],[0,1,0],[0,405.103,165.637,-0.39056062102839184,-0.0057263280375621966,0.013495622238108709,0.9204604709869563,1,1,1],[1,-45.984,0,1.68]],[7,"Gold",1,[-21],[[27,-20]],[0,"050+XhcFNIspB0yuPTjD0C",1],[-667,-375,0,0,0,0,1,1,1,1]],[8,"New Button",1,[3],[[19,-22,[[21,"daa5b391jNNLal9QlNgGLUp","onClick",1]],[4,4293322470],[4,3363338360],3,12,13]],[0,"32uPMG0YZI+5CEEYkcjzUZ",1],[5,100,40],[-16.021,-323.632,0,0,0,0,1,1,1,1]],[9,"New Node",1,1,[4],[0,"36K/kzBI5AwqQprCJ/OcFD",1],[-403.859,-375,-348.254,0,0,0.2572508563461645,0.9663446574122325,1,1,1],[1,-16.538,84.816,29.814]],[2,"2",1,[[1,-23,[2],3]],[0,"1aHkfL8TxNVISPf/oZJunM",1],[5,100,160],[-264.396,0,-427.113,0,0,0,1,1,1,1]],[2,"New Sprite(Splash)",5,[[25,0,-24,[4],5]],[0,"3aQqyMBXdJxIaS09Gytqf3",1],[5,100,100],[578.045,364.017,0,0,0,0,1,1,1,1]],[10,"New 3D Camera",true,1,[[28,2,1,1024,false,false,-25]],[0,"d4OazrAQ1Nj6T2Fn4grndr",1],[0,0,1009.4,0,0,0,1,1,1,1]],[11,"New Node",1,[2],[0,"6dcLXgivVOqrC4ihEPyuoo",1],[81.379,-13.548,0,0,0,0,1,1,1,1]],[12,"card1",2,[[1,-26,[6],7]],[0,"c90K+qFnJC6q0JiWSe9iRh",1],[5,100,160]],[26,2,[8]],[13,"Label",512,3,[[29,"button",20,false,1,1,1,1,-27,[9]]],[0,"1fC7IPoN1JQ48EzRX7Efds",1],[4,4278190080],[5,100,40]]],0,[0,3,1,0,4,13,0,0,1,0,0,1,0,-1,7,0,-2,8,0,-3,5,0,-4,10,0,-5,11,0,-6,6,0,-1,13,0,0,2,0,0,2,0,-1,12,0,0,3,0,0,3,0,-1,14,0,0,4,0,0,4,0,0,5,0,-1,9,0,0,6,0,0,8,0,0,9,0,0,10,0,0,12,0,0,14,0,5,1,2,2,11,3,2,6,4,2,7,27],[0,0,0,0,0,0,0,0,0,0,0,0,0,0,13],[-1,1,-1,1,-1,1,-1,1,-1,-1,-1,1,6,7,1],[0,1,0,1,0,3,0,4,0,0,0,2,2,5,1]],[[{"name":"default_sprite_splash","rect":[0,0,2,2],"offset":[0,0],"originalSize":[2,2],"capInsets":[0,0,0,0]}],[6],0,[0],[8],[6]]]]