[1,0,0,[["cc.JsonAsset",["_name","json"],1]],[[0,0,1,3]],[[0,"177",{"cards":[{"faceUp":false,"depth":0,"value":-1,"x":39.5,"y":-305,"angle":0},{"faceUp":false,"depth":0,"value":-1,"x":-77.5,"y":-305,"angle":0},{"faceUp":false,"depth":0,"value":-1,"x":156.5,"y":-305,"angle":0},{"faceUp":false,"depth":0,"value":-1,"x":-199.61,"y":421.49300000000005,"angle":0},{"faceUp":false,"depth":0,"value":-1,"x":-199.61,"y":277.493,"angle":0},{"faceUp":false,"depth":0,"value":-1,"x":-199.61,"y":133.493,"angle":0},{"faceUp":false,"depth":0,"value":-1,"x":243.37,"y":423.942,"angle":0},{"faceUp":false,"depth":0,"value":-1,"x":243.37,"y":279.942,"angle":0},{"faceUp":false,"depth":0,"value":-1,"x":243.37,"y":135.942,"angle":0},{"faceUp":false,"depth":0,"value":-1,"x":-77.5,"y":-53,"angle":0},{"faceUp":false,"depth":0,"value":-1,"x":39.5,"y":-53,"angle":0},{"faceUp":false,"depth":0,"value":-1,"x":156.5,"y":-53,"angle":0},{"faceUp":false,"depth":1,"value":-1,"x":-25.5,"y":-287,"angle":0},{"faceUp":false,"depth":1,"value":-1,"x":104.5,"y":-287,"angle":0},{"faceUp":false,"depth":1,"value":-1,"x":-147.61,"y":367.49300000000005,"angle":0},{"faceUp":false,"depth":1,"value":-1,"x":-251.61,"y":367.49300000000005,"angle":0},{"faceUp":false,"depth":1,"value":-1,"x":-147.61,"y":187.493,"angle":0},{"faceUp":false,"depth":1,"value":-1,"x":-251.61,"y":187.493,"angle":0},{"faceUp":false,"depth":1,"value":-1,"x":191.37,"y":369.942,"angle":0},{"faceUp":false,"depth":1,"value":-1,"x":191.37,"y":189.942,"angle":0},{"faceUp":false,"depth":1,"value":-1,"x":295.37,"y":189.942,"angle":0},{"faceUp":false,"depth":1,"value":-1,"x":295.37,"y":369.942,"angle":0},{"faceUp":false,"depth":1,"value":-1,"x":-25.5,"y":-71,"angle":0},{"faceUp":false,"depth":1,"value":-1,"x":104.5,"y":-71,"angle":0},{"faceUp":true,"depth":2,"value":-1,"x":39.5,"y":-269,"angle":0},{"faceUp":true,"depth":2,"value":-1,"x":-199.61,"y":277.493,"angle":0},{"faceUp":true,"depth":2,"value":-1,"x":243.37,"y":279.942,"angle":0},{"faceUp":true,"depth":2,"value":-1,"x":39.5,"y":-89,"angle":0}],"settings":{"disableCombo":false,"cost":2500,"reward":2650,"comboCoinReward":170,"undoCost":[650,975,1300],"stars":[30,200,300],"wildCost":[7500],"cardsInStack":[-1,-1,-1,-1,-1,-1,-1,-1,-1,-1,-1,-1,-1,-1,-1,-1,-1,-1,-1,-1,-1],"comboBonus":[5,4,6,4],"extraCardCost":[5000,7550,10000]}}]],0,0,[],[],[]]