[1,0,0,[["cc.JsonAsset",["_name","json"],1]],[[0,0,1,3]],[[0,"103",{"cards":[{"faceUp":false,"depth":0,"value":-1,"x":-283,"y":198,"angle":0},{"faceUp":false,"depth":0,"value":-1,"x":289,"y":198,"angle":0},{"faceUp":false,"depth":0,"value":-1,"x":289,"y":-18,"angle":0},{"faceUp":false,"depth":0,"value":-1,"x":-283,"y":-18,"angle":0},{"faceUp":false,"depth":0,"value":-1,"x":3,"y":144,"angle":0},{"faceUp":false,"depth":0,"value":-1,"x":-18.31,"y":358.783,"angle":0},{"faceUp":false,"depth":0,"value":-1,"x":22.013,"y":-217.851,"angle":0},{"faceUp":false,"depth":1,"value":-1,"x":-283,"y":180,"angle":0},{"faceUp":false,"depth":1,"value":-1,"x":-283,"y":-36,"angle":0},{"faceUp":false,"depth":1,"value":-1,"x":289,"y":-36,"angle":0},{"faceUp":false,"depth":1,"value":-1,"x":289,"y":180,"angle":0},{"faceUp":false,"depth":1,"value":-1,"x":68,"y":108,"angle":0},{"faceUp":false,"depth":1,"value":-1,"x":-62,"y":108,"angle":0},{"faceUp":false,"depth":1,"value":-1,"x":9.013,"y":-217.851,"angle":0},{"faceUp":false,"depth":1,"value":-1,"x":-5.3100000000000005,"y":358.783,"angle":0},{"faceUp":true,"depth":2,"value":-1,"x":-283,"y":162,"angle":0},{"faceUp":true,"depth":2,"value":-1,"x":-283,"y":-54,"angle":0},{"faceUp":true,"depth":2,"value":-1,"x":289,"y":-54,"angle":0},{"faceUp":true,"depth":2,"value":-1,"x":289,"y":162,"angle":0},{"faceUp":false,"depth":2,"value":-1,"x":-3.987,"y":-217.851,"angle":0},{"faceUp":false,"depth":2,"value":-1,"x":-127,"y":72,"angle":0},{"faceUp":false,"depth":2,"value":-1,"x":3,"y":72,"angle":0},{"faceUp":false,"depth":2,"value":-1,"x":7.69,"y":358.783,"angle":0},{"faceUp":false,"depth":2,"value":-1,"x":133,"y":72,"angle":0},{"faceUp":true,"depth":3,"value":-1,"x":20.69,"y":358.783,"angle":0},{"faceUp":true,"depth":3,"value":-1,"x":-16.987,"y":-217.851,"angle":0},{"faceUp":false,"depth":3,"value":-1,"x":-62,"y":36,"angle":0},{"faceUp":false,"depth":3,"value":-1,"x":68,"y":36,"angle":0},{"faceUp":true,"depth":4,"value":-1,"x":3,"y":0,"angle":0}],"settings":{"disableCombo":false,"cost":2200,"reward":2400,"comboCoinReward":170,"undoCost":[500,750,1000],"stars":[30,200,300],"wildCost":[6500],"cardsInStack":[-1,-1,-1,-1,-1,-1,-1,-1,-1,-1,-1,-1,-1,-1,-1,-1,-1,-1,-1,-1],"comboBonus":[5,4,6,4],"extraCardCost":[4500,6750,9000]}}]],0,0,[],[],[]]