[1,0,0,[["cc.JsonAsset",["_name","json"],1]],[[0,0,1,3]],[[0,"74",{"cards":[{"faceUp":false,"depth":0,"value":-1,"x":-60.887,"y":-111.424,"angle":0},{"faceUp":false,"depth":0,"value":-1,"x":-268.887,"y":-111.424,"angle":0},{"faceUp":false,"depth":0,"value":-1,"x":290.739,"y":-254.685,"angle":0},{"faceUp":false,"depth":0,"value":-1,"x":-268.887,"y":-255.424,"angle":0},{"faceUp":false,"depth":0,"value":-1,"x":83.177,"y":122.559,"angle":-15},{"faceUp":false,"depth":0,"value":-1,"x":-59.823,"y":122.559,"angle":15},{"faceUp":false,"depth":0,"value":-1,"x":-60.887,"y":-255.424,"angle":0},{"faceUp":false,"depth":0,"value":-1,"x":186.739,"y":-110.685,"angle":0},{"faceUp":false,"depth":0,"value":-1,"x":109.177,"y":338.559,"angle":15},{"faceUp":false,"depth":0,"value":-1,"x":-72.823,"y":338.559,"angle":-15},{"faceUp":false,"depth":0,"value":-1,"x":-164.887,"y":-111.424,"angle":0},{"faceUp":false,"depth":0,"value":-1,"x":82.739,"y":-254.685,"angle":0},{"faceUp":false,"depth":0,"value":-1,"x":290.739,"y":-110.685,"angle":0},{"faceUp":false,"depth":0,"value":-1,"x":82.739,"y":-110.685,"angle":0},{"faceUp":false,"depth":1,"value":-1,"x":-164.887,"y":-255.424,"angle":0},{"faceUp":false,"depth":1,"value":-1,"x":-59.823,"y":104.559,"angle":15},{"faceUp":false,"depth":1,"value":-1,"x":83.177,"y":104.559,"angle":-15},{"faceUp":false,"depth":1,"value":-1,"x":-72.823,"y":320.559,"angle":-15},{"faceUp":false,"depth":1,"value":-1,"x":109.177,"y":320.559,"angle":15},{"faceUp":false,"depth":1,"value":-1,"x":186.739,"y":-254.685,"angle":0},{"faceUp":false,"depth":2,"value":-1,"x":-99.887,"y":-183.424,"angle":0},{"faceUp":false,"depth":2,"value":-1,"x":-229.887,"y":-183.424,"angle":0},{"faceUp":false,"depth":2,"value":-1,"x":83.177,"y":86.559,"angle":-15},{"faceUp":false,"depth":2,"value":-1,"x":-59.823,"y":86.559,"angle":15},{"faceUp":false,"depth":2,"value":-1,"x":109.177,"y":302.559,"angle":15},{"faceUp":false,"depth":2,"value":-1,"x":-72.823,"y":302.559,"angle":-15},{"faceUp":false,"depth":2,"value":-1,"x":121.739,"y":-182.685,"angle":0},{"faceUp":false,"depth":2,"value":-1,"x":251.73899999999998,"y":-182.685,"angle":0},{"faceUp":false,"depth":3,"value":-1,"x":-164.887,"y":-129.424,"angle":0},{"faceUp":true,"depth":3,"value":-1,"x":-59.823,"y":68.559,"angle":15},{"faceUp":true,"depth":3,"value":-1,"x":83.177,"y":68.559,"angle":-15},{"faceUp":true,"depth":3,"value":-1,"x":-72.823,"y":284.559,"angle":-15},{"faceUp":true,"depth":3,"value":-1,"x":109.177,"y":284.559,"angle":15},{"faceUp":false,"depth":3,"value":-1,"x":186.739,"y":-128.685,"angle":0},{"faceUp":false,"depth":4,"value":-1,"x":-164.887,"y":-237.424,"angle":0},{"faceUp":false,"depth":4,"value":-1,"x":186.739,"y":-236.685,"angle":0},{"faceUp":false,"depth":5,"value":-1,"x":-164.887,"y":-147.424,"angle":0},{"faceUp":false,"depth":5,"value":-1,"x":186.739,"y":-146.685,"angle":0},{"faceUp":true,"depth":6,"value":-1,"x":-164.887,"y":-219.424,"angle":0},{"faceUp":true,"depth":6,"value":-1,"x":186.739,"y":-218.685,"angle":0}],"settings":{"disableCombo":false,"cost":2000,"reward":2100,"comboCoinReward":150,"undoCost":[500,750,1000],"stars":[30,150,250],"wildCost":[6000],"cardsInStack":[-1,-1,-1,-1,-1,-1,-1,-1,-1,-1,-1,-1,-1,-1,-1,-1,-1,-1,-1,-1,-1,-1,-1,-1,-1],"comboBonus":[5,4,6,4],"extraCardCost":[4000,6000,8000]}}]],0,0,[],[],[]]