[1,0,0,[["cc.JsonAsset",["_name","json"],1]],[[0,0,1,3]],[[0,"205",{"cards":[{"faceUp":false,"depth":0,"value":-1,"x":-40.386,"y":43.392,"angle":0},{"faceUp":false,"depth":0,"value":-1,"x":-144.386,"y":43.392,"angle":0},{"faceUp":false,"depth":0,"value":-1,"x":-144.386,"y":-100.608,"angle":0},{"faceUp":false,"depth":0,"value":-1,"x":-40.386,"y":-100.608,"angle":0},{"faceUp":false,"depth":0,"value":-1,"x":-144.386,"y":-244.608,"angle":0},{"faceUp":false,"depth":0,"value":-1,"x":-40.386,"y":-244.608,"angle":0},{"faceUp":false,"depth":0,"value":-1,"x":89.614,"y":43.392,"angle":0},{"faceUp":false,"depth":0,"value":-1,"x":193.614,"y":43.392,"angle":0},{"faceUp":false,"depth":0,"value":-1,"x":193.614,"y":-100.608,"angle":0},{"faceUp":false,"depth":0,"value":-1,"x":89.614,"y":-100.608,"angle":0},{"faceUp":false,"depth":0,"value":-1,"x":89.614,"y":-244.608,"angle":0},{"faceUp":false,"depth":0,"value":-1,"x":193.614,"y":-244.608,"angle":0},{"faceUp":true,"depth":0,"value":-1,"x":191.351,"y":467.281,"angle":5},{"faceUp":true,"depth":0,"value":-1,"x":61.351,"y":467.281,"angle":-10},{"faceUp":true,"depth":0,"value":-1,"x":-55.649,"y":449.281,"angle":-20},{"faceUp":true,"depth":0,"value":-1,"x":-159.649,"y":413.281,"angle":-30},{"faceUp":true,"depth":0,"value":-1,"x":-263.649,"y":377.281,"angle":-35},{"faceUp":false,"depth":1,"value":-1,"x":-92.386,"y":43.392,"angle":0},{"faceUp":false,"depth":1,"value":-1,"x":-92.386,"y":-100.608,"angle":0},{"faceUp":false,"depth":1,"value":-1,"x":-92.386,"y":-244.608,"angle":0},{"faceUp":false,"depth":1,"value":-1,"x":141.614,"y":43.392,"angle":0},{"faceUp":false,"depth":1,"value":-1,"x":141.614,"y":-100.608,"angle":0},{"faceUp":false,"depth":1,"value":-1,"x":141.614,"y":-244.608,"angle":0},{"faceUp":true,"depth":1,"value":-1,"x":178.351,"y":287.281,"angle":5},{"faceUp":true,"depth":1,"value":-1,"x":48.351,"y":287.281,"angle":-10},{"faceUp":true,"depth":1,"value":-1,"x":-68.649,"y":269.281,"angle":-20},{"faceUp":true,"depth":1,"value":-1,"x":-172.649,"y":233.281,"angle":-30},{"faceUp":true,"depth":2,"value":-1,"x":-92.386,"y":-10.608,"angle":-20},{"faceUp":true,"depth":2,"value":-1,"x":-92.386,"y":-208.608,"angle":-20},{"faceUp":true,"depth":2,"value":-1,"x":141.614,"y":-10.608,"angle":-20},{"faceUp":true,"depth":2,"value":-1,"x":141.614,"y":-208.608,"angle":-20},{"faceUp":true,"depth":3,"value":-1,"x":-92.386,"y":-10.608,"angle":20},{"faceUp":true,"depth":3,"value":-1,"x":-92.386,"y":-208.608,"angle":20},{"faceUp":true,"depth":3,"value":-1,"x":141.614,"y":-10.608,"angle":20},{"faceUp":true,"depth":3,"value":-1,"x":141.614,"y":-208.608,"angle":20}],"settings":{"disableCombo":false,"cost":2500,"reward":2650,"comboCoinReward":170,"undoCost":[650,975,1300],"stars":[30,200,300],"wildCost":[7500],"cardsInStack":[-1,-1,-1,-1,-1,-1,-1,-1,-1,-1,-1,-1,-1,-1,-1,-1,-1,-1,-1,-1,-1,-1,-1,-1,-1,-1,-1],"comboBonus":[5,4,6,4],"extraCardCost":[5000,7550,10000]}}]],0,0,[],[],[]]