[1,0,0,[["cc.JsonAsset",["_name","json"],1]],[[0,0,1,3]],[[0,"92",{"cards":[{"faceUp":false,"depth":0,"value":-1,"x":140.19400000000002,"y":433.716,"angle":0},{"faceUp":false,"depth":0,"value":-1,"x":-270.342,"y":5.552,"angle":0},{"faceUp":false,"depth":0,"value":-1,"x":86.65800000000002,"y":5.552,"angle":0},{"faceUp":false,"depth":0,"value":-1,"x":-176.806,"y":433.716,"angle":0},{"faceUp":false,"depth":0,"value":-1,"x":83.194,"y":217.716,"angle":0},{"faceUp":false,"depth":0,"value":-1,"x":-173.342,"y":-210.448,"angle":0},{"faceUp":false,"depth":0,"value":-1,"x":140.65800000000002,"y":-210.448,"angle":0},{"faceUp":false,"depth":0,"value":-1,"x":-269.80600000000004,"y":217.716,"angle":0},{"faceUp":false,"depth":1,"value":-1,"x":179.19400000000002,"y":433.716,"angle":0},{"faceUp":false,"depth":1,"value":-1,"x":-231.342,"y":5.552,"angle":0},{"faceUp":false,"depth":1,"value":-1,"x":125.65800000000002,"y":5.552,"angle":0},{"faceUp":false,"depth":1,"value":-1,"x":-137.806,"y":433.716,"angle":0},{"faceUp":false,"depth":1,"value":-1,"x":122.194,"y":217.716,"angle":0},{"faceUp":false,"depth":1,"value":-1,"x":-134.342,"y":-210.448,"angle":0},{"faceUp":false,"depth":1,"value":-1,"x":179.65800000000002,"y":-210.448,"angle":0},{"faceUp":false,"depth":1,"value":-1,"x":-230.806,"y":217.716,"angle":0},{"faceUp":false,"depth":2,"value":-1,"x":218.194,"y":433.716,"angle":0},{"faceUp":false,"depth":2,"value":-1,"x":-192.34199999999998,"y":5.552,"angle":0},{"faceUp":false,"depth":2,"value":-1,"x":164.658,"y":5.552,"angle":0},{"faceUp":false,"depth":2,"value":-1,"x":-98.806,"y":433.716,"angle":0},{"faceUp":false,"depth":2,"value":-1,"x":161.194,"y":217.716,"angle":0},{"faceUp":false,"depth":2,"value":-1,"x":-95.342,"y":-210.448,"angle":0},{"faceUp":false,"depth":2,"value":-1,"x":218.658,"y":-210.448,"angle":0},{"faceUp":false,"depth":2,"value":-1,"x":-191.80599999999998,"y":217.716,"angle":0},{"faceUp":true,"depth":3,"value":-1,"x":257.19399999999996,"y":433.716,"angle":0},{"faceUp":true,"depth":3,"value":-1,"x":-153.34199999999998,"y":5.552,"angle":0},{"faceUp":true,"depth":3,"value":-1,"x":203.65800000000002,"y":5.552,"angle":0},{"faceUp":true,"depth":3,"value":-1,"x":-59.806,"y":433.716,"angle":0},{"faceUp":true,"depth":3,"value":-1,"x":200.194,"y":217.716,"angle":0},{"faceUp":true,"depth":3,"value":-1,"x":-56.342,"y":-210.448,"angle":0},{"faceUp":true,"depth":3,"value":-1,"x":257.658,"y":-210.448,"angle":0},{"faceUp":true,"depth":3,"value":-1,"x":-152.80599999999998,"y":217.716,"angle":0}],"settings":{"disableCombo":false,"cost":2000,"reward":2100,"comboCoinReward":150,"undoCost":[500,750,1000],"stars":[30,150,250],"wildCost":[6000],"cardsInStack":[-1,-1,-1,-1,-1,-1,-1,-1,-1,-1,-1,-1,-1,-1,-1,-1,-1,-1,-1,-1,-1,-1,-1],"comboBonus":[5,4,6,4],"extraCardCost":[4000,6000,8000]}}]],0,0,[],[],[]]