[1,0,0,[["cc.JsonAsset",["_name","json"],1]],[[0,0,1,3]],[[0,"140",{"cards":[{"faceUp":false,"depth":0,"value":-1,"x":-41,"y":0,"angle":0},{"faceUp":false,"depth":0,"value":-1,"x":89,"y":0,"angle":0},{"faceUp":false,"depth":0,"value":-1,"x":344,"y":177,"angle":0},{"faceUp":false,"depth":0,"value":-1,"x":-343,"y":178,"angle":0},{"faceUp":false,"depth":0,"value":-1,"x":-213,"y":178,"angle":0},{"faceUp":false,"depth":0,"value":-1,"x":-83,"y":178,"angle":0},{"faceUp":false,"depth":0,"value":-1,"x":84,"y":177,"angle":0},{"faceUp":false,"depth":0,"value":-1,"x":214,"y":177,"angle":0},{"faceUp":false,"depth":1,"value":-1,"x":-41,"y":-18,"angle":0},{"faceUp":false,"depth":1,"value":-1,"x":89,"y":-18,"angle":0},{"faceUp":false,"depth":1,"value":-1,"x":344,"y":195,"angle":0},{"faceUp":false,"depth":1,"value":-1,"x":-343,"y":196,"angle":0},{"faceUp":false,"depth":1,"value":-1,"x":-213,"y":196,"angle":0},{"faceUp":false,"depth":1,"value":-1,"x":-83,"y":196,"angle":0},{"faceUp":false,"depth":1,"value":-1,"x":84,"y":195,"angle":0},{"faceUp":false,"depth":1,"value":-1,"x":214,"y":195,"angle":0},{"faceUp":true,"depth":2,"value":-1,"x":-41,"y":-36,"angle":0},{"faceUp":true,"depth":2,"value":-1,"x":89,"y":-36,"angle":0},{"faceUp":false,"depth":2,"value":-1,"x":344,"y":213,"angle":0},{"faceUp":false,"depth":2,"value":-1,"x":-343,"y":214,"angle":0},{"faceUp":false,"depth":2,"value":-1,"x":-213,"y":214,"angle":0},{"faceUp":false,"depth":2,"value":-1,"x":-83,"y":214,"angle":0},{"faceUp":false,"depth":2,"value":-1,"x":84,"y":213,"angle":0},{"faceUp":false,"depth":2,"value":-1,"x":214,"y":213,"angle":0},{"faceUp":true,"depth":3,"value":-1,"x":344,"y":231,"angle":0},{"faceUp":true,"depth":3,"value":-1,"x":-343,"y":232,"angle":0},{"faceUp":true,"depth":3,"value":-1,"x":-213,"y":232,"angle":0},{"faceUp":true,"depth":3,"value":-1,"x":-83,"y":232,"angle":0},{"faceUp":true,"depth":3,"value":-1,"x":84,"y":231,"angle":0},{"faceUp":true,"depth":3,"value":-1,"x":214,"y":231,"angle":0}],"settings":{"disableCombo":false,"cost":2200,"reward":2400,"comboCoinReward":170,"undoCost":[500,750,1000],"stars":[30,200,300],"wildCost":[6500],"cardsInStack":[-1,-1,-1,-1,-1,-1,-1,-1,-1,-1,-1,-1,-1,-1,-1,-1,-1,-1,-1,-1],"comboBonus":[5,4,6,4],"extraCardCost":[4500,6750,9000]}}]],0,0,[],[],[]]