[1,0,0,[["cc.JsonAsset",["_name","json"],1]],[[0,0,1,3]],[[0,"231",{"cards":[{"faceUp":false,"depth":0,"value":-1,"x":-39,"y":109.654,"angle":0},{"faceUp":false,"depth":0,"value":-1,"x":91,"y":109.654,"angle":0},{"faceUp":false,"depth":0,"value":-1,"x":221,"y":109.654,"angle":0},{"faceUp":false,"depth":0,"value":-1,"x":351,"y":109.654,"angle":0},{"faceUp":false,"depth":0,"value":-1,"x":-169,"y":109.654,"angle":0},{"faceUp":false,"depth":0,"value":-1,"x":-299,"y":109.654,"angle":0},{"faceUp":false,"depth":0,"value":-1,"x":-364,"y":-34.346,"angle":0},{"faceUp":false,"depth":0,"value":-1,"x":-234,"y":-34.346,"angle":0},{"faceUp":false,"depth":0,"value":-1,"x":-104,"y":-34.346,"angle":0},{"faceUp":false,"depth":0,"value":-1,"x":26,"y":-34.346,"angle":0},{"faceUp":false,"depth":0,"value":-1,"x":156,"y":-34.346,"angle":0},{"faceUp":false,"depth":0,"value":-1,"x":286,"y":-34.346,"angle":0},{"faceUp":false,"depth":1,"value":-1,"x":-351,"y":145.654,"angle":15},{"faceUp":false,"depth":1,"value":-1,"x":-299,"y":-70.346,"angle":15},{"faceUp":false,"depth":1,"value":-1,"x":-169,"y":-70.346,"angle":15},{"faceUp":false,"depth":1,"value":-1,"x":-39,"y":-70.346,"angle":15},{"faceUp":false,"depth":1,"value":-1,"x":91,"y":-70.346,"angle":15},{"faceUp":false,"depth":1,"value":-1,"x":221,"y":-70.346,"angle":15},{"faceUp":false,"depth":1,"value":-1,"x":351,"y":-70.346,"angle":15},{"faceUp":false,"depth":1,"value":-1,"x":299,"y":145.654,"angle":15},{"faceUp":false,"depth":1,"value":-1,"x":169,"y":145.654,"angle":15},{"faceUp":false,"depth":1,"value":-1,"x":39,"y":145.654,"angle":15},{"faceUp":false,"depth":1,"value":-1,"x":-91,"y":145.654,"angle":15},{"faceUp":false,"depth":1,"value":-1,"x":-221,"y":145.654,"angle":15},{"faceUp":true,"depth":2,"value":-1,"x":-299,"y":37.654,"angle":0},{"faceUp":true,"depth":2,"value":-1,"x":-169,"y":37.654,"angle":0},{"faceUp":true,"depth":2,"value":-1,"x":-39,"y":37.654,"angle":0},{"faceUp":true,"depth":2,"value":-1,"x":91,"y":37.654,"angle":0},{"faceUp":true,"depth":2,"value":-1,"x":221,"y":37.654,"angle":0},{"faceUp":true,"depth":2,"value":-1,"x":351,"y":37.654,"angle":0}],"settings":{"disableCombo":false,"cost":2600,"reward":2750,"comboCoinReward":170,"undoCost":[650,975,1300],"stars":[30,200,300],"wildCost":[7800],"cardsInStack":[-1,-1,-1,-1,-1,-1,-1,-1,-1,-1,-1,-1,-1,-1,-1,-1,-1,-1,-1,-1,-1,-1],"comboBonus":[5,4,6,4],"extraCardCost":[5000,7550,10000]}}]],0,0,[],[],[]]