[1,0,0,[["cc.JsonAsset",["_name","json"],1]],[[0,0,1,3]],[[0,"134",{"cards":[{"faceUp":false,"depth":0,"value":-1,"x":191.94,"y":351.643,"angle":0},{"faceUp":false,"depth":0,"value":-1,"x":-142.809,"y":351.643,"angle":0},{"faceUp":false,"depth":0,"value":-1,"x":-228,"y":-12,"angle":0},{"faceUp":false,"depth":0,"value":-1,"x":-72,"y":-12,"angle":0},{"faceUp":false,"depth":0,"value":-1,"x":110,"y":-12,"angle":0},{"faceUp":false,"depth":0,"value":-1,"x":266,"y":-12,"angle":0},{"faceUp":false,"depth":1,"value":-1,"x":191.94,"y":207.64299999999997,"angle":0},{"faceUp":false,"depth":1,"value":-1,"x":-142.809,"y":207.64299999999997,"angle":0},{"faceUp":false,"depth":1,"value":-1,"x":-228,"y":-156,"angle":0},{"faceUp":false,"depth":1,"value":-1,"x":-72,"y":-156,"angle":0},{"faceUp":false,"depth":1,"value":-1,"x":110,"y":-156,"angle":0},{"faceUp":false,"depth":1,"value":-1,"x":266,"y":-156,"angle":0},{"faceUp":false,"depth":2,"value":-1,"x":178.94,"y":333.643,"angle":0},{"faceUp":false,"depth":2,"value":-1,"x":-155.809,"y":333.643,"angle":0},{"faceUp":false,"depth":2,"value":-1,"x":-241,"y":-30,"angle":0},{"faceUp":false,"depth":2,"value":-1,"x":-85,"y":-30,"angle":0},{"faceUp":false,"depth":2,"value":-1,"x":97,"y":-30,"angle":0},{"faceUp":false,"depth":2,"value":-1,"x":253,"y":-30,"angle":0},{"faceUp":false,"depth":3,"value":-1,"x":178.94,"y":225.64299999999997,"angle":0},{"faceUp":false,"depth":3,"value":-1,"x":-155.809,"y":225.64299999999997,"angle":0},{"faceUp":false,"depth":3,"value":-1,"x":-241,"y":-138,"angle":0},{"faceUp":false,"depth":3,"value":-1,"x":-85,"y":-138,"angle":0},{"faceUp":false,"depth":3,"value":-1,"x":97,"y":-138,"angle":0},{"faceUp":false,"depth":3,"value":-1,"x":253,"y":-138,"angle":0},{"faceUp":true,"depth":5,"value":-1,"x":165.94,"y":279.643,"angle":0},{"faceUp":true,"depth":5,"value":-1,"x":-168.809,"y":279.643,"angle":0},{"faceUp":true,"depth":5,"value":-1,"x":-254,"y":-84,"angle":0},{"faceUp":true,"depth":5,"value":-1,"x":-98,"y":-84,"angle":0},{"faceUp":true,"depth":5,"value":-1,"x":84,"y":-84,"angle":0},{"faceUp":true,"depth":5,"value":-1,"x":240,"y":-84,"angle":0}],"settings":{"disableCombo":false,"cost":2200,"reward":2400,"comboCoinReward":170,"undoCost":[500,750,1000],"stars":[30,200,300],"wildCost":[6500],"cardsInStack":[-1,-1,-1,-1,-1,-1,-1,-1,-1,-1,-1,-1,-1,-1,-1,-1,-1,-1,-1,-1,-1],"comboBonus":[5,4,6,4],"extraCardCost":[4500,6750,9000]}}]],0,0,[],[],[]]