[1,0,0,[["cc.JsonAsset",["_name","json"],1]],[[0,0,1,3]],[[0,"1",{"cards":[{"faceUp":false,"depth":0,"value":3,"x":3.338,"y":269.711,"angle":0},{"faceUp":false,"depth":1,"value":1,"x":-55.642,"y":194.278,"angle":0},{"faceUp":false,"depth":1,"value":2,"x":63.136,"y":195.963,"angle":0},{"faceUp":false,"depth":2,"value":11,"x":-118.278,"y":115.755,"angle":0},{"faceUp":false,"depth":2,"value":12,"x":-1.278,"y":116.755,"angle":0},{"faceUp":false,"depth":2,"value":13,"x":116.722,"y":116.755,"angle":0},{"faceUp":false,"depth":3,"value":7,"x":180.869,"y":43.093,"angle":0},{"faceUp":false,"depth":3,"value":8,"x":63.869,"y":43.093,"angle":0},{"faceUp":false,"depth":3,"value":9,"x":-53.131,"y":43.093,"angle":0},{"faceUp":false,"depth":3,"value":10,"x":-170.131,"y":43.093,"angle":0},{"faceUp":false,"depth":4,"value":2,"x":-235.131,"y":-35.838,"angle":0},{"faceUp":false,"depth":4,"value":6,"x":232.869,"y":-35.838,"angle":0},{"faceUp":false,"depth":4,"value":5,"x":115.869,"y":-35.838,"angle":0},{"faceUp":false,"depth":4,"value":4,"x":-1.131,"y":-35.838,"angle":0},{"faceUp":false,"depth":4,"value":3,"x":-118.131,"y":-35.838,"angle":0},{"faceUp":true,"depth":5,"value":13,"x":180.869,"y":-111.652,"angle":0},{"faceUp":true,"depth":5,"value":1,"x":297.869,"y":-111.652,"angle":0},{"faceUp":true,"depth":5,"value":12,"x":63.869,"y":-111.652,"angle":0},{"faceUp":true,"depth":5,"value":11,"x":-53.131,"y":-111.652,"angle":0},{"faceUp":true,"depth":5,"value":10,"x":-170.131,"y":-111.652,"angle":0},{"faceUp":true,"depth":5,"value":9,"x":-287.131,"y":-111.652,"angle":0}],"settings":{"disableCombo":true,"cost":1000,"reward":1050,"comboCoinReward":50,"undoCost":[100,150,400],"stars":[10,20,40],"wildCost":[500],"cardsInStack":[8],"comboBonus":[4,6,5,4],"extraCardCost":[200,300,500]}}]],0,0,[],[],[]]