[1,0,0,[["cc.JsonAsset",["_name","json"],1]],[[0,0,1,3]],[[0,"120",{"cards":[{"faceUp":false,"depth":0,"value":-1,"x":-318.209,"y":-4.317,"angle":20},{"faceUp":false,"depth":0,"value":-1,"x":214.791,"y":-4.317,"angle":-20},{"faceUp":false,"depth":0,"value":-1,"x":-318.209,"y":211.683,"angle":-20},{"faceUp":false,"depth":0,"value":-1,"x":6.791,"y":229.683,"angle":0},{"faceUp":false,"depth":0,"value":-1,"x":6.791,"y":-22.317,"angle":0},{"faceUp":false,"depth":0,"value":-1,"x":214.791,"y":211.683,"angle":20},{"faceUp":false,"depth":1,"value":-1,"x":-279.209,"y":-4.317,"angle":20},{"faceUp":false,"depth":1,"value":-1,"x":253.791,"y":-4.317,"angle":-20},{"faceUp":false,"depth":1,"value":-1,"x":-279.209,"y":211.683,"angle":-20},{"faceUp":false,"depth":1,"value":-1,"x":6.791,"y":211.683,"angle":0},{"faceUp":false,"depth":1,"value":-1,"x":6.791,"y":-4.317,"angle":0},{"faceUp":false,"depth":1,"value":-1,"x":253.791,"y":211.683,"angle":20},{"faceUp":false,"depth":2,"value":-1,"x":-240.209,"y":-4.317,"angle":20},{"faceUp":false,"depth":2,"value":-1,"x":292.791,"y":-4.317,"angle":-20},{"faceUp":false,"depth":2,"value":-1,"x":-240.209,"y":211.683,"angle":-20},{"faceUp":true,"depth":2,"value":-1,"x":6.791,"y":193.683,"angle":0},{"faceUp":true,"depth":2,"value":-1,"x":6.791,"y":13.683,"angle":0},{"faceUp":false,"depth":2,"value":-1,"x":292.791,"y":211.683,"angle":20},{"faceUp":true,"depth":3,"value":-1,"x":331.791,"y":-4.317,"angle":-20},{"faceUp":true,"depth":3,"value":-1,"x":-201.209,"y":211.683,"angle":-20},{"faceUp":true,"depth":3,"value":-1,"x":331.791,"y":211.683,"angle":20},{"faceUp":true,"depth":3,"value":-1,"x":-201.209,"y":-4.317,"angle":20}],"settings":{"disableCombo":false,"cost":2200,"reward":2400,"comboCoinReward":170,"undoCost":[500,750,1000],"stars":[30,200,300],"wildCost":[6500],"cardsInStack":[-1,-1,-1,-1,-1,-1,-1,-1,-1,-1,-1,-1,-1,-1,-1,-1],"comboBonus":[5,4,6,4],"extraCardCost":[4500,6750,9000]}}]],0,0,[],[],[]]