[1,0,0,[["cc.JsonAsset",["_name","json"],1]],[[0,0,1,3]],[[0,"67",{"cards":[{"faceUp":false,"depth":0,"value":-1,"x":68.047,"y":-129.901,"angle":0},{"faceUp":false,"depth":0,"value":-1,"x":-89.151,"y":308.179,"angle":0},{"faceUp":false,"depth":0,"value":-1,"x":68.047,"y":-273.901,"angle":0},{"faceUp":false,"depth":0,"value":-1,"x":-182,"y":27,"angle":0},{"faceUp":false,"depth":0,"value":-1,"x":182,"y":27,"angle":0},{"faceUp":false,"depth":0,"value":-1,"x":-44.23,"y":-269.421,"angle":0},{"faceUp":false,"depth":0,"value":-1,"x":95.264,"y":310.825,"angle":0},{"faceUp":false,"depth":0,"value":-1,"x":-45.44,"y":-125.421,"angle":0},{"faceUp":false,"depth":1,"value":-1,"x":68.047,"y":-111.901,"angle":0},{"faceUp":false,"depth":1,"value":-1,"x":-44.23,"y":-287.421,"angle":0},{"faceUp":false,"depth":1,"value":-1,"x":68.047,"y":-291.901,"angle":0},{"faceUp":false,"depth":1,"value":-1,"x":-89.151,"y":326.179,"angle":0},{"faceUp":false,"depth":1,"value":-1,"x":182,"y":63,"angle":0},{"faceUp":false,"depth":1,"value":-1,"x":-182,"y":63,"angle":0},{"faceUp":false,"depth":1,"value":-1,"x":182,"y":-81,"angle":0},{"faceUp":false,"depth":1,"value":-1,"x":-182,"y":-81,"angle":0},{"faceUp":false,"depth":1,"value":-1,"x":95.264,"y":328.825,"angle":0},{"faceUp":false,"depth":1,"value":-1,"x":-45.44,"y":-107.421,"angle":0},{"faceUp":true,"depth":2,"value":-1,"x":68.047,"y":-93.901,"angle":0},{"faceUp":false,"depth":2,"value":-1,"x":-44.23,"y":-305.421,"angle":0},{"faceUp":false,"depth":2,"value":-1,"x":68.047,"y":-309.901,"angle":0},{"faceUp":true,"depth":2,"value":-1,"x":-89.151,"y":344.179,"angle":0},{"faceUp":false,"depth":2,"value":-1,"x":-156,"y":81,"angle":0},{"faceUp":false,"depth":2,"value":-1,"x":156,"y":81,"angle":0},{"faceUp":false,"depth":2,"value":-1,"x":208,"y":-99,"angle":0},{"faceUp":false,"depth":2,"value":-1,"x":-208,"y":-99,"angle":0},{"faceUp":true,"depth":2,"value":-1,"x":95.264,"y":346.825,"angle":0},{"faceUp":true,"depth":2,"value":-1,"x":-47.405,"y":-89.421,"angle":0},{"faceUp":false,"depth":3,"value":-1,"x":234,"y":-117,"angle":0},{"faceUp":false,"depth":3,"value":-1,"x":-70.23,"y":-323.421,"angle":0},{"faceUp":false,"depth":3,"value":-1,"x":94.047,"y":-327.901,"angle":0},{"faceUp":false,"depth":3,"value":-1,"x":130,"y":99,"angle":0},{"faceUp":false,"depth":3,"value":-1,"x":-130,"y":99,"angle":0},{"faceUp":false,"depth":3,"value":-1,"x":-234,"y":-117,"angle":0},{"faceUp":false,"depth":4,"value":-1,"x":260,"y":-135,"angle":0},{"faceUp":false,"depth":4,"value":-1,"x":-96.23,"y":-341.421,"angle":0},{"faceUp":false,"depth":4,"value":-1,"x":120.047,"y":-345.901,"angle":0},{"faceUp":false,"depth":4,"value":-1,"x":104,"y":117,"angle":0},{"faceUp":false,"depth":4,"value":-1,"x":-104,"y":117,"angle":0},{"faceUp":false,"depth":4,"value":-1,"x":-260,"y":-135,"angle":0},{"faceUp":true,"depth":5,"value":-1,"x":-286,"y":-135,"angle":0},{"faceUp":true,"depth":5,"value":-1,"x":-133.698,"y":-354.8,"angle":0},{"faceUp":true,"depth":5,"value":-1,"x":146.047,"y":-353.901,"angle":0},{"faceUp":false,"depth":5,"value":-1,"x":-65,"y":135,"angle":0},{"faceUp":false,"depth":5,"value":-1,"x":65,"y":135,"angle":0},{"faceUp":false,"depth":5,"value":-1,"x":286,"y":-135,"angle":0},{"faceUp":true,"depth":6,"value":-1,"x":309.887,"y":-138.822,"angle":0},{"faceUp":true,"depth":6,"value":-1,"x":0,"y":135,"angle":0}],"settings":{"disableCombo":false,"cost":2000,"reward":2100,"comboCoinReward":150,"undoCost":[500,750,1000],"stars":[30,150,250],"wildCost":[6000],"cardsInStack":[-1,-1,-1,-1,-1,-1,-1,-1,-1,-1,-1,-1,-1,-1,-1,-1,-1,-1,-1,-1,-1,-1,-1,-1,-1],"comboBonus":[5,4,6,4],"extraCardCost":[4000,6000,8000]}}]],0,0,[],[],[]]