[1,0,0,[["cc.JsonAsset",["_name","json"],1]],[[0,0,1,3]],[[0,"234",{"cards":[{"faceUp":true,"depth":0,"value":-1,"x":-123.178,"y":349.986,"angle":20},{"faceUp":true,"depth":0,"value":-1,"x":192.661,"y":-127.051,"angle":20},{"faceUp":false,"depth":0,"value":-1,"x":-71.178,"y":187.986,"angle":20},{"faceUp":false,"depth":0,"value":-1,"x":-15.339,"y":-37.051,"angle":20},{"faceUp":false,"depth":0,"value":-1,"x":-80.339,"y":-181.051,"angle":20},{"faceUp":false,"depth":0,"value":-1,"x":32.822,"y":151.986,"angle":20},{"faceUp":true,"depth":0,"value":-1,"x":127.661,"y":-271.051,"angle":20},{"faceUp":false,"depth":0,"value":-1,"x":23.661,"y":-217.051,"angle":20},{"faceUp":false,"depth":0,"value":-1,"x":266.822,"y":151.986,"angle":20},{"faceUp":false,"depth":0,"value":-1,"x":88.661,"y":-73.051,"angle":20},{"faceUp":false,"depth":0,"value":-1,"x":97.822,"y":295.986,"angle":20},{"faceUp":false,"depth":0,"value":-1,"x":-314.339,"y":-181.051,"angle":20},{"faceUp":false,"depth":0,"value":-1,"x":227.822,"y":331.986,"angle":20},{"faceUp":false,"depth":0,"value":-1,"x":-6.178,"y":331.986,"angle":20},{"faceUp":false,"depth":0,"value":-1,"x":-249.339,"y":-37.051,"angle":20},{"faceUp":false,"depth":0,"value":-1,"x":-145.339,"y":-73.051,"angle":20},{"faceUp":false,"depth":0,"value":-1,"x":331.822,"y":295.986,"angle":20},{"faceUp":false,"depth":0,"value":-1,"x":162.822,"y":187.986,"angle":20},{"faceUp":false,"depth":0,"value":-1,"x":-210.339,"y":-217.051,"angle":20},{"faceUp":true,"depth":0,"value":-1,"x":-188.178,"y":205.986,"angle":20},{"faceUp":false,"depth":1,"value":-1,"x":-223.339,"y":-127.051,"angle":0},{"faceUp":false,"depth":1,"value":-1,"x":10.661,"y":-127.051,"angle":0},{"faceUp":false,"depth":1,"value":-1,"x":19.822,"y":259.986,"angle":0},{"faceUp":false,"depth":1,"value":-1,"x":240.822,"y":241.986,"angle":0},{"faceUp":true,"depth":2,"value":-1,"x":19.822,"y":241.986,"angle":0},{"faceUp":true,"depth":2,"value":-1,"x":240.822,"y":223.986,"angle":0},{"faceUp":true,"depth":2,"value":-1,"x":-223.339,"y":-145.051,"angle":0},{"faceUp":true,"depth":2,"value":-1,"x":10.661,"y":-145.051,"angle":0}],"settings":{"disableCombo":false,"cost":2600,"reward":2750,"comboCoinReward":170,"undoCost":[650,975,1300],"stars":[30,200,300],"wildCost":[7800],"cardsInStack":[-1,-1,-1,-1,-1,-1,-1,-1,-1,-1,-1,-1,-1,-1,-1,-1,-1,-1,-1,-1,-1,-1],"comboBonus":[5,4,6,4],"extraCardCost":[5000,7550,10000]}}]],0,0,[],[],[]]