[1,0,0,[["cc.JsonAsset",["_name","json"],1]],[[0,0,1,3]],[[0,"223",{"cards":[{"faceUp":false,"depth":0,"value":-1,"x":-69.855,"y":282.959,"angle":10},{"faceUp":false,"depth":0,"value":-1,"x":41.669,"y":68.901,"angle":10},{"faceUp":false,"depth":0,"value":-1,"x":314.669,"y":68.901,"angle":10},{"faceUp":false,"depth":0,"value":-1,"x":194.952,"y":287.019,"angle":10},{"faceUp":false,"depth":0,"value":-1,"x":-231.331,"y":68.901,"angle":10},{"faceUp":false,"depth":0,"value":-1,"x":-127.331,"y":-111.09899999999999,"angle":10},{"faceUp":false,"depth":0,"value":-1,"x":145.669,"y":-111.09899999999999,"angle":10},{"faceUp":false,"depth":1,"value":-1,"x":-95.855,"y":282.959,"angle":-5},{"faceUp":false,"depth":1,"value":-1,"x":15.669,"y":68.901,"angle":-5},{"faceUp":false,"depth":1,"value":-1,"x":288.669,"y":68.901,"angle":-5},{"faceUp":false,"depth":1,"value":-1,"x":168.952,"y":287.019,"angle":-5},{"faceUp":false,"depth":1,"value":-1,"x":-257.331,"y":68.901,"angle":-5},{"faceUp":false,"depth":1,"value":-1,"x":-153.331,"y":-111.09899999999999,"angle":-5},{"faceUp":false,"depth":1,"value":-1,"x":119.669,"y":-111.09899999999999,"angle":-5},{"faceUp":false,"depth":2,"value":-1,"x":-121.855,"y":282.959,"angle":-15},{"faceUp":false,"depth":2,"value":-1,"x":-10.331,"y":68.901,"angle":-15},{"faceUp":false,"depth":2,"value":-1,"x":262.669,"y":68.901,"angle":-15},{"faceUp":false,"depth":2,"value":-1,"x":142.952,"y":287.019,"angle":-15},{"faceUp":false,"depth":2,"value":-1,"x":-283.331,"y":68.901,"angle":-15},{"faceUp":false,"depth":2,"value":-1,"x":-179.331,"y":-111.09899999999999,"angle":-15},{"faceUp":false,"depth":2,"value":-1,"x":93.669,"y":-111.09899999999999,"angle":-15},{"faceUp":false,"depth":3,"value":-1,"x":-147.855,"y":264.959,"angle":-30},{"faceUp":false,"depth":3,"value":-1,"x":-36.331,"y":50.900999999999996,"angle":-30},{"faceUp":false,"depth":3,"value":-1,"x":236.669,"y":50.900999999999996,"angle":-30},{"faceUp":false,"depth":3,"value":-1,"x":116.952,"y":269.019,"angle":-30},{"faceUp":false,"depth":3,"value":-1,"x":-309.331,"y":50.900999999999996,"angle":-30},{"faceUp":false,"depth":3,"value":-1,"x":-205.331,"y":-129.099,"angle":-30},{"faceUp":false,"depth":3,"value":-1,"x":67.669,"y":-129.099,"angle":-30},{"faceUp":true,"depth":4,"value":-1,"x":-173.855,"y":246.959,"angle":-45},{"faceUp":true,"depth":4,"value":-1,"x":-62.331,"y":32.900999999999996,"angle":-45},{"faceUp":true,"depth":4,"value":-1,"x":210.669,"y":32.900999999999996,"angle":-45},{"faceUp":true,"depth":4,"value":-1,"x":90.952,"y":251.019,"angle":-45},{"faceUp":true,"depth":4,"value":-1,"x":-335.331,"y":32.900999999999996,"angle":-45},{"faceUp":true,"depth":4,"value":-1,"x":-231.331,"y":-147.099,"angle":-45},{"faceUp":true,"depth":4,"value":-1,"x":41.669,"y":-147.099,"angle":-45}],"settings":{"disableCombo":false,"cost":2600,"reward":2750,"comboCoinReward":170,"undoCost":[650,975,1300],"stars":[30,200,300],"wildCost":[7800],"cardsInStack":[-1,-1,-1,-1,-1,-1,-1,-1,-1,-1,-1,-1,-1,-1,-1,-1,-1,-1,-1,-1,-1],"comboBonus":[5,4,6,4],"extraCardCost":[5000,7550,10000]}}]],0,0,[],[],[]]