[1,0,0,[["cc.JsonAsset",["_name","json"],1]],[[0,0,1,3]],[[0,"126",{"cards":[{"faceUp":false,"depth":0,"value":-1,"x":-4.918,"y":-45.708,"angle":0},{"faceUp":false,"depth":0,"value":-1,"x":347,"y":81.489,"angle":0},{"faceUp":false,"depth":0,"value":-1,"x":-355,"y":81.489,"angle":0},{"faceUp":false,"depth":0,"value":-1,"x":-240.541,"y":-40.387,"angle":0},{"faceUp":false,"depth":0,"value":-1,"x":-121,"y":81.489,"angle":0},{"faceUp":false,"depth":0,"value":-1,"x":-238,"y":297.489,"angle":0},{"faceUp":false,"depth":0,"value":-1,"x":113,"y":81.489,"angle":0},{"faceUp":false,"depth":0,"value":-1,"x":-4,"y":297.489,"angle":0},{"faceUp":false,"depth":0,"value":-1,"x":230,"y":297.489,"angle":0},{"faceUp":false,"depth":0,"value":-1,"x":228.984,"y":-41.204,"angle":0},{"faceUp":false,"depth":1,"value":-1,"x":228.984,"y":-62.38,"angle":0},{"faceUp":false,"depth":2,"value":-1,"x":228.984,"y":-83.557,"angle":0},{"faceUp":true,"depth":3,"value":-1,"x":228.984,"y":-104.733,"angle":0},{"faceUp":false,"depth":1,"value":-1,"x":-4.918,"y":-63.708,"angle":0},{"faceUp":false,"depth":1,"value":-1,"x":347,"y":99.489,"angle":0},{"faceUp":false,"depth":1,"value":-1,"x":-355,"y":99.489,"angle":0},{"faceUp":false,"depth":1,"value":-1,"x":-240.541,"y":-58.387,"angle":0},{"faceUp":false,"depth":1,"value":-1,"x":-121,"y":99.489,"angle":0},{"faceUp":false,"depth":1,"value":-1,"x":-238,"y":279.489,"angle":0},{"faceUp":false,"depth":1,"value":-1,"x":113,"y":99.489,"angle":0},{"faceUp":false,"depth":1,"value":-1,"x":-4,"y":279.489,"angle":0},{"faceUp":false,"depth":1,"value":-1,"x":230,"y":279.489,"angle":0},{"faceUp":false,"depth":2,"value":-1,"x":-4.918,"y":-81.708,"angle":0},{"faceUp":false,"depth":2,"value":-1,"x":347,"y":117.489,"angle":0},{"faceUp":false,"depth":2,"value":-1,"x":-355,"y":117.489,"angle":0},{"faceUp":false,"depth":2,"value":-1,"x":-240.541,"y":-76.387,"angle":0},{"faceUp":false,"depth":2,"value":-1,"x":-121,"y":117.489,"angle":0},{"faceUp":false,"depth":2,"value":-1,"x":-238,"y":261.489,"angle":0},{"faceUp":false,"depth":2,"value":-1,"x":113,"y":117.489,"angle":0},{"faceUp":false,"depth":2,"value":-1,"x":-4,"y":261.489,"angle":0},{"faceUp":false,"depth":2,"value":-1,"x":230,"y":261.489,"angle":0},{"faceUp":true,"depth":3,"value":-1,"x":-4.918,"y":-99.708,"angle":0},{"faceUp":true,"depth":3,"value":-1,"x":347,"y":135.489,"angle":0},{"faceUp":true,"depth":3,"value":-1,"x":-355,"y":135.489,"angle":0},{"faceUp":true,"depth":3,"value":-1,"x":-240.541,"y":-94.387,"angle":0},{"faceUp":true,"depth":3,"value":-1,"x":-121,"y":135.489,"angle":0},{"faceUp":true,"depth":3,"value":-1,"x":-238,"y":243.489,"angle":0},{"faceUp":true,"depth":3,"value":-1,"x":113,"y":135.489,"angle":0},{"faceUp":true,"depth":3,"value":-1,"x":-4,"y":243.489,"angle":0},{"faceUp":true,"depth":3,"value":-1,"x":230,"y":243.489,"angle":0}],"settings":{"disableCombo":false,"cost":2200,"reward":2400,"comboCoinReward":170,"undoCost":[500,750,1000],"stars":[30,200,300],"wildCost":[6500],"cardsInStack":[-1,-1,-1,-1,-1,-1,-1,-1,-1,-1,-1,-1,-1,-1,-1,-1,-1,-1,-1,-1,-1,-1,-1,-1],"comboBonus":[5,4,6,4],"extraCardCost":[4500,6750,9000]}}]],0,0,[],[],[]]