[1,0,0,[["cc.JsonAsset",["_name","json"],1]],[[0,0,1,3]],[[0,"38",{"cards":[{"faceUp":false,"depth":0,"value":-1,"x":196.282,"y":365.895,"angle":0},{"faceUp":false,"depth":0,"value":-1,"x":21.239,"y":21.968,"angle":0},{"faceUp":false,"depth":0,"value":-1,"x":14.282,"y":365.895,"angle":0},{"faceUp":false,"depth":0,"value":-1,"x":-160.761,"y":21.968,"angle":0},{"faceUp":false,"depth":0,"value":-1,"x":-167.718,"y":365.895,"angle":0},{"faceUp":false,"depth":0,"value":1,"x":-278.606,"y":134.832,"angle":0},{"faceUp":false,"depth":0,"value":-1,"x":203.239,"y":21.968,"angle":0},{"faceUp":true,"depth":1,"value":-1,"x":-278.606,"y":80.832,"angle":0},{"faceUp":false,"depth":1,"value":-1,"x":73.239,"y":3.968,"angle":0},{"faceUp":false,"depth":1,"value":-1,"x":66.282,"y":347.895,"angle":0},{"faceUp":false,"depth":1,"value":-1,"x":-108.761,"y":3.968,"angle":0},{"faceUp":false,"depth":1,"value":-1,"x":255.239,"y":3.968,"angle":0},{"faceUp":false,"depth":1,"value":-1,"x":-115.718,"y":347.895,"angle":0},{"faceUp":false,"depth":1,"value":-1,"x":248.282,"y":347.895,"angle":0},{"faceUp":false,"depth":2,"value":-1,"x":-147.761,"y":-122.032,"angle":0},{"faceUp":false,"depth":2,"value":-1,"x":34.239,"y":-122.032,"angle":0},{"faceUp":false,"depth":2,"value":-1,"x":27.282,"y":221.895,"angle":0},{"faceUp":false,"depth":2,"value":-1,"x":216.239,"y":-122.032,"angle":0},{"faceUp":false,"depth":2,"value":-1,"x":-154.718,"y":221.895,"angle":0},{"faceUp":false,"depth":2,"value":-1,"x":209.282,"y":221.895,"angle":0},{"faceUp":true,"depth":3,"value":-1,"x":-95.761,"y":-140.032,"angle":0},{"faceUp":true,"depth":3,"value":-1,"x":86.239,"y":-140.032,"angle":0},{"faceUp":true,"depth":3,"value":-1,"x":79.282,"y":203.895,"angle":0},{"faceUp":true,"depth":3,"value":-1,"x":268.239,"y":-140.032,"angle":0},{"faceUp":true,"depth":3,"value":-1,"x":-102.718,"y":203.895,"angle":0},{"faceUp":true,"depth":3,"value":-1,"x":261.282,"y":203.895,"angle":0}],"settings":{"disableCombo":false,"cost":1500,"reward":1550,"comboCoinReward":100,"undoCost":[300,450,600],"stars":[30,100,200],"wildCost":[3000],"cardsInStack":[-1,-1,-1,-1,-1,-1,-1,-1,-1,-1,-1,-1,-1],"comboBonus":[6,5,4,4],"extraCardCost":[2000,3000,4000]}}]],0,0,[],[],[]]