[1,0,0,[["cc.JsonAsset",["_name","json"],1]],[[0,0,1,3]],[[0,"286",{"cards":[{"faceUp":false,"depth":0,"value":-1,"x":-112.271,"y":296.442,"angle":0},{"faceUp":false,"depth":0,"value":-1,"x":4.728999999999999,"y":296.442,"angle":0},{"faceUp":false,"depth":0,"value":-1,"x":121.72900000000001,"y":296.442,"angle":0},{"faceUp":false,"depth":0,"value":-1,"x":-223.874,"y":-97.344,"angle":0},{"faceUp":false,"depth":0,"value":-1,"x":-102.874,"y":-194.154,"angle":0},{"faceUp":false,"depth":0,"value":-1,"x":118.417,"y":-194.203,"angle":0},{"faceUp":false,"depth":0,"value":-1,"x":235.417,"y":-98.98,"angle":0},{"faceUp":false,"depth":0,"value":-1,"x":4.728999999999999,"y":80.442,"angle":0},{"faceUp":false,"depth":1,"value":-1,"x":-112.271,"y":278.442,"angle":0},{"faceUp":false,"depth":1,"value":-1,"x":4.728999999999999,"y":278.442,"angle":0},{"faceUp":false,"depth":1,"value":-1,"x":121.72900000000001,"y":278.442,"angle":0},{"faceUp":false,"depth":1,"value":-1,"x":-223.874,"y":-79.344,"angle":0},{"faceUp":false,"depth":1,"value":-1,"x":-102.874,"y":-176.154,"angle":0},{"faceUp":false,"depth":1,"value":-1,"x":118.417,"y":-176.203,"angle":0},{"faceUp":false,"depth":1,"value":-1,"x":235.417,"y":-80.98,"angle":0},{"faceUp":false,"depth":1,"value":-1,"x":69.729,"y":80.442,"angle":0},{"faceUp":false,"depth":1,"value":-1,"x":-60.271,"y":80.442,"angle":0},{"faceUp":false,"depth":2,"value":-1,"x":-112.271,"y":260.442,"angle":0},{"faceUp":false,"depth":2,"value":-1,"x":4.728999999999999,"y":260.442,"angle":0},{"faceUp":false,"depth":2,"value":-1,"x":121.72900000000001,"y":260.442,"angle":0},{"faceUp":false,"depth":2,"value":-1,"x":-223.874,"y":-61.344,"angle":0},{"faceUp":false,"depth":2,"value":-1,"x":-102.874,"y":-158.154,"angle":0},{"faceUp":false,"depth":2,"value":-1,"x":118.417,"y":-158.203,"angle":0},{"faceUp":false,"depth":2,"value":-1,"x":235.417,"y":-62.98,"angle":0},{"faceUp":true,"depth":2,"value":-1,"x":-86.271,"y":62.442,"angle":0},{"faceUp":true,"depth":2,"value":-1,"x":95.729,"y":62.442,"angle":0},{"faceUp":true,"depth":2,"value":-1,"x":228.474,"y":238.127,"angle":0},{"faceUp":true,"depth":2,"value":-1,"x":332.474,"y":238.127,"angle":0},{"faceUp":true,"depth":2,"value":-1,"x":-325.146,"y":238.194,"angle":0},{"faceUp":true,"depth":2,"value":-1,"x":-221.146,"y":238.194,"angle":0},{"faceUp":true,"depth":3,"value":-1,"x":-112.271,"y":242.442,"angle":0},{"faceUp":true,"depth":3,"value":-1,"x":4.728999999999999,"y":242.442,"angle":0},{"faceUp":true,"depth":3,"value":-1,"x":121.72900000000001,"y":242.442,"angle":0},{"faceUp":true,"depth":3,"value":-1,"x":-223.874,"y":-43.344,"angle":0},{"faceUp":true,"depth":3,"value":-1,"x":-102.874,"y":-140.154,"angle":0},{"faceUp":true,"depth":3,"value":-1,"x":118.417,"y":-140.203,"angle":0},{"faceUp":true,"depth":3,"value":-1,"x":235.417,"y":-44.98,"angle":0}],"settings":{"disableCombo":false,"cost":2700,"reward":2850,"comboCoinReward":170,"undoCost":[700,1050,1400],"stars":[30,200,300],"wildCost":[8000],"cardsInStack":[-1,-1,-1,-1,-1,-1,-1,-1,-1,-1,-1,-1,-1,-1,-1,-1,-1,-1,-1,-1,-1,-1,-1,-1],"comboBonus":[5,4,6,4],"extraCardCost":[5500,8250,11000]}}]],0,0,[],[],[]]