[1,0,0,[["cc.JsonAsset",["_name","json"],1]],[[0,0,1,3]],[[0,"16",{"cards":[{"faceUp":false,"depth":0,"value":-1,"x":-6.677,"y":172.302,"angle":0},{"faceUp":true,"depth":0,"value":-1,"x":-309.936,"y":64.302,"angle":0},{"faceUp":true,"depth":0,"value":-1,"x":283.596,"y":64.302,"angle":0},{"faceUp":false,"depth":1,"value":-1,"x":-71.677,"y":244.302,"angle":0},{"faceUp":false,"depth":1,"value":-1,"x":58.323,"y":244.302,"angle":0},{"faceUp":false,"depth":1,"value":-1,"x":-71.677,"y":82.302,"angle":0},{"faceUp":false,"depth":1,"value":-1,"x":58.323,"y":82.302,"angle":0},{"faceUp":false,"depth":1,"value":-1,"x":-348.936,"y":172.302,"angle":0},{"faceUp":false,"depth":1,"value":-1,"x":335.596,"y":172.302,"angle":0},{"faceUp":true,"depth":2,"value":-1,"x":-136.677,"y":262.302,"angle":0},{"faceUp":true,"depth":2,"value":-1,"x":123.323,"y":262.302,"angle":0},{"faceUp":true,"depth":2,"value":-1,"x":-136.677,"y":46.302,"angle":0},{"faceUp":true,"depth":2,"value":-1,"x":123.323,"y":46.302,"angle":0},{"faceUp":false,"depth":2,"value":-1,"x":-335.936,"y":226.302,"angle":0},{"faceUp":false,"depth":2,"value":-1,"x":322.596,"y":226.302,"angle":0},{"faceUp":true,"depth":3,"value":-1,"x":-179.677,"y":-53.698,"angle":0},{"faceUp":true,"depth":3,"value":-1,"x":164.323,"y":-53.698,"angle":0},{"faceUp":true,"depth":3,"value":-1,"x":244.596,"y":262.302,"angle":0},{"faceUp":true,"depth":3,"value":-1,"x":-257.936,"y":262.302,"angle":0},{"faceUp":true,"depth":4,"value":-1,"x":-196.513,"y":172.302,"angle":0},{"faceUp":true,"depth":4,"value":-1,"x":180.043,"y":172.302,"angle":0}],"settings":{"disableCombo":false,"cost":1000,"reward":1050,"comboCoinReward":50,"undoCost":[100,150,400],"stars":[15,80,120],"wildCost":[1000],"cardsInStack":[-1,-1,-1,-1,-1,-1,-1,-1,-1,-1,-1,-1,-1,-1,-1,-1,-1],"comboBonus":[4,5,5,5],"extraCardCost":[200,300,500]}}]],0,0,[],[],[]]