[1,0,0,[["cc.JsonAsset",["_name","json"],1]],[[0,0,1,3]],[[0,"52",{"cards":[{"faceUp":false,"depth":0,"value":-1,"x":333.257,"y":76.065,"angle":0},{"faceUp":false,"depth":0,"value":-1,"x":-318.123,"y":76.065,"angle":0},{"faceUp":false,"depth":3,"value":-1,"x":0.104,"y":306.382,"angle":0},{"faceUp":false,"depth":3,"value":-1,"x":0.104,"y":-121.753,"angle":0},{"faceUp":false,"depth":1,"value":-1,"x":-266.242,"y":-13.935,"angle":0},{"faceUp":false,"depth":1,"value":-1,"x":-266.242,"y":166.065,"angle":0},{"faceUp":false,"depth":1,"value":-1,"x":283.549,"y":166.065,"angle":0},{"faceUp":false,"depth":1,"value":-1,"x":283.549,"y":-13.935,"angle":0},{"faceUp":false,"depth":2,"value":-1,"x":-216.495,"y":184.065,"angle":0},{"faceUp":false,"depth":2,"value":-1,"x":-216.495,"y":-31.935,"angle":0},{"faceUp":false,"depth":2,"value":-1,"x":233.802,"y":184.065,"angle":0},{"faceUp":false,"depth":2,"value":-1,"x":233.802,"y":-31.935,"angle":0},{"faceUp":false,"depth":3,"value":-1,"x":-138.495,"y":202.065,"angle":0},{"faceUp":false,"depth":3,"value":-1,"x":155.802,"y":202.065,"angle":0},{"faceUp":false,"depth":3,"value":-1,"x":155.802,"y":-49.935,"angle":0},{"faceUp":false,"depth":3,"value":-1,"x":-138.495,"y":-49.935,"angle":0},{"faceUp":true,"depth":4,"value":-1,"x":-60.376,"y":220.065,"angle":0},{"faceUp":true,"depth":4,"value":-1,"x":64.802,"y":220.065,"angle":0},{"faceUp":true,"depth":4,"value":-1,"x":64.802,"y":-67.935,"angle":0},{"faceUp":true,"depth":4,"value":-1,"x":-58.536,"y":-67.935,"angle":0}],"settings":{"disableCombo":false,"cost":1500,"reward":1550,"comboCoinReward":100,"undoCost":[400,600,800],"stars":[30,100,200],"wildCost":[4500],"cardsInStack":[-1,-1,-1,-1,-1,-1,-1,-1,-1,-1,-1,-1,-1,-1,-1,-1,-1],"comboBonus":[5,4,6,4],"extraCardCost":[3000,4500,6000]}}]],0,0,[],[],[]]