[1,0,0,[["cc.JsonAsset",["_name","json"],1]],[[0,0,1,3]],[[0,"262",{"cards":[{"faceUp":false,"depth":0,"value":-1,"x":-2,"y":117.858,"angle":0},{"faceUp":false,"depth":0,"value":-1,"x":-2,"y":-116.142,"angle":0},{"faceUp":false,"depth":1,"value":-1,"x":-2,"y":99.858,"angle":0},{"faceUp":false,"depth":1,"value":-1,"x":-67,"y":-134.142,"angle":0},{"faceUp":false,"depth":1,"value":-1,"x":63,"y":-134.142,"angle":0},{"faceUp":false,"depth":2,"value":-1,"x":-2,"y":81.858,"angle":0},{"faceUp":false,"depth":2,"value":-1,"x":-2,"y":-152.142,"angle":0},{"faceUp":false,"depth":2,"value":-1,"x":128,"y":-152.142,"angle":0},{"faceUp":false,"depth":2,"value":-1,"x":-132,"y":-152.142,"angle":0},{"faceUp":false,"depth":2,"value":-1,"x":-132,"y":81.858,"angle":0},{"faceUp":false,"depth":2,"value":-1,"x":128,"y":81.858,"angle":0},{"faceUp":false,"depth":3,"value":-1,"x":-2,"y":63.858,"angle":0},{"faceUp":true,"depth":3,"value":-1,"x":63,"y":-170.142,"angle":0},{"faceUp":true,"depth":3,"value":-1,"x":193,"y":-170.142,"angle":0},{"faceUp":true,"depth":3,"value":-1,"x":-67,"y":-170.142,"angle":0},{"faceUp":true,"depth":3,"value":-1,"x":-197,"y":-170.142,"angle":0},{"faceUp":false,"depth":3,"value":-1,"x":-132,"y":63.858,"angle":0},{"faceUp":false,"depth":3,"value":-1,"x":128,"y":63.858,"angle":0},{"faceUp":false,"depth":3,"value":-1,"x":258,"y":63.858,"angle":0},{"faceUp":false,"depth":3,"value":-1,"x":-262,"y":63.858,"angle":0},{"faceUp":true,"depth":4,"value":-1,"x":-2,"y":45.858,"angle":0},{"faceUp":true,"depth":4,"value":-1,"x":128,"y":45.858,"angle":0},{"faceUp":true,"depth":4,"value":-1,"x":258,"y":45.858,"angle":0},{"faceUp":true,"depth":4,"value":-1,"x":67.915,"y":299.432,"angle":0},{"faceUp":true,"depth":4,"value":-1,"x":-132,"y":45.858,"angle":0},{"faceUp":true,"depth":4,"value":-1,"x":-262,"y":45.858,"angle":0},{"faceUp":true,"depth":4,"value":-1,"x":-79.214,"y":302.046,"angle":0}],"settings":{"disableCombo":false,"cost":2700,"reward":2850,"comboCoinReward":170,"undoCost":[700,1050,1400],"stars":[30,200,300],"wildCost":[8000],"cardsInStack":[-1,-1,-1,-1,-1,-1,-1,-1,-1,-1,-1,-1,-1,-1,-1,-1,-1],"comboBonus":[5,4,6,4],"extraCardCost":[5500,8250,11000]}}]],0,0,[],[],[]]