[1,0,0,[["cc.JsonAsset",["_name","json"],1]],[[0,0,1,3]],[[0,"247",{"cards":[{"faceUp":false,"depth":0,"value":-1,"x":155.186,"y":336.59,"angle":0},{"faceUp":false,"depth":0,"value":-1,"x":12.398,"y":-9.889,"angle":0},{"faceUp":false,"depth":0,"value":-1,"x":-261.751,"y":336.59,"angle":0},{"faceUp":false,"depth":1,"value":-1,"x":155.186,"y":300.59,"angle":0},{"faceUp":false,"depth":1,"value":-1,"x":12.398,"y":-45.889,"angle":0},{"faceUp":false,"depth":1,"value":-1,"x":-261.751,"y":300.59,"angle":0},{"faceUp":false,"depth":2,"value":1,"x":168.186,"y":264.59,"angle":0},{"faceUp":false,"depth":2,"value":1,"x":-248.751,"y":264.59,"angle":0},{"faceUp":false,"depth":2,"value":-1,"x":12.398,"y":-81.889,"angle":0},{"faceUp":false,"depth":3,"value":-1,"x":246.398,"y":-189.889,"angle":0},{"faceUp":false,"depth":3,"value":-1,"x":-169.602,"y":-189.889,"angle":0},{"faceUp":false,"depth":3,"value":-1,"x":181.186,"y":228.59,"angle":0},{"faceUp":false,"depth":3,"value":-1,"x":-235.751,"y":228.59,"angle":0},{"faceUp":false,"depth":3,"value":-1,"x":38.398,"y":-117.889,"angle":0},{"faceUp":false,"depth":4,"value":-1,"x":246.398,"y":-99.889,"angle":0},{"faceUp":false,"depth":4,"value":-1,"x":-169.602,"y":-99.889,"angle":0},{"faceUp":false,"depth":4,"value":-1,"x":207.186,"y":192.59,"angle":0},{"faceUp":false,"depth":4,"value":-1,"x":-209.751,"y":192.59,"angle":0},{"faceUp":false,"depth":4,"value":-1,"x":64.398,"y":-153.889,"angle":0},{"faceUp":true,"depth":5,"value":-1,"x":246.398,"y":-9.889,"angle":0},{"faceUp":true,"depth":5,"value":-1,"x":-169.602,"y":-9.889,"angle":0},{"faceUp":true,"depth":5,"value":-1,"x":246.186,"y":156.59,"angle":0},{"faceUp":true,"depth":5,"value":-1,"x":-170.751,"y":156.59,"angle":0},{"faceUp":true,"depth":5,"value":-1,"x":103.398,"y":-189.889,"angle":0}],"settings":{"disableCombo":false,"cost":2600,"reward":2750,"comboCoinReward":170,"undoCost":[650,975,1300],"stars":[30,200,300],"wildCost":[8000],"cardsInStack":[-1,-1,-1,-1,-1,-1,-1,-1,-1,-1,-1,-1,-1,-1,-1],"comboBonus":[5,4,6,4],"extraCardCost":[5000,7550,10000]}}]],0,0,[],[],[]]