[1,0,0,[["cc.JsonAsset",["_name","json"],1]],[[0,0,1,3]],[[0,"289",{"cards":[{"faceUp":true,"depth":0,"value":-1,"x":-230.732,"y":-27.129000000000005,"angle":-35},{"faceUp":true,"depth":0,"value":-1,"x":-187.949,"y":247.909,"angle":-35},{"faceUp":true,"depth":0,"value":-1,"x":14.801,"y":-189.574,"angle":-35},{"faceUp":true,"depth":0,"value":-1,"x":3.518,"y":347.097,"angle":-35},{"faceUp":true,"depth":0,"value":-1,"x":220.615,"y":-50.96700000000001,"angle":-35},{"faceUp":true,"depth":0,"value":-1,"x":218.767,"y":230.874,"angle":-35},{"faceUp":true,"depth":1,"value":-1,"x":-217.732,"y":-27.129000000000005,"angle":-25},{"faceUp":true,"depth":1,"value":-1,"x":-174.949,"y":247.909,"angle":-25},{"faceUp":true,"depth":1,"value":-1,"x":27.801,"y":-189.574,"angle":-25},{"faceUp":true,"depth":1,"value":-1,"x":16.518,"y":347.097,"angle":-25},{"faceUp":true,"depth":1,"value":-1,"x":233.615,"y":-50.96700000000001,"angle":-25},{"faceUp":true,"depth":1,"value":-1,"x":231.767,"y":230.874,"angle":-25},{"faceUp":true,"depth":2,"value":-1,"x":-204.732,"y":-27.129000000000005,"angle":-10},{"faceUp":true,"depth":2,"value":-1,"x":-161.949,"y":247.909,"angle":-10},{"faceUp":true,"depth":2,"value":-1,"x":40.801,"y":-189.574,"angle":-10},{"faceUp":true,"depth":2,"value":-1,"x":29.518,"y":347.097,"angle":-10},{"faceUp":true,"depth":2,"value":-1,"x":246.615,"y":-50.96700000000001,"angle":-10},{"faceUp":true,"depth":2,"value":-1,"x":244.767,"y":230.874,"angle":-10},{"faceUp":true,"depth":3,"value":-1,"x":-191.732,"y":-27.129000000000005,"angle":5},{"faceUp":true,"depth":3,"value":-1,"x":-148.949,"y":247.909,"angle":5},{"faceUp":true,"depth":3,"value":-1,"x":53.801,"y":-189.574,"angle":5},{"faceUp":true,"depth":3,"value":-1,"x":42.518,"y":347.097,"angle":5},{"faceUp":true,"depth":3,"value":-1,"x":259.615,"y":-50.96700000000001,"angle":5},{"faceUp":true,"depth":3,"value":-1,"x":257.767,"y":230.874,"angle":5}],"settings":{"disableCombo":false,"cost":2700,"reward":2850,"comboCoinReward":170,"undoCost":[700,1050,1400],"stars":[30,200,300],"wildCost":[8000],"cardsInStack":[-1,-1,-1,-1,-1,-1,-1,-1,-1,-1,-1,-1,-1,-1,-1,-1],"comboBonus":[5,4,6,4],"extraCardCost":[5500,8250,11000]}}]],0,0,[],[],[]]