[1,0,0,[["cc.JsonAsset",["_name","json"],1]],[[0,0,1,3]],[[0,"145",{"cards":[{"faceUp":true,"depth":0,"value":1,"x":-149.5,"y":86.836,"angle":0},{"faceUp":true,"depth":0,"value":1,"x":-253.5,"y":86.836,"angle":0},{"faceUp":false,"depth":0,"value":-1,"x":-201.5,"y":266.836,"angle":0},{"faceUp":true,"depth":0,"value":1,"x":-45.5,"y":86.836,"angle":0},{"faceUp":true,"depth":0,"value":13,"x":266.5,"y":86.836,"angle":0},{"faceUp":true,"depth":0,"value":13,"x":162.5,"y":86.836,"angle":0},{"faceUp":true,"depth":0,"value":13,"x":58.5,"y":86.836,"angle":0},{"faceUp":false,"depth":0,"value":-1,"x":-58.5,"y":266.836,"angle":0},{"faceUp":false,"depth":0,"value":-1,"x":201.5,"y":266.836,"angle":0},{"faceUp":false,"depth":0,"value":-1,"x":58.5,"y":266.836,"angle":0},{"faceUp":false,"depth":0,"value":-1,"x":199.757,"y":-150.854,"angle":0},{"faceUp":false,"depth":0,"value":-1,"x":-60.437,"y":-150.853,"angle":0},{"faceUp":false,"depth":0,"value":-1,"x":-203.437,"y":-150.853,"angle":0},{"faceUp":false,"depth":0,"value":-1,"x":56.757000000000005,"y":-150.854,"angle":0},{"faceUp":false,"depth":1,"value":-1,"x":-190.437,"y":-114.853,"angle":0},{"faceUp":false,"depth":1,"value":-1,"x":173.757,"y":-114.854,"angle":0},{"faceUp":false,"depth":1,"value":-1,"x":-188.5,"y":302.836,"angle":0},{"faceUp":false,"depth":1,"value":-1,"x":-86.437,"y":-114.853,"angle":0},{"faceUp":false,"depth":1,"value":-1,"x":175.5,"y":302.836,"angle":0},{"faceUp":false,"depth":1,"value":-1,"x":71.5,"y":302.836,"angle":0},{"faceUp":false,"depth":1,"value":-1,"x":69.757,"y":-114.854,"angle":0},{"faceUp":false,"depth":1,"value":-1,"x":-84.5,"y":302.836,"angle":0},{"faceUp":true,"depth":2,"value":-1,"x":123.5,"y":338.836,"angle":0},{"faceUp":true,"depth":2,"value":-1,"x":-138.437,"y":-78.853,"angle":0},{"faceUp":true,"depth":2,"value":-1,"x":-136.5,"y":338.836,"angle":0},{"faceUp":true,"depth":2,"value":-1,"x":121.757,"y":-78.854,"angle":0}],"settings":{"disableCombo":false,"cost":2200,"reward":2400,"comboCoinReward":170,"undoCost":[500,750,1000],"stars":[30,200,300],"wildCost":[6500],"cardsInStack":[-1,-1,-1,-1,-1,-1,-1,-1,-1,-1,-1,-1,-1,-1,-1,-1,-1,-1,-1,-1],"comboBonus":[5,4,6,4],"extraCardCost":[4500,6750,9000]}}]],0,0,[],[],[]]