[1,0,0,[["cc.JsonAsset",["_name","json"],1]],[[0,0,1,3]],[[0,"260",{"cards":[{"faceUp":false,"depth":0,"value":-1,"x":-144.169,"y":-97.543,"angle":0},{"faceUp":false,"depth":0,"value":-1,"x":-261.169,"y":-97.543,"angle":0},{"faceUp":false,"depth":0,"value":-1,"x":266.319,"y":-97.543,"angle":0},{"faceUp":false,"depth":0,"value":-1,"x":149.319,"y":-97.543,"angle":0},{"faceUp":false,"depth":1,"value":-1,"x":-144.169,"y":-61.543,"angle":0},{"faceUp":false,"depth":1,"value":-1,"x":-261.169,"y":-61.543,"angle":0},{"faceUp":false,"depth":1,"value":-1,"x":266.319,"y":-61.543,"angle":0},{"faceUp":false,"depth":1,"value":-1,"x":149.319,"y":-61.543,"angle":0},{"faceUp":false,"depth":2,"value":-1,"x":-144.169,"y":-25.543,"angle":0},{"faceUp":false,"depth":2,"value":-1,"x":-261.169,"y":-25.543,"angle":0},{"faceUp":false,"depth":2,"value":-1,"x":266.319,"y":-25.543,"angle":0},{"faceUp":false,"depth":2,"value":-1,"x":149.319,"y":-25.543,"angle":0},{"faceUp":false,"depth":3,"value":1,"x":-131.169,"y":10.457,"angle":0},{"faceUp":false,"depth":3,"value":1,"x":-274.169,"y":10.457,"angle":0},{"faceUp":false,"depth":3,"value":1,"x":279.319,"y":10.457,"angle":0},{"faceUp":false,"depth":3,"value":1,"x":136.319,"y":10.457,"angle":0},{"faceUp":false,"depth":4,"value":-1,"x":-105.169,"y":46.457,"angle":0},{"faceUp":false,"depth":4,"value":-1,"x":110.319,"y":46.457,"angle":0},{"faceUp":false,"depth":4,"value":-1,"x":305.319,"y":46.457,"angle":0},{"faceUp":false,"depth":4,"value":-1,"x":-300.169,"y":46.457,"angle":0},{"faceUp":false,"depth":5,"value":-1,"x":-79.169,"y":82.457,"angle":0},{"faceUp":false,"depth":5,"value":-1,"x":-326.169,"y":82.457,"angle":0},{"faceUp":false,"depth":5,"value":-1,"x":331.319,"y":82.457,"angle":0},{"faceUp":false,"depth":5,"value":-1,"x":84.319,"y":82.457,"angle":0},{"faceUp":true,"depth":6,"value":-1,"x":-53.169,"y":118.457,"angle":0},{"faceUp":true,"depth":6,"value":-1,"x":-352.169,"y":118.457,"angle":0},{"faceUp":true,"depth":6,"value":-1,"x":357.319,"y":118.457,"angle":0},{"faceUp":true,"depth":6,"value":-1,"x":58.319,"y":118.457,"angle":0}],"settings":{"disableCombo":false,"cost":2700,"reward":2850,"comboCoinReward":170,"undoCost":[700,1050,1400],"stars":[30,200,300],"wildCost":[8000],"cardsInStack":[-1,-1,-1,-1,-1,-1,-1,-1,-1,-1,-1,-1,-1,-1],"comboBonus":[5,4,6,4],"extraCardCost":[5500,8250,11000]}}]],0,0,[],[],[]]