[1,0,0,[["cc.JsonAsset",["_name","json"],1]],[[0,0,1,3]],[[0,"281",{"cards":[{"faceUp":false,"depth":0,"value":-1,"x":-52,"y":395.259,"angle":0},{"faceUp":false,"depth":0,"value":-1,"x":-156,"y":395.259,"angle":0},{"faceUp":false,"depth":0,"value":-1,"x":-58.569,"y":-26.896,"angle":0},{"faceUp":false,"depth":0,"value":-1,"x":52,"y":395.259,"angle":0},{"faceUp":false,"depth":0,"value":-1,"x":156,"y":395.259,"angle":0},{"faceUp":false,"depth":0,"value":-1,"x":58.142,"y":-25.309,"angle":0},{"faceUp":false,"depth":1,"value":-1,"x":58.142,"y":-151.309,"angle":0},{"faceUp":false,"depth":1,"value":1,"x":52,"y":269.259,"angle":0},{"faceUp":false,"depth":1,"value":1,"x":-52,"y":269.259,"angle":0},{"faceUp":false,"depth":1,"value":-1,"x":-156,"y":269.259,"angle":0},{"faceUp":false,"depth":1,"value":-1,"x":-58.569,"y":-152.896,"angle":0},{"faceUp":false,"depth":1,"value":-1,"x":156,"y":269.259,"angle":0},{"faceUp":true,"depth":2,"value":-1,"x":-58.569,"y":-278.896,"angle":0},{"faceUp":true,"depth":2,"value":-1,"x":-156,"y":143.259,"angle":0},{"faceUp":true,"depth":2,"value":-1,"x":-52,"y":143.259,"angle":0},{"faceUp":true,"depth":2,"value":-1,"x":52,"y":143.259,"angle":0},{"faceUp":true,"depth":2,"value":-1,"x":156,"y":143.259,"angle":0},{"faceUp":true,"depth":2,"value":-1,"x":58.142,"y":-277.309,"angle":0},{"faceUp":false,"depth":2,"value":-1,"x":-266.569,"y":-26.896,"angle":0},{"faceUp":false,"depth":2,"value":-1,"x":-162.569,"y":-26.896,"angle":0},{"faceUp":false,"depth":2,"value":-1,"x":162.142,"y":-25.309,"angle":0},{"faceUp":false,"depth":2,"value":-1,"x":266.142,"y":-25.309,"angle":0},{"faceUp":false,"depth":2,"value":-1,"x":162.142,"y":-277.309,"angle":0},{"faceUp":false,"depth":2,"value":-1,"x":266.142,"y":-277.309,"angle":0},{"faceUp":false,"depth":2,"value":-1,"x":-162.569,"y":-278.896,"angle":0},{"faceUp":false,"depth":2,"value":-1,"x":-266.569,"y":-278.896,"angle":0},{"faceUp":true,"depth":3,"value":-1,"x":-266.569,"y":-152.896,"angle":0},{"faceUp":true,"depth":3,"value":-1,"x":-162.569,"y":-152.896,"angle":0},{"faceUp":true,"depth":3,"value":-1,"x":162.142,"y":-151.309,"angle":0},{"faceUp":true,"depth":3,"value":-1,"x":266.142,"y":-151.309,"angle":0}],"settings":{"disableCombo":false,"cost":2700,"reward":2850,"comboCoinReward":170,"undoCost":[700,1050,1400],"stars":[30,200,300],"wildCost":[8000],"cardsInStack":[-1,-1,-1,-1,-1,-1,-1,-1,-1,-1,-1,-1,-1,-1,-1,-1,-1,-1,-1,-1,-1],"comboBonus":[5,4,6,4],"extraCardCost":[5500,8250,11000]}}]],0,0,[],[],[]]