[1,0,0,[["cc.JsonAsset",["_name","json"],1]],[[0,0,1,3]],[[0,"27",{"cards":[{"faceUp":false,"depth":0,"value":-1,"x":-118.757,"y":234.713,"angle":0},{"faceUp":false,"depth":0,"value":-1,"x":7.683,"y":-52.159,"angle":0},{"faceUp":false,"depth":0,"value":-1,"x":124.683,"y":-52.159,"angle":0},{"faceUp":false,"depth":0,"value":-1,"x":-109.317,"y":-52.159,"angle":0},{"faceUp":false,"depth":0,"value":-1,"x":115.243,"y":234.713,"angle":0},{"faceUp":false,"depth":0,"value":-1,"x":-1.757,"y":234.713,"angle":0},{"faceUp":false,"depth":1,"value":-1,"x":-135.317,"y":-34.159,"angle":0},{"faceUp":false,"depth":1,"value":-1,"x":-18.317,"y":-34.159,"angle":0},{"faceUp":false,"depth":1,"value":-1,"x":98.683,"y":-34.159,"angle":0},{"faceUp":false,"depth":1,"value":-1,"x":-92.757,"y":216.713,"angle":0},{"faceUp":false,"depth":1,"value":-1,"x":24.243,"y":216.713,"angle":0},{"faceUp":false,"depth":1,"value":-1,"x":141.243,"y":216.713,"angle":0},{"faceUp":true,"depth":2,"value":-1,"x":-96.317,"y":-16.159,"angle":0},{"faceUp":true,"depth":2,"value":-1,"x":20.683,"y":-16.159,"angle":0},{"faceUp":true,"depth":2,"value":-1,"x":137.683,"y":-16.159,"angle":0},{"faceUp":true,"depth":2,"value":-1,"x":-144.757,"y":198.713,"angle":0},{"faceUp":true,"depth":2,"value":-1,"x":-27.757,"y":198.713,"angle":0},{"faceUp":true,"depth":2,"value":-1,"x":89.243,"y":198.713,"angle":0}],"settings":{"disableCombo":false,"cost":1500,"reward":1550,"comboCoinReward":100,"undoCost":[200,300,600],"stars":[30,100,200],"wildCost":[2000],"cardsInStack":[-1,-1,-1,-1,-1,-1,-1,-1,-1,-1,-1,-1,-1,-1],"comboBonus":[5,4,6,4],"extraCardCost":[900,1350,1800]}}]],0,0,[],[],[]]