[1,0,0,[["cc.JsonAsset",["_name","json"],1]],[[0,0,1,3]],[[0,"201",{"cards":[{"faceUp":true,"depth":0,"value":-1,"x":169.303,"y":217.613,"angle":20},{"faceUp":false,"depth":0,"value":-1,"x":312.303,"y":217.613,"angle":20},{"faceUp":false,"depth":0,"value":-1,"x":-96.679,"y":229.071,"angle":20},{"faceUp":false,"depth":0,"value":-1,"x":133.643,"y":-185.515,"angle":20},{"faceUp":false,"depth":0,"value":-1,"x":276.643,"y":-203.515,"angle":20},{"faceUp":true,"depth":0,"value":-1,"x":302.643,"y":-41.515,"angle":20},{"faceUp":true,"depth":0,"value":-1,"x":169.303,"y":379.613,"angle":20},{"faceUp":true,"depth":0,"value":-1,"x":-9.357,"y":-185.515,"angle":20},{"faceUp":false,"depth":0,"value":-1,"x":-152.357,"y":-185.515,"angle":20},{"faceUp":true,"depth":0,"value":-1,"x":-61.357,"y":-23.515,"angle":20},{"faceUp":true,"depth":0,"value":-1,"x":-178.357,"y":-23.515,"angle":20},{"faceUp":true,"depth":0,"value":-1,"x":-295.357,"y":-23.515,"angle":20},{"faceUp":true,"depth":0,"value":-1,"x":-57.679,"y":391.071,"angle":20},{"faceUp":true,"depth":0,"value":-1,"x":185.643,"y":-23.515,"angle":20},{"faceUp":true,"depth":0,"value":-1,"x":-308.357,"y":-185.515,"angle":20},{"faceUp":true,"depth":0,"value":-1,"x":-161.679,"y":427.071,"angle":20},{"faceUp":true,"depth":0,"value":-1,"x":68.643,"y":-5.515000000000001,"angle":20},{"faceUp":true,"depth":0,"value":-1,"x":299.303,"y":379.613,"angle":20},{"faceUp":false,"depth":1,"value":-1,"x":263.643,"y":-239.515,"angle":20},{"faceUp":false,"depth":1,"value":-1,"x":-165.357,"y":-221.515,"angle":20},{"faceUp":false,"depth":1,"value":-1,"x":299.303,"y":181.613,"angle":20},{"faceUp":false,"depth":1,"value":-1,"x":-109.679,"y":193.071,"angle":20},{"faceUp":false,"depth":1,"value":-1,"x":120.643,"y":-221.515,"angle":20},{"faceUp":true,"depth":2,"value":-1,"x":250.643,"y":-275.515,"angle":20},{"faceUp":true,"depth":2,"value":-1,"x":-178.357,"y":-257.515,"angle":20},{"faceUp":true,"depth":2,"value":-1,"x":286.303,"y":145.613,"angle":20},{"faceUp":true,"depth":2,"value":-1,"x":-122.679,"y":157.071,"angle":20},{"faceUp":true,"depth":2,"value":-1,"x":107.643,"y":-257.515,"angle":20}],"settings":{"disableCombo":false,"cost":2500,"reward":2650,"comboCoinReward":170,"undoCost":[650,975,1300],"stars":[30,200,300],"wildCost":[7500],"cardsInStack":[-1,-1,-1,-1,-1,-1,-1,-1,-1,-1,-1,-1,-1,-1,-1,-1,-1,-1,-1,-1],"comboBonus":[5,4,6,4],"extraCardCost":[5000,7550,10000]}}]],0,0,[],[],[]]