[1,0,0,[["cc.JsonAsset",["_name","json"],1]],[[0,0,1,3]],[[0,"293",{"cards":[{"faceUp":false,"depth":0,"value":-1,"x":-140,"y":278.526,"angle":0},{"faceUp":false,"depth":0,"value":-1,"x":-311.591,"y":-221,"angle":0},{"faceUp":false,"depth":0,"value":-1,"x":146,"y":278.526,"angle":0},{"faceUp":false,"depth":0,"value":-1,"x":-181.591,"y":-221,"angle":0},{"faceUp":false,"depth":0,"value":-1,"x":-181.591,"y":67,"angle":0},{"faceUp":false,"depth":0,"value":-1,"x":316.977,"y":67,"angle":0},{"faceUp":false,"depth":0,"value":-1,"x":316.977,"y":-221,"angle":0},{"faceUp":false,"depth":0,"value":-1,"x":-311.591,"y":67,"angle":0},{"faceUp":false,"depth":0,"value":-1,"x":186.977,"y":67,"angle":0},{"faceUp":false,"depth":0,"value":-1,"x":186.977,"y":-221,"angle":0},{"faceUp":false,"depth":0,"value":-1,"x":-181.591,"y":-77,"angle":0},{"faceUp":false,"depth":0,"value":-1,"x":-311.591,"y":-77,"angle":0},{"faceUp":false,"depth":0,"value":-1,"x":186.977,"y":-77,"angle":0},{"faceUp":false,"depth":0,"value":-1,"x":316.977,"y":-77,"angle":0},{"faceUp":false,"depth":0,"value":1,"x":3,"y":386.526,"angle":0},{"faceUp":false,"depth":0,"value":1,"x":3,"y":170.526,"angle":0},{"faceUp":false,"depth":1,"value":-1,"x":-62,"y":188.526,"angle":0},{"faceUp":false,"depth":1,"value":-1,"x":68,"y":188.526,"angle":0},{"faceUp":false,"depth":1,"value":-1,"x":-62,"y":368.526,"angle":0},{"faceUp":false,"depth":1,"value":-1,"x":68,"y":368.526,"angle":0},{"faceUp":false,"depth":1,"value":-1,"x":172,"y":278.526,"angle":0},{"faceUp":false,"depth":1,"value":-1,"x":-166,"y":278.526,"angle":0},{"faceUp":true,"depth":1,"value":-1,"x":-194.591,"y":-221,"angle":0},{"faceUp":true,"depth":1,"value":-1,"x":-194.591,"y":67,"angle":0},{"faceUp":true,"depth":1,"value":-1,"x":-194.591,"y":-77,"angle":0},{"faceUp":true,"depth":1,"value":-1,"x":-324.591,"y":-221,"angle":0},{"faceUp":true,"depth":1,"value":-1,"x":-324.591,"y":-77,"angle":0},{"faceUp":true,"depth":1,"value":-1,"x":-324.591,"y":67,"angle":0},{"faceUp":true,"depth":1,"value":-1,"x":329.977,"y":67,"angle":0},{"faceUp":true,"depth":1,"value":-1,"x":329.977,"y":-77,"angle":0},{"faceUp":true,"depth":1,"value":-1,"x":329.977,"y":-221,"angle":0},{"faceUp":true,"depth":1,"value":-1,"x":199.977,"y":-221,"angle":0},{"faceUp":true,"depth":1,"value":-1,"x":199.977,"y":-77,"angle":0},{"faceUp":true,"depth":1,"value":-1,"x":199.977,"y":67,"angle":0},{"faceUp":true,"depth":2,"value":-1,"x":-127,"y":278.526,"angle":0},{"faceUp":true,"depth":2,"value":-1,"x":133,"y":278.526,"angle":0}],"settings":{"disableCombo":false,"cost":2700,"reward":2850,"comboCoinReward":170,"undoCost":[700,1050,1400],"stars":[30,200,300],"wildCost":[8000],"cardsInStack":[-1,-1,-1,-1,-1,-1,-1,-1,-1,-1,-1,-1,-1,-1,-1],"comboBonus":[5,4,6,4],"extraCardCost":[5500,8250,11000]}}]],0,0,[],[],[]]