[1,0,0,[["cc.JsonAsset",["_name","json"],1]],[[0,0,1,3]],[[0,"182",{"cards":[{"faceUp":false,"depth":0,"value":-1,"x":202.813,"y":8.73,"angle":0},{"faceUp":false,"depth":0,"value":-1,"x":72.813,"y":-99.27,"angle":0},{"faceUp":false,"depth":0,"value":-1,"x":-185.355,"y":168.619,"angle":0},{"faceUp":false,"depth":0,"value":-1,"x":-55.355000000000004,"y":276.619,"angle":0},{"faceUp":false,"depth":0,"value":-1,"x":74.645,"y":168.619,"angle":0},{"faceUp":false,"depth":0,"value":-1,"x":204.645,"y":276.619,"angle":0},{"faceUp":false,"depth":0,"value":-1,"x":-187.187,"y":-99.27,"angle":0},{"faceUp":false,"depth":0,"value":-1,"x":-57.187,"y":8.73,"angle":0},{"faceUp":false,"depth":1,"value":-1,"x":72.813,"y":-81.27,"angle":0},{"faceUp":false,"depth":1,"value":-1,"x":202.813,"y":-9.27,"angle":0},{"faceUp":false,"depth":1,"value":-1,"x":-185.355,"y":186.619,"angle":0},{"faceUp":false,"depth":1,"value":-1,"x":-55.355000000000004,"y":258.619,"angle":0},{"faceUp":false,"depth":1,"value":-1,"x":74.645,"y":186.619,"angle":0},{"faceUp":false,"depth":1,"value":-1,"x":204.645,"y":258.619,"angle":0},{"faceUp":false,"depth":1,"value":-1,"x":-187.187,"y":-81.27,"angle":0},{"faceUp":false,"depth":1,"value":-1,"x":-57.187,"y":-9.27,"angle":0},{"faceUp":false,"depth":2,"value":-1,"x":72.813,"y":-63.27,"angle":0},{"faceUp":false,"depth":2,"value":-1,"x":202.813,"y":-27.27,"angle":0},{"faceUp":false,"depth":2,"value":-1,"x":-185.355,"y":204.619,"angle":0},{"faceUp":false,"depth":2,"value":-1,"x":-55.355000000000004,"y":240.619,"angle":0},{"faceUp":false,"depth":2,"value":-1,"x":74.645,"y":204.619,"angle":0},{"faceUp":false,"depth":2,"value":-1,"x":204.645,"y":240.619,"angle":0},{"faceUp":false,"depth":2,"value":-1,"x":-187.187,"y":-63.27,"angle":0},{"faceUp":false,"depth":2,"value":-1,"x":-57.187,"y":-27.27,"angle":0},{"faceUp":true,"depth":3,"value":-1,"x":72.813,"y":-45.27,"angle":0},{"faceUp":true,"depth":3,"value":-1,"x":202.813,"y":-45.27,"angle":0},{"faceUp":true,"depth":3,"value":-1,"x":-185.355,"y":222.619,"angle":0},{"faceUp":true,"depth":3,"value":-1,"x":-55.355000000000004,"y":222.619,"angle":0},{"faceUp":true,"depth":3,"value":-1,"x":74.645,"y":222.619,"angle":0},{"faceUp":true,"depth":3,"value":-1,"x":204.645,"y":222.619,"angle":0},{"faceUp":true,"depth":3,"value":-1,"x":-187.187,"y":-45.27,"angle":0},{"faceUp":true,"depth":3,"value":-1,"x":-57.187,"y":-45.27,"angle":0}],"settings":{"disableCombo":false,"cost":2500,"reward":2650,"comboCoinReward":170,"undoCost":[650,975,1300],"stars":[30,200,300],"wildCost":[7500],"cardsInStack":[-1,-1,-1,-1,-1,-1,-1,-1,-1,-1,-1,-1,-1,-1,-1,-1,-1,-1,-1,-1,-1,-1],"comboBonus":[5,4,6,4],"extraCardCost":[5000,7550,10000]}}]],0,0,[],[],[]]