[1,0,0,[["cc.JsonAsset",["_name","json"],1]],[[0,0,1,3]],[[0,"276",{"cards":[{"faceUp":false,"depth":0,"value":-1,"x":18.964,"y":-72,"angle":0},{"faceUp":false,"depth":0,"value":-1,"x":-137.036,"y":72,"angle":0},{"faceUp":false,"depth":0,"value":-1,"x":5.964,"y":72,"angle":0},{"faceUp":false,"depth":0,"value":-1,"x":161.964,"y":-72,"angle":0},{"faceUp":false,"depth":1,"value":-1,"x":31.964,"y":-72,"angle":0},{"faceUp":false,"depth":1,"value":-1,"x":-150.036,"y":72,"angle":0},{"faceUp":false,"depth":1,"value":-1,"x":-7.036,"y":72,"angle":0},{"faceUp":false,"depth":1,"value":-1,"x":174.964,"y":-72,"angle":0},{"faceUp":false,"depth":2,"value":-1,"x":44.964,"y":-72,"angle":0},{"faceUp":false,"depth":2,"value":-1,"x":-163.036,"y":72,"angle":0},{"faceUp":false,"depth":2,"value":-1,"x":-20.036,"y":72,"angle":0},{"faceUp":false,"depth":2,"value":-1,"x":187.964,"y":-72,"angle":0},{"faceUp":true,"depth":3,"value":-1,"x":57.964,"y":-72,"angle":0},{"faceUp":false,"depth":3,"value":-1,"x":-176.036,"y":72,"angle":0},{"faceUp":true,"depth":3,"value":-1,"x":-33.036,"y":72,"angle":0},{"faceUp":false,"depth":3,"value":-1,"x":200.964,"y":-72,"angle":0},{"faceUp":true,"depth":4,"value":-1,"x":-189.036,"y":-72,"angle":0},{"faceUp":true,"depth":4,"value":-1,"x":-85.036,"y":-72,"angle":0},{"faceUp":true,"depth":4,"value":-1,"x":-293.036,"y":-72,"angle":0},{"faceUp":true,"depth":4,"value":-1,"x":-189.036,"y":72,"angle":0},{"faceUp":true,"depth":4,"value":-1,"x":-293.036,"y":72,"angle":0},{"faceUp":true,"depth":4,"value":-1,"x":317.964,"y":-72,"angle":0},{"faceUp":true,"depth":4,"value":-1,"x":213.964,"y":-72,"angle":0},{"faceUp":true,"depth":4,"value":-1,"x":317.964,"y":72,"angle":0},{"faceUp":true,"depth":4,"value":-1,"x":109.964,"y":72,"angle":0},{"faceUp":true,"depth":4,"value":-1,"x":213.964,"y":72,"angle":0}],"settings":{"disableCombo":false,"cost":2700,"reward":2850,"comboCoinReward":170,"undoCost":[700,1050,1400],"stars":[30,200,300],"wildCost":[8000],"cardsInStack":[-1,-1,-1,-1,-1,-1,-1,-1,-1,-1,-1,-1,-1,-1,-1,-1],"comboBonus":[5,4,6,4],"extraCardCost":[5500,8250,11000]}}]],0,0,[],[],[]]