[1,0,0,[["cc.JsonAsset",["_name","json"],1]],[[0,0,1,3]],[[0,"63",{"cards":[{"faceUp":false,"depth":0,"value":-1,"x":-133.75,"y":297.868,"angle":0},{"faceUp":false,"depth":0,"value":-1,"x":9.25,"y":297.868,"angle":-10},{"faceUp":false,"depth":0,"value":-1,"x":152.25,"y":297.868,"angle":-15},{"faceUp":false,"depth":0,"value":-1,"x":-137.904,"y":-199.384,"angle":-15},{"faceUp":false,"depth":0,"value":-1,"x":5.096,"y":-199.384,"angle":-10},{"faceUp":false,"depth":0,"value":-1,"x":148.096,"y":-199.384,"angle":0},{"faceUp":false,"depth":1,"value":-1,"x":-137.904,"y":-163.384,"angle":-7},{"faceUp":false,"depth":1,"value":-1,"x":5.096,"y":-163.384,"angle":-5},{"faceUp":false,"depth":1,"value":-1,"x":148.096,"y":-163.384,"angle":0},{"faceUp":false,"depth":1,"value":-1,"x":-133.75,"y":261.868,"angle":0},{"faceUp":false,"depth":1,"value":-1,"x":9.25,"y":261.868,"angle":-5},{"faceUp":false,"depth":1,"value":-1,"x":152.25,"y":261.868,"angle":-7},{"faceUp":false,"depth":2,"value":-1,"x":-137.904,"y":-127.384,"angle":0},{"faceUp":false,"depth":2,"value":-1,"x":5.096,"y":-127.384,"angle":0},{"faceUp":false,"depth":2,"value":-1,"x":148.096,"y":-127.384,"angle":0},{"faceUp":false,"depth":2,"value":-1,"x":-133.75,"y":225.868,"angle":0},{"faceUp":false,"depth":2,"value":-1,"x":9.25,"y":225.868,"angle":0},{"faceUp":false,"depth":2,"value":-1,"x":152.25,"y":225.868,"angle":0},{"faceUp":false,"depth":3,"value":-1,"x":-137.904,"y":-91.384,"angle":0},{"faceUp":false,"depth":3,"value":-1,"x":5.096,"y":-91.384,"angle":0},{"faceUp":false,"depth":3,"value":-1,"x":148.096,"y":-91.384,"angle":0},{"faceUp":false,"depth":3,"value":-1,"x":-133.75,"y":189.868,"angle":0},{"faceUp":false,"depth":3,"value":-1,"x":9.25,"y":189.868,"angle":0},{"faceUp":false,"depth":3,"value":-1,"x":152.25,"y":189.868,"angle":0},{"faceUp":true,"depth":4,"value":-1,"x":-137.904,"y":-55.384,"angle":0},{"faceUp":true,"depth":4,"value":-1,"x":5.096,"y":-55.384,"angle":0},{"faceUp":true,"depth":4,"value":-1,"x":148.096,"y":-55.384,"angle":0},{"faceUp":true,"depth":4,"value":-1,"x":-133.75,"y":153.868,"angle":0},{"faceUp":true,"depth":4,"value":-1,"x":9.25,"y":153.868,"angle":0},{"faceUp":true,"depth":4,"value":-1,"x":152.25,"y":153.868,"angle":0}],"settings":{"disableCombo":false,"cost":2000,"reward":2100,"comboCoinReward":150,"undoCost":[500,750,1000],"stars":[30,150,250],"wildCost":[6000],"cardsInStack":[-1,-1,-1,-1,-1,-1,-1,-1,-1,-1,-1,-1,-1,-1,-1,-1,-1,-1,-1,-1,-1],"comboBonus":[5,4,6,4],"extraCardCost":[4000,6000,8000]}}]],0,0,[],[],[]]