[1,0,0,[["cc.JsonAsset",["_name","json"],1]],[[0,0,1,3]],[[0,"105",{"cards":[{"faceUp":true,"depth":0,"value":-1,"x":-61,"y":207.455,"angle":0},{"faceUp":true,"depth":0,"value":-1,"x":69,"y":207.455,"angle":0},{"faceUp":true,"depth":0,"value":-1,"x":199,"y":207.455,"angle":0},{"faceUp":true,"depth":0,"value":-1,"x":329,"y":207.455,"angle":0},{"faceUp":false,"depth":0,"value":-1,"x":-203,"y":207.455,"angle":0},{"faceUp":true,"depth":0,"value":-1,"x":-320,"y":306.169,"angle":0},{"faceUp":true,"depth":0,"value":-1,"x":-320,"y":144.169,"angle":0},{"faceUp":false,"depth":0,"value":-1,"x":-190,"y":45.455,"angle":0},{"faceUp":false,"depth":0,"value":-1,"x":-60,"y":45.455,"angle":0},{"faceUp":false,"depth":0,"value":-1,"x":70,"y":45.455,"angle":0},{"faceUp":false,"depth":0,"value":-1,"x":200,"y":45.455,"angle":0},{"faceUp":false,"depth":0,"value":-1,"x":330,"y":45.455,"angle":0},{"faceUp":false,"depth":0,"value":-1,"x":-321.199,"y":-17.762,"angle":0},{"faceUp":false,"depth":1,"value":-1,"x":-190,"y":207.455,"angle":0},{"faceUp":true,"depth":1,"value":-1,"x":-190,"y":27.455,"angle":0},{"faceUp":false,"depth":1,"value":-1,"x":-60,"y":27.455,"angle":0},{"faceUp":false,"depth":1,"value":-1,"x":70,"y":27.455,"angle":0},{"faceUp":false,"depth":1,"value":-1,"x":200,"y":27.455,"angle":0},{"faceUp":false,"depth":1,"value":-1,"x":330,"y":27.455,"angle":0},{"faceUp":false,"depth":1,"value":-1,"x":-321.199,"y":-35.762,"angle":0},{"faceUp":true,"depth":2,"value":-1,"x":-177,"y":207.455,"angle":0},{"faceUp":true,"depth":2,"value":-1,"x":-60,"y":9.455,"angle":0},{"faceUp":false,"depth":2,"value":-1,"x":70,"y":9.455,"angle":0},{"faceUp":false,"depth":2,"value":-1,"x":200,"y":9.455,"angle":0},{"faceUp":false,"depth":2,"value":-1,"x":330,"y":9.455,"angle":0},{"faceUp":false,"depth":2,"value":-1,"x":-321.199,"y":-53.762,"angle":0},{"faceUp":true,"depth":3,"value":-1,"x":70,"y":-8.545,"angle":0},{"faceUp":false,"depth":3,"value":-1,"x":200,"y":-8.545,"angle":0},{"faceUp":false,"depth":3,"value":-1,"x":330,"y":-8.545,"angle":0},{"faceUp":false,"depth":3,"value":-1,"x":-321.199,"y":-71.762,"angle":0},{"faceUp":true,"depth":4,"value":-1,"x":200,"y":-26.545,"angle":0},{"faceUp":false,"depth":4,"value":-1,"x":330,"y":-26.545,"angle":0},{"faceUp":false,"depth":4,"value":-1,"x":-321.199,"y":-89.762,"angle":0},{"faceUp":true,"depth":5,"value":-1,"x":330,"y":-44.545,"angle":0},{"faceUp":false,"depth":5,"value":-1,"x":-321.199,"y":-107.762,"angle":0},{"faceUp":true,"depth":6,"value":-1,"x":-321.199,"y":-125.762,"angle":0}],"settings":{"disableCombo":false,"cost":2200,"reward":2400,"comboCoinReward":170,"undoCost":[500,750,1000],"stars":[30,200,300],"wildCost":[6500],"cardsInStack":[-1,-1,-1,-1,-1,-1,-1,-1,-1,-1,-1,-1,-1,-1,-1,-1,-1,-1,-1,-1,-1,-1,-1],"comboBonus":[5,4,6,4],"extraCardCost":[4500,6750,9000]}}]],0,0,[],[],[]]