[1,0,0,[["cc.JsonAsset",["_name","json"],1]],[[0,0,1,3]],[[0,"47",{"cards":[{"faceUp":false,"depth":0,"value":-1,"x":4.267,"y":402.619,"angle":0},{"faceUp":false,"depth":0,"value":-1,"x":219.267,"y":82.619,"angle":0},{"faceUp":false,"depth":0,"value":-1,"x":108.267,"y":402.619,"angle":0},{"faceUp":false,"depth":0,"value":-1,"x":4.267,"y":114.619,"angle":0},{"faceUp":false,"depth":0,"value":-1,"x":108.267,"y":114.619,"angle":0},{"faceUp":false,"depth":0,"value":-1,"x":219.267,"y":-205.381,"angle":0},{"faceUp":false,"depth":0,"value":-1,"x":219.267,"y":-61.381,"angle":0},{"faceUp":false,"depth":0,"value":-1,"x":108.267,"y":258.619,"angle":0},{"faceUp":false,"depth":0,"value":-1,"x":-99.733,"y":402.619,"angle":0},{"faceUp":false,"depth":0,"value":-1,"x":-99.733,"y":258.619,"angle":0},{"faceUp":false,"depth":0,"value":-1,"x":-99.733,"y":114.619,"angle":0},{"faceUp":false,"depth":0,"value":-1,"x":-204.733,"y":82.619,"angle":0},{"faceUp":false,"depth":0,"value":-1,"x":-204.733,"y":-61.381,"angle":0},{"faceUp":false,"depth":0,"value":-1,"x":-204.733,"y":-205.381,"angle":0},{"faceUp":false,"depth":1,"value":-1,"x":163.01,"y":44.869,"angle":0},{"faceUp":false,"depth":1,"value":-1,"x":56.267,"y":366.619,"angle":0},{"faceUp":false,"depth":1,"value":-1,"x":56.267,"y":150.619,"angle":0},{"faceUp":false,"depth":1,"value":-1,"x":163.01,"y":-171.131,"angle":0},{"faceUp":false,"depth":1,"value":-1,"x":-47.733,"y":366.619,"angle":0},{"faceUp":false,"depth":1,"value":-1,"x":-47.733,"y":150.619,"angle":0},{"faceUp":false,"depth":1,"value":-1,"x":-152.468,"y":48.358,"angle":0},{"faceUp":false,"depth":1,"value":-1,"x":-152.468,"y":-167.642,"angle":0},{"faceUp":true,"depth":2,"value":-1,"x":4.267,"y":330.619,"angle":0},{"faceUp":true,"depth":2,"value":-1,"x":4.267,"y":186.619,"angle":0},{"faceUp":true,"depth":2,"value":-1,"x":288.267,"y":-61.381,"angle":0},{"faceUp":true,"depth":2,"value":-1,"x":-100.733,"y":-61.381,"angle":0},{"faceUp":true,"depth":3,"value":-1,"x":115.267,"y":-61.381,"angle":0},{"faceUp":true,"depth":3,"value":-1,"x":160.267,"y":258.619,"angle":0},{"faceUp":true,"depth":3,"value":-1,"x":-151.733,"y":258.619,"angle":0},{"faceUp":true,"depth":3,"value":-1,"x":-256.733,"y":-61.381,"angle":0}],"settings":{"disableCombo":false,"cost":1500,"reward":1550,"comboCoinReward":100,"undoCost":[400,600,800],"stars":[30,100,200],"wildCost":[4500],"cardsInStack":[-1,-1,-1,-1,-1,-1,-1,-1,-1,-1,-1,-1,-1,-1,-1,-1,-1,-1,-1,-1],"comboBonus":[5,4,6,4],"extraCardCost":[3000,4500,6000]}}]],0,0,[],[],[]]