[1,0,0,[["cc.JsonAsset",["_name","json"],1]],[[0,0,1,3]],[[0,"17",{"cards":[{"faceUp":false,"depth":0,"value":-1,"x":-70.02,"y":157.703,"angle":0},{"faceUp":false,"depth":0,"value":-1,"x":-226.02,"y":157.703,"angle":0},{"faceUp":false,"depth":0,"value":-1,"x":85.98,"y":157.703,"angle":0},{"faceUp":false,"depth":0,"value":1,"x":241.98,"y":157.703,"angle":0},{"faceUp":false,"depth":1,"value":-1,"x":-226.02,"y":139.703,"angle":0},{"faceUp":false,"depth":1,"value":-1,"x":-70.02,"y":139.703,"angle":0},{"faceUp":false,"depth":1,"value":1,"x":85.98,"y":139.703,"angle":0},{"faceUp":false,"depth":1,"value":-1,"x":241.98,"y":139.703,"angle":0},{"faceUp":false,"depth":2,"value":-1,"x":241.98,"y":121.703,"angle":0},{"faceUp":false,"depth":2,"value":-1,"x":-226.02,"y":121.703,"angle":0},{"faceUp":false,"depth":2,"value":-1,"x":85.98,"y":121.703,"angle":0},{"faceUp":false,"depth":2,"value":1,"x":-70.02,"y":121.703,"angle":0},{"faceUp":false,"depth":3,"value":-1,"x":-70.02,"y":103.703,"angle":0},{"faceUp":false,"depth":3,"value":-1,"x":241.98,"y":103.703,"angle":0},{"faceUp":false,"depth":3,"value":-1,"x":85.98,"y":103.703,"angle":0},{"faceUp":false,"depth":3,"value":1,"x":-226.02,"y":103.703,"angle":0},{"faceUp":true,"depth":4,"value":-1,"x":241.98,"y":85.703,"angle":0},{"faceUp":true,"depth":4,"value":-1,"x":85.98,"y":85.703,"angle":0},{"faceUp":true,"depth":4,"value":-1,"x":-70.02,"y":85.703,"angle":0},{"faceUp":true,"depth":4,"value":-1,"x":-226.02,"y":85.703,"angle":0}],"settings":{"disableCombo":false,"cost":1000,"reward":1050,"comboCoinReward":50,"undoCost":[100,150,400],"stars":[15,80,120],"wildCost":[1000],"cardsInStack":[-1,-1,-1,-1,-1,-1,-1,-1],"comboBonus":[5,4,6,4],"extraCardCost":[200,300,500]}}]],0,0,[],[],[]]