[1,0,0,[["cc.JsonAsset",["_name","json"],1]],[[0,0,1,3]],[[0,"246",{"cards":[{"faceUp":false,"depth":0,"value":-1,"x":54.031,"y":350.975,"angle":0},{"faceUp":false,"depth":0,"value":-1,"x":171.031,"y":350.975,"angle":0},{"faceUp":false,"depth":0,"value":-1,"x":-179.969,"y":350.975,"angle":0},{"faceUp":false,"depth":0,"value":-1,"x":-62.969,"y":350.975,"angle":0},{"faceUp":false,"depth":0,"value":-1,"x":3.575,"y":-37.784,"angle":0},{"faceUp":false,"depth":0,"value":-1,"x":237.575,"y":-37.784,"angle":0},{"faceUp":false,"depth":0,"value":-1,"x":120.575,"y":-37.784,"angle":0},{"faceUp":false,"depth":0,"value":-1,"x":-113.425,"y":-37.784,"angle":0},{"faceUp":false,"depth":0,"value":-1,"x":-230.425,"y":-37.784,"angle":0},{"faceUp":false,"depth":1,"value":-1,"x":54.031,"y":278.975,"angle":0},{"faceUp":false,"depth":1,"value":-1,"x":171.031,"y":278.975,"angle":0},{"faceUp":false,"depth":1,"value":-1,"x":-179.969,"y":278.975,"angle":0},{"faceUp":false,"depth":1,"value":-1,"x":-62.969,"y":278.975,"angle":0},{"faceUp":false,"depth":1,"value":-1,"x":3.575,"y":-109.784,"angle":0},{"faceUp":false,"depth":1,"value":-1,"x":237.575,"y":-109.784,"angle":0},{"faceUp":false,"depth":1,"value":-1,"x":120.575,"y":-109.784,"angle":0},{"faceUp":false,"depth":1,"value":-1,"x":-113.425,"y":-109.784,"angle":0},{"faceUp":false,"depth":1,"value":-1,"x":-230.425,"y":-109.784,"angle":0},{"faceUp":false,"depth":2,"value":-1,"x":54.031,"y":206.975,"angle":0},{"faceUp":false,"depth":2,"value":-1,"x":171.031,"y":206.975,"angle":0},{"faceUp":false,"depth":2,"value":-1,"x":-179.969,"y":206.975,"angle":0},{"faceUp":false,"depth":2,"value":-1,"x":-62.969,"y":206.975,"angle":0},{"faceUp":false,"depth":2,"value":-1,"x":3.575,"y":-181.784,"angle":0},{"faceUp":false,"depth":2,"value":-1,"x":237.575,"y":-181.784,"angle":0},{"faceUp":false,"depth":2,"value":-1,"x":120.575,"y":-181.784,"angle":0},{"faceUp":false,"depth":2,"value":-1,"x":-113.425,"y":-181.784,"angle":0},{"faceUp":false,"depth":2,"value":-1,"x":-230.425,"y":-181.784,"angle":0},{"faceUp":true,"depth":3,"value":-1,"x":54.031,"y":134.975,"angle":0},{"faceUp":true,"depth":3,"value":-1,"x":171.031,"y":134.975,"angle":0},{"faceUp":true,"depth":3,"value":-1,"x":-179.969,"y":134.975,"angle":0},{"faceUp":true,"depth":3,"value":-1,"x":-62.969,"y":134.975,"angle":0},{"faceUp":true,"depth":3,"value":-1,"x":3.575,"y":-253.784,"angle":0},{"faceUp":true,"depth":3,"value":-1,"x":237.575,"y":-253.784,"angle":0},{"faceUp":true,"depth":3,"value":-1,"x":120.575,"y":-253.784,"angle":0},{"faceUp":true,"depth":3,"value":-1,"x":-113.425,"y":-253.784,"angle":0},{"faceUp":true,"depth":3,"value":-1,"x":-230.425,"y":-253.784,"angle":0}],"settings":{"disableCombo":false,"cost":2600,"reward":2750,"comboCoinReward":170,"undoCost":[650,975,1300],"stars":[30,200,300],"wildCost":[8000],"cardsInStack":[-1,-1,-1,-1,-1,-1,-1,-1,-1,-1,-1,-1,-1,-1,-1,-1,-1,-1,-1,-1,-1,-1,-1],"comboBonus":[5,4,6,4],"extraCardCost":[5000,7550,10000]}}]],0,0,[],[],[]]