[1,0,0,[["cc.JsonAsset",["_name","json"],1]],[[0,0,1,3]],[[0,"20",{"cards":[{"faceUp":false,"depth":0,"value":-1,"x":-87.838,"y":217.309,"angle":0},{"faceUp":false,"depth":0,"value":-1,"x":-87.838,"y":37.309,"angle":0},{"faceUp":false,"depth":0,"value":-1,"x":289.162,"y":217.309,"angle":0},{"faceUp":false,"depth":0,"value":-1,"x":289.162,"y":37.309,"angle":0},{"faceUp":false,"depth":1,"value":-1,"x":-152.838,"y":217.309,"angle":0},{"faceUp":false,"depth":1,"value":-1,"x":-152.838,"y":37.309,"angle":0},{"faceUp":false,"depth":1,"value":-1,"x":224.162,"y":217.309,"angle":0},{"faceUp":false,"depth":1,"value":-1,"x":224.162,"y":37.309,"angle":0},{"faceUp":false,"depth":2,"value":-1,"x":-217.838,"y":217.309,"angle":0},{"faceUp":false,"depth":2,"value":-1,"x":-217.838,"y":37.309,"angle":0},{"faceUp":false,"depth":2,"value":-1,"x":159.162,"y":217.309,"angle":0},{"faceUp":false,"depth":2,"value":-1,"x":159.162,"y":37.309,"angle":0},{"faceUp":false,"depth":3,"value":-1,"x":-282.838,"y":217.309,"angle":0},{"faceUp":false,"depth":3,"value":-1,"x":-282.838,"y":37.309,"angle":0},{"faceUp":false,"depth":3,"value":-1,"x":94.162,"y":217.309,"angle":0},{"faceUp":false,"depth":3,"value":-1,"x":94.162,"y":37.309,"angle":0},{"faceUp":true,"depth":4,"value":-1,"x":289.162,"y":127.309,"angle":0},{"faceUp":true,"depth":4,"value":-1,"x":-282.838,"y":127.309,"angle":0},{"faceUp":true,"depth":5,"value":-1,"x":224.162,"y":127.309,"angle":0},{"faceUp":true,"depth":5,"value":-1,"x":-217.838,"y":127.309,"angle":0},{"faceUp":true,"depth":6,"value":-1,"x":159.162,"y":127.309,"angle":0},{"faceUp":true,"depth":6,"value":-1,"x":-139.838,"y":127.309,"angle":0},{"faceUp":true,"depth":7,"value":-1,"x":94.162,"y":127.309,"angle":0},{"faceUp":true,"depth":7,"value":-1,"x":-87.838,"y":127.309,"angle":0}],"settings":{"disableCombo":false,"cost":1500,"reward":1550,"comboCoinReward":100,"undoCost":[100,150,400],"stars":[30,100,200],"wildCost":[500],"cardsInStack":[-1,-1,-1,-1,-1,-1,-1,-1,-1,-1,-1,-1,-1,-1,-1,-1,-1,-1,-1,-1,-1,-1,-1,-1,-1],"comboBonus":[5,4,5,5],"extraCardCost":[200,300,500]}}]],0,0,[],[],[]]