[1,0,0,[["cc.JsonAsset",["_name","json"],1]],[[0,0,1,3]],[[0,"85",{"cards":[{"faceUp":false,"depth":0,"value":-1,"x":-304.5,"y":221,"angle":-15},{"faceUp":false,"depth":0,"value":-1,"x":-122.5,"y":221,"angle":-15},{"faceUp":false,"depth":0,"value":-1,"x":72.5,"y":221,"angle":-15},{"faceUp":false,"depth":0,"value":-1,"x":267.5,"y":221,"angle":-15},{"faceUp":false,"depth":1,"value":-1,"x":-291.5,"y":167,"angle":-10},{"faceUp":false,"depth":1,"value":-1,"x":-109.5,"y":167,"angle":-10},{"faceUp":false,"depth":1,"value":-1,"x":85.5,"y":167,"angle":-10},{"faceUp":false,"depth":1,"value":-1,"x":280.5,"y":167,"angle":-10},{"faceUp":false,"depth":2,"value":-1,"x":-278.5,"y":113,"angle":-5},{"faceUp":false,"depth":2,"value":-1,"x":-96.5,"y":113,"angle":-5},{"faceUp":false,"depth":2,"value":-1,"x":98.5,"y":113,"angle":-5},{"faceUp":false,"depth":2,"value":-1,"x":293.5,"y":113,"angle":-5},{"faceUp":false,"depth":3,"value":-1,"x":-278.5,"y":59,"angle":5},{"faceUp":false,"depth":3,"value":-1,"x":-96.5,"y":59,"angle":5},{"faceUp":false,"depth":3,"value":-1,"x":98.5,"y":59,"angle":5},{"faceUp":false,"depth":3,"value":-1,"x":293.5,"y":59,"angle":5},{"faceUp":false,"depth":4,"value":-1,"x":-291.5,"y":5,"angle":20},{"faceUp":false,"depth":4,"value":-1,"x":-109.5,"y":5,"angle":20},{"faceUp":false,"depth":4,"value":-1,"x":85.5,"y":5,"angle":20},{"faceUp":false,"depth":4,"value":-1,"x":280.5,"y":5,"angle":20},{"faceUp":true,"depth":5,"value":-1,"x":-304.5,"y":-49,"angle":30},{"faceUp":true,"depth":5,"value":-1,"x":-122.5,"y":-49,"angle":30},{"faceUp":true,"depth":5,"value":-1,"x":72.5,"y":-49,"angle":30},{"faceUp":true,"depth":5,"value":-1,"x":267.5,"y":-49,"angle":30}],"settings":{"disableCombo":false,"cost":2000,"reward":2100,"comboCoinReward":150,"undoCost":[500,750,1000],"stars":[30,150,250],"wildCost":[6000],"cardsInStack":[-1,-1,-1,-1,-1,-1,-1,-1,-1,-1,-1,-1,-1,-1,-1,-1,-1,-1,-1,-1,-1,-1],"comboBonus":[5,4,6,4],"extraCardCost":[4000,6000,8000]}}]],0,0,[],[],[]]