[1,0,0,[["cc.JsonAsset",["_name","json"],1]],[[0,0,1,3]],[[0,"174",{"cards":[{"faceUp":false,"depth":0,"value":-1,"x":-63,"y":97.851,"angle":0},{"faceUp":false,"depth":0,"value":-1,"x":67,"y":97.851,"angle":0},{"faceUp":false,"depth":1,"value":-1,"x":-193,"y":133.851,"angle":0},{"faceUp":false,"depth":1,"value":-1,"x":-63,"y":133.851,"angle":0},{"faceUp":false,"depth":1,"value":-1,"x":67,"y":133.851,"angle":0},{"faceUp":false,"depth":1,"value":-1,"x":197,"y":133.851,"angle":0},{"faceUp":false,"depth":2,"value":-1,"x":-323,"y":169.851,"angle":0},{"faceUp":false,"depth":2,"value":-1,"x":-193,"y":169.851,"angle":0},{"faceUp":false,"depth":2,"value":-1,"x":-63,"y":169.851,"angle":0},{"faceUp":false,"depth":2,"value":-1,"x":67,"y":169.851,"angle":0},{"faceUp":false,"depth":2,"value":-1,"x":197,"y":169.851,"angle":0},{"faceUp":false,"depth":2,"value":-1,"x":327,"y":169.851,"angle":0},{"faceUp":false,"depth":3,"value":-1,"x":-259.38,"y":-86.828,"angle":0},{"faceUp":false,"depth":3,"value":-1,"x":-323,"y":205.851,"angle":0},{"faceUp":false,"depth":3,"value":-1,"x":-193,"y":205.851,"angle":0},{"faceUp":false,"depth":3,"value":-1,"x":-63,"y":205.851,"angle":0},{"faceUp":false,"depth":3,"value":-1,"x":67,"y":205.851,"angle":0},{"faceUp":false,"depth":3,"value":-1,"x":197,"y":205.851,"angle":0},{"faceUp":false,"depth":3,"value":-1,"x":327,"y":205.851,"angle":0},{"faceUp":false,"depth":3,"value":-1,"x":263,"y":-84.828,"angle":0},{"faceUp":true,"depth":4,"value":-1,"x":-259.38,"y":-50.828,"angle":0},{"faceUp":true,"depth":4,"value":-1,"x":-323,"y":241.851,"angle":0},{"faceUp":true,"depth":4,"value":-1,"x":-193,"y":241.851,"angle":0},{"faceUp":true,"depth":4,"value":-1,"x":-63,"y":241.851,"angle":0},{"faceUp":true,"depth":4,"value":-1,"x":67,"y":241.851,"angle":0},{"faceUp":true,"depth":4,"value":-1,"x":197,"y":241.851,"angle":0},{"faceUp":true,"depth":4,"value":-1,"x":327,"y":241.851,"angle":0},{"faceUp":true,"depth":4,"value":-1,"x":263,"y":-48.828,"angle":0}],"settings":{"disableCombo":false,"cost":2500,"reward":2650,"comboCoinReward":170,"undoCost":[650,975,1300],"stars":[30,200,300],"wildCost":[7500],"cardsInStack":[-1,-1,-1,-1,-1,-1,-1,-1,-1,-1,-1,-1,-1,-1,-1,-1,-1,-1],"comboBonus":[5,4,6,4],"extraCardCost":[5000,7550,10000]}}]],0,0,[],[],[]]