[1,0,0,[["cc.JsonAsset",["_name","json"],1]],[[0,0,1,3]],[[0,"203",{"cards":[{"faceUp":false,"depth":0,"value":-1,"x":331.976,"y":-202.757,"angle":0},{"faceUp":false,"depth":0,"value":-1,"x":227.976,"y":-202.757,"angle":0},{"faceUp":false,"depth":0,"value":-1,"x":123.976,"y":-202.757,"angle":0},{"faceUp":false,"depth":0,"value":-1,"x":19.976,"y":-202.757,"angle":0},{"faceUp":false,"depth":0,"value":-1,"x":-84.024,"y":-202.757,"angle":0},{"faceUp":false,"depth":0,"value":-1,"x":19.976,"y":-58.757,"angle":0},{"faceUp":false,"depth":0,"value":-1,"x":-84.024,"y":-58.757,"angle":0},{"faceUp":false,"depth":0,"value":-1,"x":123.976,"y":-58.757,"angle":0},{"faceUp":false,"depth":0,"value":-1,"x":227.976,"y":-58.757,"angle":0},{"faceUp":false,"depth":0,"value":-1,"x":331.976,"y":-58.757,"angle":0},{"faceUp":false,"depth":0,"value":-1,"x":-188.024,"y":-58.757,"angle":0},{"faceUp":false,"depth":0,"value":-1,"x":-188.024,"y":-202.757,"angle":0},{"faceUp":false,"depth":1,"value":-1,"x":279.976,"y":-274.757,"angle":0},{"faceUp":false,"depth":1,"value":-1,"x":175.976,"y":-274.757,"angle":0},{"faceUp":false,"depth":1,"value":-1,"x":71.976,"y":-274.757,"angle":0},{"faceUp":false,"depth":1,"value":-1,"x":-32.024,"y":-274.757,"angle":0},{"faceUp":false,"depth":1,"value":-1,"x":-136.024,"y":-274.757,"angle":0},{"faceUp":false,"depth":1,"value":-1,"x":279.976,"y":13.243,"angle":0},{"faceUp":false,"depth":1,"value":-1,"x":175.976,"y":13.243,"angle":0},{"faceUp":false,"depth":1,"value":-1,"x":71.976,"y":13.243,"angle":0},{"faceUp":false,"depth":1,"value":-1,"x":-32.024,"y":13.243,"angle":0},{"faceUp":false,"depth":1,"value":-1,"x":-136.024,"y":13.243,"angle":0},{"faceUp":false,"depth":1,"value":-1,"x":-136.024,"y":-130.757,"angle":0},{"faceUp":false,"depth":1,"value":-1,"x":-32.024,"y":-130.757,"angle":0},{"faceUp":false,"depth":1,"value":-1,"x":71.976,"y":-130.757,"angle":0},{"faceUp":false,"depth":1,"value":-1,"x":175.976,"y":-130.757,"angle":0},{"faceUp":false,"depth":1,"value":-1,"x":279.976,"y":-130.757,"angle":0},{"faceUp":true,"depth":1,"value":-1,"x":-240.024,"y":-130.757,"angle":0},{"faceUp":false,"depth":1,"value":-1,"x":-95.587,"y":347.213,"angle":0},{"faceUp":false,"depth":1,"value":-1,"x":-199.587,"y":347.213,"angle":0},{"faceUp":true,"depth":1,"value":-1,"x":-147.587,"y":203.213,"angle":0},{"faceUp":true,"depth":1,"value":-1,"x":-303.587,"y":347.213,"angle":0},{"faceUp":false,"depth":2,"value":-1,"x":-84.024,"y":-58.757,"angle":0},{"faceUp":false,"depth":2,"value":-1,"x":19.976,"y":-58.757,"angle":0},{"faceUp":false,"depth":2,"value":-1,"x":123.976,"y":-58.757,"angle":0},{"faceUp":false,"depth":2,"value":-1,"x":227.976,"y":-58.757,"angle":0},{"faceUp":false,"depth":2,"value":-1,"x":227.976,"y":-202.757,"angle":0},{"faceUp":false,"depth":2,"value":-1,"x":123.976,"y":-202.757,"angle":0},{"faceUp":false,"depth":2,"value":-1,"x":19.976,"y":-202.757,"angle":0},{"faceUp":false,"depth":2,"value":-1,"x":-84.024,"y":-202.757,"angle":0},{"faceUp":false,"depth":2,"value":-1,"x":-147.587,"y":383.213,"angle":0},{"faceUp":true,"depth":3,"value":-1,"x":-32.024,"y":-130.757,"angle":0},{"faceUp":true,"depth":3,"value":-1,"x":71.976,"y":-130.757,"angle":0},{"faceUp":true,"depth":3,"value":-1,"x":175.976,"y":-130.757,"angle":0},{"faceUp":true,"depth":3,"value":-1,"x":-147.587,"y":437.213,"angle":0}],"settings":{"disableCombo":false,"cost":2500,"reward":2650,"comboCoinReward":170,"undoCost":[650,975,1300],"stars":[30,200,300],"wildCost":[7500],"cardsInStack":[-1,-1,-1,-1,-1,-1,-1,-1,-1,-1,-1,-1,-1,-1,-1,-1,-1,-1,-1,-1,-1,-1,-1,-1,-1,-1,-1,-1,-1,-1],"comboBonus":[5,4,6,4],"extraCardCost":[5000,7550,10000]}}]],0,0,[],[],[]]