[1,["f8h4qM5vxBRKLUam1IRPEU","c9eLp5pwJGNY2652Xii3RS"],["spriteFrame","_textureSetter"],["cc.SpriteFrame",["cc.BitmapFont",["_name","fontSize","_fntConfig"],0]],[[1,0,1,2,4]],[[[[0,"lato_bold40",40,{"commonHeight":48,"fontSize":40,"atlasName":"lato_bold40.png","fontDefDictionary":{"32":{"xOffset":0,"yOffset":40,"xAdvance":8,"rect":{"x":166,"y":143,"width":0,"height":0}},"33":{"xOffset":4,"yOffset":9,"xAdvance":14,"rect":{"x":362,"y":49,"width":8,"height":31}},"34":{"xOffset":3,"yOffset":10,"xAdvance":17,"rect":{"x":105,"y":143,"width":13,"height":12}},"35":{"xOffset":1,"yOffset":10,"xAdvance":23,"rect":{"x":352,"y":81,"width":23,"height":30}},"36":{"xOffset":1,"yOffset":5,"xAdvance":23,"rect":{"x":82,"y":1,"width":22,"height":39}},"37":{"xOffset":1,"yOffset":9,"xAdvance":32,"rect":{"x":338,"y":1,"width":31,"height":31}},"38":{"xOffset":1,"yOffset":9,"xAdvance":29,"rect":{"x":402,"y":1,"width":29,"height":31}},"39":{"xOffset":3,"yOffset":10,"xAdvance":10,"rect":{"x":119,"y":143,"width":6,"height":12}},"40":{"xOffset":2,"yOffset":7,"xAdvance":12,"rect":{"x":105,"y":1,"width":10,"height":39}},"41":{"xOffset":2,"yOffset":7,"xAdvance":12,"rect":{"x":116,"y":1,"width":10,"height":39}},"42":{"xOffset":2,"yOffset":8,"xAdvance":16,"rect":{"x":62,"y":143,"width":14,"height":15}},"43":{"xOffset":2,"yOffset":15,"xAdvance":23,"rect":{"x":426,"y":112,"width":21,"height":22}},"44":{"xOffset":2,"yOffset":33,"xAdvance":9,"rect":{"x":77,"y":143,"width":7,"height":13}},"45":{"xOffset":2,"yOffset":24,"xAdvance":14,"rect":{"x":135,"y":143,"width":12,"height":6}},"46":{"xOffset":1,"yOffset":32,"xAdvance":9,"rect":{"x":126,"y":143,"width":8,"height":8}},"47":{"xOffset":0,"yOffset":9,"xAdvance":15,"rect":{"x":277,"y":1,"width":18,"height":33}},"48":{"xOffset":1,"yOffset":9,"xAdvance":23,"rect":{"x":52,"y":49,"width":23,"height":31}},"49":{"xOffset":3,"yOffset":10,"xAdvance":23,"rect":{"x":490,"y":81,"width":20,"height":30}},"50":{"xOffset":2,"yOffset":9,"xAdvance":23,"rect":{"x":169,"y":49,"width":21,"height":31}},"51":{"xOffset":2,"yOffset":9,"xAdvance":23,"rect":{"x":100,"y":49,"width":22,"height":31}},"52":{"xOffset":0,"yOffset":10,"xAdvance":23,"rect":{"x":227,"y":81,"width":24,"height":30}},"53":{"xOffset":2,"yOffset":9,"xAdvance":23,"rect":{"x":191,"y":49,"width":21,"height":31}},"54":{"xOffset":2,"yOffset":9,"xAdvance":23,"rect":{"x":123,"y":49,"width":22,"height":31}},"55":{"xOffset":2,"yOffset":10,"xAdvance":23,"rect":{"x":400,"y":81,"width":22,"height":30}},"56":{"xOffset":2,"yOffset":9,"xAdvance":23,"rect":{"x":146,"y":49,"width":22,"height":31}},"57":{"xOffset":3,"yOffset":9,"xAdvance":23,"rect":{"x":213,"y":49,"width":21,"height":31}},"58":{"xOffset":2,"yOffset":18,"xAdvance":11,"rect":{"x":17,"y":143,"width":8,"height":22}},"59":{"xOffset":2,"yOffset":19,"xAdvance":11,"rect":{"x":172,"y":112,"width":8,"height":27}},"60":{"xOffset":3,"yOffset":16,"xAdvance":23,"rect":{"x":26,"y":143,"width":17,"height":20}},"61":{"xOffset":3,"yOffset":20,"xAdvance":23,"rect":{"x":85,"y":143,"width":19,"height":12}},"62":{"xOffset":5,"yOffset":16,"xAdvance":23,"rect":{"x":44,"y":143,"width":17,"height":20}},"63":{"xOffset":1,"yOffset":9,"xAdvance":17,"rect":{"x":298,"y":49,"width":17,"height":31}},"64":{"xOffset":1,"yOffset":11,"xAdvance":33,"rect":{"x":199,"y":1,"width":32,"height":34}},"65":{"xOffset":0,"yOffset":10,"xAdvance":28,"rect":{"x":465,"y":49,"width":30,"height":30}},"66":{"xOffset":3,"yOffset":10,"xAdvance":26,"rect":{"x":376,"y":81,"width":23,"height":30}},"67":{"xOffset":1,"yOffset":9,"xAdvance":27,"rect":{"x":460,"y":1,"width":26,"height":31}},"68":{"xOffset":3,"yOffset":10,"xAdvance":30,"rect":{"x":90,"y":81,"width":27,"height":30}},"69":{"xOffset":3,"yOffset":10,"xAdvance":23,"rect":{"x":1,"y":112,"width":20,"height":30}},"70":{"xOffset":3,"yOffset":10,"xAdvance":22,"rect":{"x":22,"y":112,"width":20,"height":30}},"71":{"xOffset":1,"yOffset":9,"xAdvance":29,"rect":{"x":432,"y":1,"width":27,"height":31}},"72":{"xOffset":3,"yOffset":10,"xAdvance":30,"rect":{"x":146,"y":81,"width":26,"height":30}},"73":{"xOffset":4,"yOffset":10,"xAdvance":13,"rect":{"x":83,"y":112,"width":7,"height":30}},"74":{"xOffset":1,"yOffset":9,"xAdvance":17,"rect":{"x":316,"y":49,"width":15,"height":31}},"75":{"xOffset":3,"yOffset":10,"xAdvance":28,"rect":{"x":173,"y":81,"width":26,"height":30}},"76":{"xOffset":3,"yOffset":10,"xAdvance":21,"rect":{"x":64,"y":112,"width":18,"height":30}},"77":{"xOffset":3,"yOffset":10,"xAdvance":37,"rect":{"x":431,"y":49,"width":33,"height":30}},"78":{"xOffset":3,"yOffset":10,"xAdvance":30,"rect":{"x":200,"y":81,"width":26,"height":30}},"79":{"xOffset":1,"yOffset":9,"xAdvance":32,"rect":{"x":370,"y":1,"width":31,"height":31}},"80":{"xOffset":3,"yOffset":10,"xAdvance":25,"rect":{"x":423,"y":81,"width":22,"height":30}},"81":{"xOffset":1,"yOffset":10,"xAdvance":32,"rect":{"x":139,"y":1,"width":32,"height":36}},"82":{"xOffset":3,"yOffset":10,"xAdvance":26,"rect":{"x":252,"y":81,"width":24,"height":30}},"83":{"xOffset":1,"yOffset":9,"xAdvance":21,"rect":{"x":235,"y":49,"width":21,"height":31}},"84":{"xOffset":0,"yOffset":10,"xAdvance":24,"rect":{"x":277,"y":81,"width":24,"height":30}},"85":{"xOffset":3,"yOffset":9,"xAdvance":29,"rect":{"x":1,"y":49,"width":25,"height":31}},"86":{"xOffset":0,"yOffset":10,"xAdvance":28,"rect":{"x":1,"y":81,"width":30,"height":30}},"87":{"xOffset":0,"yOffset":10,"xAdvance":42,"rect":{"x":387,"y":49,"width":43,"height":30}},"88":{"xOffset":0,"yOffset":10,"xAdvance":27,"rect":{"x":32,"y":81,"width":28,"height":30}},"89":{"xOffset":0,"yOffset":10,"xAdvance":26,"rect":{"x":61,"y":81,"width":28,"height":30}},"90":{"xOffset":1,"yOffset":10,"xAdvance":25,"rect":{"x":302,"y":81,"width":24,"height":30}},"95":{"xOffset":0,"yOffset":41,"xAdvance":16,"rect":{"x":148,"y":143,"width":17,"height":5}},"97":{"xOffset":2,"yOffset":17,"xAdvance":21,"rect":{"x":257,"y":112,"width":19,"height":23}},"98":{"xOffset":3,"yOffset":8,"xAdvance":23,"rect":{"x":296,"y":1,"width":20,"height":32}},"99":{"xOffset":1,"yOffset":17,"xAdvance":19,"rect":{"x":277,"y":112,"width":19,"height":23}},"100":{"xOffset":1,"yOffset":8,"xAdvance":23,"rect":{"x":317,"y":1,"width":20,"height":32}},"101":{"xOffset":1,"yOffset":17,"xAdvance":21,"rect":{"x":236,"y":112,"width":20,"height":23}},"102":{"xOffset":0,"yOffset":9,"xAdvance":14,"rect":{"x":332,"y":49,"width":15,"height":31}},"103":{"xOffset":1,"yOffset":17,"xAdvance":21,"rect":{"x":446,"y":81,"width":21,"height":30}},"104":{"xOffset":3,"yOffset":9,"xAdvance":23,"rect":{"x":278,"y":49,"width":19,"height":31}},"105":{"xOffset":2,"yOffset":9,"xAdvance":11,"rect":{"x":371,"y":49,"width":8,"height":31}},"106":{"xOffset":-1,"yOffset":9,"xAdvance":11,"rect":{"x":127,"y":1,"width":11,"height":38}},"107":{"xOffset":3,"yOffset":9,"xAdvance":22,"rect":{"x":257,"y":49,"width":20,"height":31}},"108":{"xOffset":3,"yOffset":9,"xAdvance":11,"rect":{"x":380,"y":49,"width":6,"height":31}},"109":{"xOffset":3,"yOffset":18,"xAdvance":34,"rect":{"x":349,"y":112,"width":30,"height":22}},"110":{"xOffset":3,"yOffset":18,"xAdvance":23,"rect":{"x":448,"y":112,"width":19,"height":22}},"111":{"xOffset":1,"yOffset":17,"xAdvance":23,"rect":{"x":213,"y":112,"width":22,"height":23}},"112":{"xOffset":3,"yOffset":18,"xAdvance":23,"rect":{"x":114,"y":112,"width":20,"height":29}},"113":{"xOffset":1,"yOffset":18,"xAdvance":23,"rect":{"x":135,"y":112,"width":20,"height":29}},"114":{"xOffset":3,"yOffset":18,"xAdvance":16,"rect":{"x":1,"y":143,"width":15,"height":22}},"115":{"xOffset":1,"yOffset":17,"xAdvance":17,"rect":{"x":297,"y":112,"width":17,"height":23}},"116":{"xOffset":1,"yOffset":11,"xAdvance":15,"rect":{"x":156,"y":112,"width":15,"height":29}},"117":{"xOffset":2,"yOffset":18,"xAdvance":23,"rect":{"x":468,"y":112,"width":19,"height":22}},"118":{"xOffset":0,"yOffset":18,"xAdvance":21,"rect":{"x":380,"y":112,"width":22,"height":22}},"119":{"xOffset":0,"yOffset":18,"xAdvance":32,"rect":{"x":315,"y":112,"width":33,"height":22}},"120":{"xOffset":0,"yOffset":18,"xAdvance":22,"rect":{"x":403,"y":112,"width":22,"height":22}},"121":{"xOffset":0,"yOffset":18,"xAdvance":21,"rect":{"x":91,"y":112,"width":22,"height":29}},"122":{"xOffset":1,"yOffset":18,"xAdvance":19,"rect":{"x":488,"y":112,"width":18,"height":22}},"163":{"xOffset":1,"yOffset":9,"xAdvance":23,"rect":{"x":76,"y":49,"width":23,"height":31}},"165":{"xOffset":0,"yOffset":10,"xAdvance":23,"rect":{"x":327,"y":81,"width":24,"height":30}},"269":{"xOffset":2,"yOffset":7,"xAdvance":21,"rect":{"x":256,"y":1,"width":20,"height":33}},"322":{"xOffset":1,"yOffset":9,"xAdvance":14,"rect":{"x":348,"y":49,"width":13,"height":31}},"1073":{"xOffset":2,"yOffset":6,"xAdvance":25,"rect":{"x":232,"y":1,"width":23,"height":34}},"3647":{"xOffset":3,"yOffset":-2,"xAdvance":23,"rect":{"x":1,"y":1,"width":25,"height":47}},"8353":{"xOffset":1,"yOffset":7,"xAdvance":26,"rect":{"x":172,"y":1,"width":26,"height":35}},"8361":{"xOffset":0,"yOffset":10,"xAdvance":26,"rect":{"x":118,"y":81,"width":27,"height":30}},"8362":{"xOffset":4,"yOffset":15,"xAdvance":36,"rect":{"x":181,"y":112,"width":31,"height":25}},"8363":{"xOffset":2,"yOffset":8,"xAdvance":26,"rect":{"x":56,"y":1,"width":25,"height":39}},"8370":{"xOffset":2,"yOffset":4,"xAdvance":32,"rect":{"x":27,"y":1,"width":28,"height":42}},"8372":{"xOffset":0,"yOffset":10,"xAdvance":23,"rect":{"x":27,"y":49,"width":24,"height":31}},"8377":{"xOffset":2,"yOffset":10,"xAdvance":24,"rect":{"x":468,"y":81,"width":21,"height":30}},"8378":{"xOffset":2,"yOffset":10,"xAdvance":22,"rect":{"x":43,"y":112,"width":20,"height":30}}},"kerningDict":{}}]],0,0,[0],[0],[0]],[[{"name":"lato_bold40","rect":[2,1,509,164],"offset":[0.5,45],"originalSize":[512,256],"capInsets":[0,0,0,0]}],[0],0,[0],[1],[1]]]]