[1,0,0,[["cc.JsonAsset",["_name","json"],1]],[[0,0,1,3]],[[0,"271",{"cards":[{"faceUp":false,"depth":0,"value":-1,"x":353.889,"y":97.74600000000001,"angle":10},{"faceUp":false,"depth":0,"value":-1,"x":353.889,"y":-118.25399999999999,"angle":-10},{"faceUp":false,"depth":0,"value":-1,"x":13.5,"y":115.74600000000001,"angle":0},{"faceUp":false,"depth":0,"value":-1,"x":-331.714,"y":97.74600000000001,"angle":-10},{"faceUp":false,"depth":0,"value":-1,"x":-331.714,"y":-118.25399999999999,"angle":10},{"faceUp":false,"depth":1,"value":-1,"x":78.5,"y":97.74600000000001,"angle":5},{"faceUp":false,"depth":1,"value":-1,"x":-51.5,"y":97.74600000000001,"angle":-5},{"faceUp":false,"depth":2,"value":-1,"x":-77.5,"y":79.74600000000001,"angle":-10},{"faceUp":false,"depth":2,"value":-1,"x":104.5,"y":79.74600000000001,"angle":10},{"faceUp":false,"depth":3,"value":-1,"x":-103.5,"y":61.74600000000001,"angle":-15},{"faceUp":false,"depth":3,"value":-1,"x":130.5,"y":61.74600000000001,"angle":15},{"faceUp":false,"depth":4,"value":-1,"x":-305.714,"y":-100.254,"angle":10},{"faceUp":false,"depth":4,"value":-1,"x":327.889,"y":79.74600000000001,"angle":10},{"faceUp":false,"depth":4,"value":-1,"x":327.889,"y":-100.254,"angle":-10},{"faceUp":false,"depth":4,"value":-1,"x":-51.5,"y":7.745999999999995,"angle":5},{"faceUp":false,"depth":4,"value":-1,"x":78.5,"y":7.745999999999995,"angle":-5},{"faceUp":false,"depth":4,"value":-1,"x":-305.714,"y":79.74600000000001,"angle":-10},{"faceUp":false,"depth":5,"value":-1,"x":-142.5,"y":-136.25400000000002,"angle":5},{"faceUp":false,"depth":5,"value":-1,"x":169.5,"y":-136.25400000000002,"angle":-5},{"faceUp":false,"depth":5,"value":-1,"x":13.5,"y":25.745999999999995,"angle":0},{"faceUp":false,"depth":5,"value":-1,"x":13.5,"y":-118.25399999999999,"angle":0},{"faceUp":true,"depth":6,"value":-1,"x":-292.714,"y":-10.253999999999998,"angle":0},{"faceUp":true,"depth":6,"value":-1,"x":314.889,"y":-10.253999999999998,"angle":0},{"faceUp":true,"depth":6,"value":-1,"x":-181.5,"y":-118.25399999999999,"angle":15},{"faceUp":true,"depth":6,"value":-1,"x":13.5,"y":-46.254000000000005,"angle":0},{"faceUp":true,"depth":6,"value":-1,"x":208.5,"y":-118.25399999999999,"angle":-15}],"settings":{"disableCombo":false,"cost":2700,"reward":2850,"comboCoinReward":170,"undoCost":[700,1050,1400],"stars":[30,200,300],"wildCost":[8000],"cardsInStack":[-1,-1,-1,-1,-1,-1,-1,-1,-1,-1,-1,-1,-1,-1,-1,-1,-1,-1,-1],"comboBonus":[5,4,6,4],"extraCardCost":[5500,8250,11000]}}]],0,0,[],[],[]]