[1,0,0,[["cc.JsonAsset",["_name","json"],1]],[[0,0,1,3]],[[0,"107",{"cards":[{"faceUp":false,"depth":0,"value":-1,"x":196.404,"y":-22.314,"angle":0},{"faceUp":false,"depth":0,"value":-1,"x":79.404,"y":-22.314,"angle":0},{"faceUp":false,"depth":0,"value":-1,"x":-61.797,"y":441.203,"angle":0},{"faceUp":false,"depth":0,"value":-1,"x":-178.797,"y":441.203,"angle":0},{"faceUp":false,"depth":0,"value":-1,"x":198.203,"y":441.203,"angle":0},{"faceUp":false,"depth":0,"value":-1,"x":81.203,"y":441.203,"angle":0},{"faceUp":false,"depth":0,"value":-1,"x":-63.596,"y":-22.314,"angle":0},{"faceUp":false,"depth":0,"value":-1,"x":-180.596,"y":-22.314,"angle":0},{"faceUp":false,"depth":1,"value":-1,"x":170.404,"y":-76.314,"angle":0},{"faceUp":false,"depth":1,"value":-1,"x":-87.797,"y":387.203,"angle":0},{"faceUp":false,"depth":1,"value":-1,"x":172.203,"y":387.203,"angle":0},{"faceUp":false,"depth":1,"value":-1,"x":-89.596,"y":-76.314,"angle":0},{"faceUp":false,"depth":2,"value":-1,"x":105.404,"y":-76.314,"angle":0},{"faceUp":false,"depth":2,"value":-1,"x":-152.797,"y":387.203,"angle":0},{"faceUp":false,"depth":2,"value":-1,"x":107.203,"y":387.203,"angle":0},{"faceUp":false,"depth":2,"value":-1,"x":-154.596,"y":-76.314,"angle":0},{"faceUp":false,"depth":3,"value":-1,"x":196.404,"y":-166.314,"angle":0},{"faceUp":false,"depth":3,"value":-1,"x":79.404,"y":-166.314,"angle":0},{"faceUp":false,"depth":3,"value":-1,"x":-178.797,"y":297.203,"angle":0},{"faceUp":false,"depth":3,"value":-1,"x":-61.797,"y":297.203,"angle":0},{"faceUp":false,"depth":3,"value":-1,"x":81.203,"y":297.203,"angle":0},{"faceUp":false,"depth":3,"value":-1,"x":198.203,"y":297.203,"angle":0},{"faceUp":false,"depth":3,"value":-1,"x":-180.596,"y":-166.314,"angle":0},{"faceUp":false,"depth":3,"value":-1,"x":-63.596,"y":-166.314,"angle":0},{"faceUp":false,"depth":4,"value":-1,"x":79.404,"y":-310.314,"angle":0},{"faceUp":false,"depth":4,"value":-1,"x":196.404,"y":-310.314,"angle":0},{"faceUp":false,"depth":4,"value":-1,"x":-178.797,"y":153.203,"angle":0},{"faceUp":false,"depth":4,"value":-1,"x":-61.797,"y":153.203,"angle":0},{"faceUp":false,"depth":4,"value":-1,"x":81.203,"y":153.203,"angle":0},{"faceUp":false,"depth":4,"value":-1,"x":198.203,"y":153.203,"angle":0},{"faceUp":false,"depth":4,"value":-1,"x":-180.596,"y":-310.314,"angle":0},{"faceUp":false,"depth":4,"value":-1,"x":-63.596,"y":-310.314,"angle":0},{"faceUp":false,"depth":5,"value":-1,"x":170.404,"y":-238.314,"angle":0},{"faceUp":false,"depth":5,"value":-1,"x":-87.797,"y":225.203,"angle":0},{"faceUp":false,"depth":5,"value":-1,"x":172.203,"y":225.203,"angle":0},{"faceUp":false,"depth":5,"value":-1,"x":-89.596,"y":-238.314,"angle":0},{"faceUp":true,"depth":6,"value":-1,"x":105.404,"y":-238.314,"angle":0},{"faceUp":true,"depth":6,"value":-1,"x":-152.797,"y":225.203,"angle":0},{"faceUp":true,"depth":6,"value":-1,"x":107.203,"y":225.203,"angle":0},{"faceUp":true,"depth":6,"value":-1,"x":-154.596,"y":-238.314,"angle":0}],"settings":{"disableCombo":false,"cost":2200,"reward":2400,"comboCoinReward":170,"undoCost":[500,750,1000],"stars":[30,200,300],"wildCost":[6500],"cardsInStack":[-1,-1,-1,-1,-1,-1,-1,-1,-1,-1,-1,-1,-1,-1,-1,-1,-1,-1,-1,-1,-1,-1,-1,-1,-1,-1,-1,-1],"comboBonus":[5,4,6,4],"extraCardCost":[4500,6750,9000]}}]],0,0,[],[],[]]