[1,0,0,[["cc.JsonAsset",["_name","json"],1]],[[0,0,1,3]],[[0,"84",{"cards":[{"faceUp":false,"depth":0,"value":-1,"x":84.5,"y":-26,"angle":0},{"faceUp":false,"depth":0,"value":-1,"x":-97.5,"y":-26,"angle":0},{"faceUp":false,"depth":1,"value":-1,"x":71.5,"y":145,"angle":0},{"faceUp":false,"depth":1,"value":-1,"x":329.5,"y":181,"angle":30},{"faceUp":false,"depth":1,"value":-1,"x":-246.5,"y":181,"angle":-5},{"faceUp":false,"depth":1,"value":-1,"x":45.5,"y":-26,"angle":0},{"faceUp":false,"depth":1,"value":-1,"x":-58.5,"y":-26,"angle":0},{"faceUp":false,"depth":1,"value":-1,"x":-84.5,"y":145,"angle":0},{"faceUp":false,"depth":2,"value":-1,"x":303.5,"y":181,"angle":20},{"faceUp":false,"depth":2,"value":-1,"x":-272.5,"y":181,"angle":-10},{"faceUp":false,"depth":2,"value":-1,"x":71.5,"y":163,"angle":0},{"faceUp":false,"depth":2,"value":-1,"x":-6.5,"y":-26,"angle":0},{"faceUp":false,"depth":2,"value":-1,"x":-84.5,"y":163,"angle":0},{"faceUp":false,"depth":3,"value":-1,"x":71.5,"y":181,"angle":0},{"faceUp":false,"depth":3,"value":-1,"x":277.5,"y":181,"angle":10},{"faceUp":false,"depth":3,"value":-1,"x":-298.5,"y":181,"angle":-20},{"faceUp":false,"depth":3,"value":-1,"x":71.5,"y":-44,"angle":0},{"faceUp":false,"depth":3,"value":-1,"x":-84.5,"y":-44,"angle":0},{"faceUp":false,"depth":3,"value":-1,"x":-84.5,"y":181,"angle":0},{"faceUp":false,"depth":4,"value":-1,"x":71.5,"y":199,"angle":0},{"faceUp":true,"depth":4,"value":-1,"x":251.5,"y":181,"angle":5},{"faceUp":true,"depth":4,"value":-1,"x":-324.5,"y":163,"angle":-30},{"faceUp":false,"depth":4,"value":-1,"x":-58.5,"y":-44,"angle":0},{"faceUp":false,"depth":4,"value":-1,"x":45.5,"y":-44,"angle":0},{"faceUp":false,"depth":4,"value":-1,"x":-84.5,"y":199,"angle":0},{"faceUp":true,"depth":5,"value":-1,"x":71.5,"y":217,"angle":0},{"faceUp":true,"depth":5,"value":-1,"x":-84.5,"y":217,"angle":0},{"faceUp":true,"depth":5,"value":-1,"x":-6.5,"y":-44,"angle":0}],"settings":{"disableCombo":false,"cost":2000,"reward":2100,"comboCoinReward":150,"undoCost":[500,750,1000],"stars":[30,150,250],"wildCost":[6000],"cardsInStack":[-1,-1,-1,-1,-1,-1,-1,-1,-1,-1,-1,-1,-1,-1,-1,-1,-1,-1,-1,-1],"comboBonus":[5,4,6,4],"extraCardCost":[4000,6000,8000]}}]],0,0,[],[],[]]