[1,0,0,[["cc.JsonAsset",["_name","json"],1]],[[0,0,1,3]],[[0,"265",{"cards":[{"faceUp":false,"depth":0,"value":-1,"x":-4.843,"y":158.167,"angle":0},{"faceUp":false,"depth":0,"value":-1,"x":287.157,"y":-57.833,"angle":0},{"faceUp":false,"depth":1,"value":-1,"x":-43.843,"y":140.167,"angle":0},{"faceUp":false,"depth":1,"value":-1,"x":-292.843,"y":-57.833,"angle":0},{"faceUp":false,"depth":2,"value":-1,"x":227.157,"y":-57.833,"angle":0},{"faceUp":false,"depth":2,"value":-1,"x":-233.843,"y":-57.833,"angle":0},{"faceUp":false,"depth":2,"value":-1,"x":284.157,"y":158.167,"angle":0},{"faceUp":false,"depth":2,"value":-1,"x":-291.843,"y":158.167,"angle":0},{"faceUp":false,"depth":3,"value":-1,"x":34.157,"y":140.167,"angle":0},{"faceUp":false,"depth":3,"value":-1,"x":167.157,"y":-57.833,"angle":0},{"faceUp":false,"depth":3,"value":-1,"x":-174.843,"y":-57.833,"angle":0},{"faceUp":false,"depth":3,"value":-1,"x":284.157,"y":140.167,"angle":0},{"faceUp":false,"depth":3,"value":-1,"x":-291.843,"y":140.167,"angle":0},{"faceUp":false,"depth":4,"value":-1,"x":-4.843,"y":122.167,"angle":0},{"faceUp":false,"depth":4,"value":-1,"x":99.157,"y":122.167,"angle":0},{"faceUp":false,"depth":4,"value":-1,"x":-108.843,"y":122.167,"angle":0},{"faceUp":false,"depth":4,"value":-1,"x":107.157,"y":-57.833,"angle":0},{"faceUp":false,"depth":4,"value":-1,"x":-116.843,"y":-57.833,"angle":0},{"faceUp":true,"depth":4,"value":-1,"x":284.157,"y":122.167,"angle":0},{"faceUp":true,"depth":4,"value":-1,"x":-291.843,"y":122.167,"angle":0},{"faceUp":true,"depth":5,"value":-1,"x":-56.843,"y":104.167,"angle":0},{"faceUp":true,"depth":5,"value":-1,"x":47.157,"y":104.167,"angle":0},{"faceUp":true,"depth":5,"value":-1,"x":151.157,"y":104.167,"angle":0},{"faceUp":true,"depth":5,"value":-1,"x":-160.843,"y":104.167,"angle":0},{"faceUp":true,"depth":5,"value":-1,"x":47.157,"y":-57.833,"angle":0},{"faceUp":true,"depth":5,"value":-1,"x":-56.843,"y":-57.833,"angle":0}],"settings":{"disableCombo":false,"cost":2700,"reward":2850,"comboCoinReward":170,"undoCost":[700,1050,1400],"stars":[30,200,300],"wildCost":[8000],"cardsInStack":[-1,-1,-1,-1,-1,-1,-1,-1,-1,-1,-1,-1,-1,-1,-1,-1,-1],"comboBonus":[5,4,6,4],"extraCardCost":[5500,8250,11000]}}]],0,0,[],[],[]]