[1,0,0,[["cc.JsonAsset",["_name","json"],1]],[[0,0,1,3]],[[0,"123",{"cards":[{"faceUp":false,"depth":0,"value":-1,"x":-67.944,"y":185.111,"angle":0},{"faceUp":false,"depth":0,"value":-1,"x":62.056,"y":185.111,"angle":0},{"faceUp":false,"depth":0,"value":-1,"x":-67.944,"y":23.110999999999997,"angle":0},{"faceUp":false,"depth":0,"value":-1,"x":62.056,"y":23.110999999999997,"angle":0},{"faceUp":false,"depth":1,"value":-1,"x":101.056,"y":203.111,"angle":0},{"faceUp":false,"depth":1,"value":-1,"x":101.056,"y":5.111000000000001,"angle":0},{"faceUp":false,"depth":1,"value":-1,"x":-106.944,"y":203.111,"angle":0},{"faceUp":false,"depth":1,"value":-1,"x":-106.944,"y":5.111000000000001,"angle":0},{"faceUp":false,"depth":2,"value":-1,"x":140.056,"y":221.111,"angle":0},{"faceUp":false,"depth":2,"value":-1,"x":-145.944,"y":221.111,"angle":0},{"faceUp":false,"depth":2,"value":-1,"x":-145.944,"y":-12.889,"angle":0},{"faceUp":false,"depth":2,"value":-1,"x":140.056,"y":-12.889,"angle":0},{"faceUp":false,"depth":3,"value":-1,"x":-184.944,"y":221.111,"angle":0},{"faceUp":false,"depth":3,"value":-1,"x":179.056,"y":221.111,"angle":0},{"faceUp":false,"depth":3,"value":-1,"x":-184.944,"y":-12.889,"angle":0},{"faceUp":false,"depth":3,"value":-1,"x":179.056,"y":-12.889,"angle":0},{"faceUp":false,"depth":4,"value":-1,"x":-223.944,"y":221.111,"angle":0},{"faceUp":false,"depth":4,"value":-1,"x":218.056,"y":221.111,"angle":0},{"faceUp":false,"depth":4,"value":-1,"x":-223.944,"y":-12.889,"angle":0},{"faceUp":false,"depth":4,"value":-1,"x":218.056,"y":-12.889,"angle":0},{"faceUp":true,"depth":5,"value":-1,"x":-275.944,"y":221.111,"angle":0},{"faceUp":true,"depth":5,"value":-1,"x":-275.944,"y":-12.889,"angle":0},{"faceUp":true,"depth":5,"value":-1,"x":270.056,"y":221.111,"angle":0},{"faceUp":true,"depth":5,"value":-1,"x":270.056,"y":-12.889,"angle":0}],"settings":{"disableCombo":false,"cost":2200,"reward":2400,"comboCoinReward":170,"undoCost":[500,750,1000],"stars":[30,200,300],"wildCost":[6500],"cardsInStack":[-1,-1,-1,-1,-1,-1,-1,-1,-1,-1,-1,-1,-1,-1,-1,-1,-1,-1,-1],"comboBonus":[5,4,6,4],"extraCardCost":[4500,6750,9000]}}]],0,0,[],[],[]]