[1,0,0,[["cc.JsonAsset",["_name","json"],1]],[[0,0,1,3]],[[0,"143",{"cards":[{"faceUp":false,"depth":0,"value":-1,"x":-11,"y":91.981,"angle":0},{"faceUp":false,"depth":1,"value":-1,"x":-11,"y":73.981,"angle":0},{"faceUp":false,"depth":1,"value":-1,"x":-76,"y":-124.019,"angle":0},{"faceUp":false,"depth":1,"value":-1,"x":54,"y":-124.019,"angle":0},{"faceUp":false,"depth":1,"value":-1,"x":-64.595,"y":279,"angle":0},{"faceUp":false,"depth":1,"value":-1,"x":67.88,"y":279,"angle":0},{"faceUp":false,"depth":1,"value":-1,"x":210.88,"y":279,"angle":0},{"faceUp":false,"depth":1,"value":-1,"x":340.88,"y":261,"angle":0},{"faceUp":false,"depth":1,"value":-1,"x":-207.595,"y":279,"angle":0},{"faceUp":false,"depth":1,"value":-1,"x":-337.595,"y":261,"angle":0},{"faceUp":true,"depth":2,"value":-1,"x":-11,"y":55.980999999999995,"angle":0},{"faceUp":true,"depth":2,"value":-1,"x":-76,"y":-106.019,"angle":0},{"faceUp":true,"depth":2,"value":-1,"x":54,"y":-106.019,"angle":0},{"faceUp":false,"depth":2,"value":-1,"x":275.88,"y":188,"angle":0},{"faceUp":false,"depth":2,"value":-1,"x":145.88,"y":204,"angle":0},{"faceUp":false,"depth":2,"value":-1,"x":-142.595,"y":207,"angle":0},{"faceUp":false,"depth":2,"value":-1,"x":-272.595,"y":171,"angle":0},{"faceUp":false,"depth":3,"value":-1,"x":210.88,"y":297,"angle":0},{"faceUp":false,"depth":3,"value":-1,"x":-207.595,"y":297,"angle":0},{"faceUp":true,"depth":4,"value":-1,"x":275.88,"y":205,"angle":0},{"faceUp":false,"depth":4,"value":-1,"x":146.595,"y":223,"angle":0},{"faceUp":true,"depth":4,"value":-1,"x":-272.595,"y":189,"angle":0},{"faceUp":false,"depth":4,"value":-1,"x":-142.595,"y":225,"angle":0},{"faceUp":true,"depth":5,"value":-1,"x":67.88,"y":297,"angle":0},{"faceUp":true,"depth":5,"value":-1,"x":-64.595,"y":297,"angle":0}],"settings":{"disableCombo":false,"cost":2200,"reward":2400,"comboCoinReward":170,"undoCost":[500,750,1000],"stars":[30,200,300],"wildCost":[6500],"cardsInStack":[-1,-1,-1,-1,-1,-1,-1,-1,-1,-1,-1,-1,-1,-1,-1,-1,-1,-1,-1,-1],"comboBonus":[5,4,6,4],"extraCardCost":[4500,6750,9000]}}]],0,0,[],[],[]]