[1,0,0,[["cc.JsonAsset",["_name","json"],1]],[[0,0,1,3]],[[0,"239",{"cards":[{"faceUp":false,"depth":0,"value":-1,"x":351,"y":-99.928,"angle":0},{"faceUp":false,"depth":0,"value":-1,"x":-234,"y":98.072,"angle":0},{"faceUp":false,"depth":0,"value":-1,"x":117,"y":-45.928,"angle":0},{"faceUp":false,"depth":0,"value":-1,"x":234,"y":-63.928,"angle":0},{"faceUp":false,"depth":0,"value":-1,"x":-351,"y":-99.928,"angle":0},{"faceUp":false,"depth":0,"value":-1,"x":-234,"y":-81.928,"angle":0},{"faceUp":false,"depth":0,"value":-1,"x":-351,"y":62.072,"angle":0},{"faceUp":false,"depth":0,"value":-1,"x":234,"y":98.072,"angle":0},{"faceUp":false,"depth":0,"value":-1,"x":351,"y":62.072,"angle":0},{"faceUp":false,"depth":0,"value":-1,"x":0,"y":170.072,"angle":0},{"faceUp":false,"depth":0,"value":-1,"x":117,"y":134.072,"angle":0},{"faceUp":false,"depth":0,"value":-1,"x":0,"y":-9.928,"angle":0},{"faceUp":false,"depth":0,"value":-1,"x":-117,"y":-45.928,"angle":0},{"faceUp":false,"depth":0,"value":-1,"x":-117,"y":134.072,"angle":0},{"faceUp":false,"depth":1,"value":-1,"x":299,"y":-9.928,"angle":0},{"faceUp":false,"depth":1,"value":-1,"x":-299,"y":-9.928,"angle":0},{"faceUp":false,"depth":1,"value":-1,"x":-65,"y":44.072,"angle":0},{"faceUp":false,"depth":1,"value":-1,"x":-182,"y":8.072,"angle":0},{"faceUp":false,"depth":1,"value":-1,"x":182,"y":8.072,"angle":0},{"faceUp":false,"depth":1,"value":-1,"x":65,"y":44.072,"angle":0},{"faceUp":true,"depth":2,"value":-1,"x":299,"y":62.072,"angle":0},{"faceUp":true,"depth":2,"value":-1,"x":-299,"y":62.072,"angle":0},{"faceUp":true,"depth":2,"value":-1,"x":-65,"y":116.072,"angle":0},{"faceUp":true,"depth":2,"value":-1,"x":-182,"y":80.072,"angle":0},{"faceUp":true,"depth":2,"value":-1,"x":182,"y":80.072,"angle":0},{"faceUp":true,"depth":2,"value":-1,"x":65,"y":116.072,"angle":0}],"settings":{"disableCombo":false,"cost":2600,"reward":2750,"comboCoinReward":170,"undoCost":[650,975,1300],"stars":[30,200,300],"wildCost":[8000],"cardsInStack":[-1,-1,-1,-1,-1,-1,-1,-1,-1,-1,-1,-1,-1,-1,-1,-1,-1,-1,-1,-1,-1],"comboBonus":[5,4,6,4],"extraCardCost":[5000,7550,10000]}}]],0,0,[],[],[]]