[1,0,0,[["cc.JsonAsset",["_name","json"],1]],[[0,0,1,3]],[[0,"259",{"cards":[{"faceUp":false,"depth":0,"value":-1,"x":49.611,"y":-266.35,"angle":0},{"faceUp":false,"depth":0,"value":-1,"x":-65.554,"y":-99.65100000000001,"angle":0},{"faceUp":false,"depth":0,"value":-1,"x":-65.554,"y":188.349,"angle":0},{"faceUp":false,"depth":0,"value":-1,"x":-273.554,"y":134.349,"angle":0},{"faceUp":false,"depth":0,"value":-1,"x":-273.554,"y":-45.650999999999996,"angle":0},{"faceUp":false,"depth":0,"value":-1,"x":176.347,"y":10.896999999999998,"angle":0},{"faceUp":true,"depth":0,"value":-1,"x":304.696,"y":-99.65100000000001,"angle":0},{"faceUp":true,"depth":0,"value":-1,"x":185.082,"y":-226.24,"angle":0},{"faceUp":false,"depth":0,"value":-1,"x":53,"y":318.722,"angle":0},{"faceUp":false,"depth":0,"value":-1,"x":51.446,"y":62.349000000000004,"angle":0},{"faceUp":true,"depth":0,"value":-1,"x":304.696,"y":44.349000000000004,"angle":0},{"faceUp":true,"depth":0,"value":-1,"x":304.696,"y":188.349,"angle":0},{"faceUp":true,"depth":0,"value":-1,"x":174.396,"y":317.041,"angle":0},{"faceUp":false,"depth":1,"value":-1,"x":-104.554,"y":-81.651,"angle":0},{"faceUp":false,"depth":1,"value":-1,"x":-104.554,"y":170.349,"angle":0},{"faceUp":false,"depth":1,"value":-1,"x":-208.554,"y":-45.650999999999996,"angle":0},{"faceUp":false,"depth":1,"value":-1,"x":-208.554,"y":134.349,"angle":0},{"faceUp":true,"depth":1,"value":-1,"x":53,"y":246.72199999999998,"angle":0},{"faceUp":true,"depth":1,"value":-1,"x":51.446,"y":-9.651000000000003,"angle":0},{"faceUp":true,"depth":1,"value":-1,"x":176.347,"y":82.89699999999999,"angle":0},{"faceUp":true,"depth":1,"value":-1,"x":49.611,"y":-194.35,"angle":0},{"faceUp":false,"depth":2,"value":-1,"x":-143.554,"y":-45.650999999999996,"angle":0},{"faceUp":false,"depth":2,"value":-1,"x":-143.554,"y":134.349,"angle":0},{"faceUp":false,"depth":3,"value":-1,"x":-351.554,"y":26.349,"angle":0},{"faceUp":false,"depth":4,"value":-1,"x":-286.554,"y":26.349,"angle":0},{"faceUp":false,"depth":5,"value":-1,"x":-221.554,"y":26.349,"angle":0},{"faceUp":true,"depth":6,"value":-1,"x":-156.554,"y":26.349,"angle":0}],"settings":{"disableCombo":false,"cost":2700,"reward":2850,"comboCoinReward":170,"undoCost":[700,1050,1400],"stars":[30,200,300],"wildCost":[8000],"cardsInStack":[-1,-1,-1,-1,-1,-1,-1,-1,-1,-1,-1,-1,-1,-1,-1,-1,-1,-1,-1,-1,-1],"comboBonus":[5,4,6,4],"extraCardCost":[5500,8250,11000]}}]],0,0,[],[],[]]