[1,0,0,[["cc.JsonAsset",["_name","json"],1]],[[0,0,1,3]],[[0,"253",{"cards":[{"faceUp":false,"depth":0,"value":-1,"x":-277,"y":-186,"angle":0},{"faceUp":false,"depth":0,"value":-1,"x":-69,"y":-24,"angle":0},{"faceUp":false,"depth":0,"value":-1,"x":-277,"y":-24,"angle":0},{"faceUp":false,"depth":0,"value":-1,"x":189.584,"y":322.982,"angle":0},{"faceUp":false,"depth":0,"value":-1,"x":-171.198,"y":322.982,"angle":0},{"faceUp":false,"depth":0,"value":-1,"x":295,"y":-186,"angle":0},{"faceUp":false,"depth":0,"value":-1,"x":295,"y":-24,"angle":0},{"faceUp":false,"depth":0,"value":-1,"x":87,"y":-24,"angle":0},{"faceUp":false,"depth":0,"value":-1,"x":-69,"y":-186,"angle":0},{"faceUp":false,"depth":0,"value":-1,"x":87,"y":-186,"angle":0},{"faceUp":false,"depth":1,"value":-1,"x":-238,"y":-6,"angle":0},{"faceUp":false,"depth":1,"value":-1,"x":-171.198,"y":286.982,"angle":0},{"faceUp":false,"depth":1,"value":-1,"x":189.584,"y":286.982,"angle":0},{"faceUp":false,"depth":1,"value":-1,"x":126,"y":-6,"angle":0},{"faceUp":false,"depth":1,"value":-1,"x":256,"y":-6,"angle":0},{"faceUp":false,"depth":1,"value":-1,"x":-108,"y":-6,"angle":0},{"faceUp":false,"depth":2,"value":-1,"x":-171.198,"y":250.98200000000003,"angle":0},{"faceUp":false,"depth":2,"value":-1,"x":189.584,"y":250.98200000000003,"angle":0},{"faceUp":false,"depth":2,"value":-1,"x":191,"y":-24,"angle":0},{"faceUp":false,"depth":2,"value":-1,"x":-173,"y":-24,"angle":0},{"faceUp":false,"depth":3,"value":-1,"x":-238,"y":-204,"angle":0},{"faceUp":false,"depth":3,"value":-1,"x":-171.198,"y":214.98200000000003,"angle":0},{"faceUp":false,"depth":3,"value":-1,"x":189.584,"y":214.98200000000003,"angle":0},{"faceUp":false,"depth":3,"value":-1,"x":256,"y":-150,"angle":0},{"faceUp":false,"depth":3,"value":-1,"x":126,"y":-204,"angle":0},{"faceUp":false,"depth":3,"value":-1,"x":-108,"y":-150,"angle":0},{"faceUp":true,"depth":4,"value":-1,"x":-171.198,"y":178.98200000000003,"angle":0},{"faceUp":true,"depth":4,"value":-1,"x":189.584,"y":178.98200000000003,"angle":0},{"faceUp":true,"depth":4,"value":-1,"x":191,"y":-186,"angle":0},{"faceUp":true,"depth":4,"value":-1,"x":-173,"y":-186,"angle":0}],"settings":{"disableCombo":false,"cost":2700,"reward":2850,"comboCoinReward":170,"undoCost":[700,1050,1400],"stars":[30,200,300],"wildCost":[8000],"cardsInStack":[-1,-1,-1,-1,-1,-1,-1,-1,-1,-1,-1,-1,-1,-1,-1,-1,-1,-1,-1,-1],"comboBonus":[5,4,6,4],"extraCardCost":[5500,8250,11000]}}]],0,0,[],[],[]]