[1,0,0,[["cc.JsonAsset",["_name","json"],1]],[[0,0,1,3]],[[0,"59",{"cards":[{"faceUp":false,"depth":0,"value":-1,"x":13.04,"y":-56.198,"angle":0},{"faceUp":false,"depth":0,"value":-1,"x":-272.73,"y":290.295,"angle":0},{"faceUp":false,"depth":0,"value":-1,"x":-168.73,"y":290.295,"angle":0},{"faceUp":false,"depth":0,"value":-1,"x":-64.73,"y":290.295,"angle":0},{"faceUp":false,"depth":0,"value":-1,"x":296.243,"y":292.862,"angle":0},{"faceUp":false,"depth":0,"value":-1,"x":192.243,"y":292.862,"angle":0},{"faceUp":false,"depth":0,"value":-1,"x":88.243,"y":292.862,"angle":0},{"faceUp":false,"depth":0,"value":-1,"x":117.04,"y":-56.198,"angle":0},{"faceUp":false,"depth":0,"value":-1,"x":-90.96,"y":-56.198,"angle":0},{"faceUp":false,"depth":1,"value":-1,"x":-103.73,"y":200.295,"angle":0},{"faceUp":false,"depth":1,"value":-1,"x":-233.73,"y":200.295,"angle":0},{"faceUp":false,"depth":1,"value":-1,"x":-233.73,"y":362.295,"angle":0},{"faceUp":false,"depth":1,"value":-1,"x":-103.73,"y":362.295,"angle":0},{"faceUp":false,"depth":1,"value":-1,"x":-51.96,"y":15.802,"angle":0},{"faceUp":false,"depth":1,"value":-1,"x":78.04,"y":15.802,"angle":0},{"faceUp":false,"depth":1,"value":-1,"x":-51.96,"y":-146.198,"angle":0},{"faceUp":false,"depth":1,"value":-1,"x":78.04,"y":-146.198,"angle":0},{"faceUp":false,"depth":1,"value":-1,"x":127.243,"y":364.862,"angle":0},{"faceUp":false,"depth":1,"value":-1,"x":257.243,"y":364.862,"angle":0},{"faceUp":false,"depth":1,"value":-1,"x":127.243,"y":202.862,"angle":0},{"faceUp":false,"depth":1,"value":-1,"x":257.243,"y":202.862,"angle":0},{"faceUp":true,"depth":2,"value":-1,"x":-181.73,"y":416.295,"angle":0},{"faceUp":true,"depth":2,"value":-1,"x":-168.73,"y":146.295,"angle":0},{"faceUp":true,"depth":2,"value":-1,"x":13.04,"y":69.802,"angle":0},{"faceUp":true,"depth":2,"value":-1,"x":13.04,"y":-200.198,"angle":0},{"faceUp":true,"depth":2,"value":-1,"x":192.243,"y":418.862,"angle":0},{"faceUp":true,"depth":2,"value":-1,"x":192.243,"y":148.862,"angle":0}],"settings":{"disableCombo":false,"cost":2000,"reward":2100,"comboCoinReward":150,"undoCost":[500,750,1000],"stars":[30,150,250],"wildCost":[6000],"cardsInStack":[-1,-1,-1,-1,-1,-1,-1,-1,-1,-1,-1,-1,-1,-1,-1,-1,-1,-1],"comboBonus":[5,4,6,4],"extraCardCost":[4000,6000,8000]}}]],0,0,[],[],[]]