[1,0,0,[["cc.JsonAsset",["_name","json"],1]],[[0,0,1,3]],[[0,"153",{"cards":[{"faceUp":false,"depth":0,"value":-1,"x":-62,"y":372.939,"angle":0},{"faceUp":false,"depth":0,"value":-1,"x":68,"y":372.939,"angle":0},{"faceUp":false,"depth":0,"value":-1,"x":-77,"y":12,"angle":0},{"faceUp":false,"depth":0,"value":-1,"x":-207,"y":12,"angle":0},{"faceUp":false,"depth":0,"value":-1,"x":80,"y":12,"angle":0},{"faceUp":false,"depth":0,"value":-1,"x":210,"y":12,"angle":0},{"faceUp":false,"depth":1,"value":-1,"x":3,"y":282.939,"angle":0},{"faceUp":false,"depth":1,"value":-1,"x":145,"y":-78,"angle":0},{"faceUp":false,"depth":1,"value":-1,"x":-142,"y":-78,"angle":0},{"faceUp":false,"depth":1,"value":-1,"x":-272,"y":-78,"angle":0},{"faceUp":false,"depth":1,"value":-1,"x":275,"y":-78,"angle":0},{"faceUp":true,"depth":2,"value":-1,"x":68,"y":192.93900000000002,"angle":0},{"faceUp":true,"depth":2,"value":-1,"x":80,"y":-168,"angle":0},{"faceUp":true,"depth":2,"value":-1,"x":210,"y":-168,"angle":0},{"faceUp":true,"depth":2,"value":-1,"x":340,"y":-168,"angle":0},{"faceUp":true,"depth":2,"value":-1,"x":-62,"y":192.93900000000002,"angle":0},{"faceUp":true,"depth":2,"value":-1,"x":-77,"y":-168,"angle":0},{"faceUp":true,"depth":2,"value":-1,"x":-207,"y":-168,"angle":0},{"faceUp":true,"depth":2,"value":-1,"x":-337,"y":-168,"angle":0}],"settings":{"disableCombo":false,"cost":2200,"reward":2400,"comboCoinReward":170,"undoCost":[500,750,1000],"stars":[30,200,300],"wildCost":[6500],"cardsInStack":[-1,-1,-1,-1,-1,-1,-1,-1,-1,-1,-1,-1,-1,-1],"comboBonus":[5,4,6,4],"extraCardCost":[4500,6750,9000]}}]],0,0,[],[],[]]