[1,0,0,[["cc.JsonAsset",["_name","json"],1]],[[0,0,1,3]],[[0,"235",{"cards":[{"faceUp":false,"depth":0,"value":-1,"x":92.517,"y":-36.74,"angle":0},{"faceUp":false,"depth":0,"value":-1,"x":92.517,"y":-324.74,"angle":0},{"faceUp":false,"depth":0,"value":-1,"x":-11.483,"y":-324.74,"angle":0},{"faceUp":false,"depth":0,"value":-1,"x":-11.483,"y":-36.74,"angle":0},{"faceUp":false,"depth":0,"value":-1,"x":-12.813,"y":422.64,"angle":0},{"faceUp":false,"depth":0,"value":-1,"x":91.187,"y":422.64,"angle":0},{"faceUp":false,"depth":0,"value":-1,"x":91.187,"y":134.64,"angle":0},{"faceUp":false,"depth":0,"value":-1,"x":-12.813,"y":134.64,"angle":0},{"faceUp":false,"depth":1,"value":-1,"x":144.517,"y":-72.74,"angle":0},{"faceUp":false,"depth":1,"value":-1,"x":144.517,"y":-288.74,"angle":0},{"faceUp":false,"depth":1,"value":-1,"x":-63.483,"y":-288.74,"angle":0},{"faceUp":false,"depth":1,"value":-1,"x":-63.483,"y":-72.74,"angle":0},{"faceUp":false,"depth":1,"value":-1,"x":-64.813,"y":386.64,"angle":0},{"faceUp":false,"depth":1,"value":-1,"x":143.187,"y":386.64,"angle":0},{"faceUp":false,"depth":1,"value":-1,"x":143.187,"y":170.64,"angle":0},{"faceUp":false,"depth":1,"value":-1,"x":-64.813,"y":170.64,"angle":0},{"faceUp":false,"depth":2,"value":-1,"x":183.517,"y":-108.74,"angle":0},{"faceUp":false,"depth":2,"value":-1,"x":183.517,"y":-252.74,"angle":0},{"faceUp":false,"depth":2,"value":-1,"x":-102.483,"y":-252.74,"angle":0},{"faceUp":false,"depth":2,"value":-1,"x":-102.483,"y":-108.74,"angle":0},{"faceUp":false,"depth":2,"value":-1,"x":-103.813,"y":206.64,"angle":0},{"faceUp":false,"depth":2,"value":-1,"x":-103.813,"y":350.64,"angle":0},{"faceUp":false,"depth":2,"value":-1,"x":182.187,"y":350.64,"angle":0},{"faceUp":false,"depth":2,"value":-1,"x":182.187,"y":206.64,"angle":0},{"faceUp":true,"depth":3,"value":-1,"x":209.517,"y":-180.74,"angle":0},{"faceUp":true,"depth":3,"value":-1,"x":-115.483,"y":-180.74,"angle":0},{"faceUp":true,"depth":3,"value":-1,"x":-116.813,"y":278.64,"angle":0},{"faceUp":true,"depth":3,"value":-1,"x":208.187,"y":278.64,"angle":0}],"settings":{"disableCombo":false,"cost":2600,"reward":2750,"comboCoinReward":170,"undoCost":[650,975,1300],"stars":[30,200,300],"wildCost":[8000],"cardsInStack":[-1,-1,-1,-1,-1,-1,-1,-1,-1,-1,-1,-1,-1,-1,-1,-1,-1,-1],"comboBonus":[5,4,6,4],"extraCardCost":[5000,7550,10000]}}]],0,0,[],[],[]]