[1,0,0,[["cc.JsonAsset",["_name","json"],1]],[[0,0,1,3]],[[0,"300",{"cards":[{"faceUp":false,"depth":0,"value":-1,"x":262,"y":62,"angle":10},{"faceUp":false,"depth":0,"value":-1,"x":8,"y":238.39499999999998,"angle":0},{"faceUp":false,"depth":0,"value":-1,"x":138,"y":274.395,"angle":0},{"faceUp":false,"depth":0,"value":-1,"x":-122,"y":274.395,"angle":0},{"faceUp":false,"depth":0,"value":-1,"x":-110,"y":8,"angle":-8},{"faceUp":false,"depth":0,"value":-1,"x":119,"y":8,"angle":8},{"faceUp":false,"depth":0,"value":-1,"x":-253,"y":62,"angle":-10},{"faceUp":false,"depth":1,"value":-1,"x":262,"y":26,"angle":10},{"faceUp":true,"depth":1,"value":-1,"x":8,"y":202.395,"angle":0},{"faceUp":false,"depth":1,"value":-1,"x":138,"y":238.39499999999998,"angle":0},{"faceUp":false,"depth":1,"value":-1,"x":-122,"y":238.39499999999998,"angle":0},{"faceUp":false,"depth":1,"value":-1,"x":-110,"y":-28,"angle":-8},{"faceUp":false,"depth":1,"value":-1,"x":119,"y":-28,"angle":8},{"faceUp":false,"depth":1,"value":-1,"x":-253,"y":26,"angle":-10},{"faceUp":false,"depth":2,"value":-1,"x":262,"y":-10,"angle":10},{"faceUp":true,"depth":2,"value":-1,"x":138,"y":202.395,"angle":0},{"faceUp":true,"depth":2,"value":-1,"x":-122,"y":202.395,"angle":0},{"faceUp":false,"depth":2,"value":-1,"x":-110,"y":-64,"angle":-8},{"faceUp":false,"depth":2,"value":-1,"x":119,"y":-64,"angle":8},{"faceUp":false,"depth":2,"value":-1,"x":-253,"y":-10,"angle":-10},{"faceUp":false,"depth":3,"value":-1,"x":262,"y":-46,"angle":10},{"faceUp":true,"depth":3,"value":-1,"x":-110,"y":-100,"angle":-8},{"faceUp":true,"depth":3,"value":-1,"x":119,"y":-100,"angle":8},{"faceUp":false,"depth":3,"value":-1,"x":-253,"y":-46,"angle":-10},{"faceUp":false,"depth":4,"value":-1,"x":262,"y":-82,"angle":10},{"faceUp":false,"depth":4,"value":-1,"x":-253,"y":-82,"angle":-10},{"faceUp":true,"depth":5,"value":-1,"x":262,"y":-118,"angle":10},{"faceUp":true,"depth":5,"value":-1,"x":-253,"y":-118,"angle":-10}],"settings":{"disableCombo":false,"cost":2800,"reward":2950,"comboCoinReward":200,"undoCost":[700,1050,1400],"stars":[40,250,350],"wildCost":[8500],"cardsInStack":[-1,-1,-1,-1,-1,-1,-1,-1,-1,-1,-1,-1,-1,-1,-1,-1,-1,-1],"comboBonus":[5,4,6,4],"extraCardCost":[5500,8250,11000]}}]],0,0,[],[],[]]