[1,0,0,[["cc.JsonAsset",["_name","json"],1]],[[0,0,1,3]],[[0,"110",{"cards":[{"faceUp":false,"depth":0,"value":-1,"x":-60,"y":182,"angle":0},{"faceUp":false,"depth":0,"value":-1,"x":70,"y":182,"angle":0},{"faceUp":false,"depth":0,"value":-1,"x":-60,"y":-34,"angle":0},{"faceUp":false,"depth":0,"value":-1,"x":70,"y":-34,"angle":0},{"faceUp":false,"depth":1,"value":-1,"x":-47,"y":92,"angle":0},{"faceUp":false,"depth":1,"value":-1,"x":57,"y":92,"angle":0},{"faceUp":false,"depth":2,"value":-1,"x":109,"y":92,"angle":0},{"faceUp":false,"depth":2,"value":-1,"x":-99,"y":92,"angle":0},{"faceUp":false,"depth":3,"value":-1,"x":161,"y":92,"angle":0},{"faceUp":false,"depth":3,"value":-1,"x":-151,"y":92,"angle":0},{"faceUp":true,"depth":4,"value":-1,"x":239,"y":164,"angle":0},{"faceUp":true,"depth":4,"value":-1,"x":356,"y":164,"angle":0},{"faceUp":true,"depth":4,"value":-1,"x":239,"y":2,"angle":0},{"faceUp":true,"depth":4,"value":-1,"x":356,"y":2,"angle":0},{"faceUp":true,"depth":4,"value":-1,"x":-229,"y":164,"angle":0},{"faceUp":true,"depth":4,"value":-1,"x":-229,"y":2,"angle":0},{"faceUp":true,"depth":4,"value":-1,"x":-346,"y":164,"angle":0},{"faceUp":true,"depth":4,"value":-1,"x":-346,"y":2,"angle":0}],"settings":{"disableCombo":false,"cost":2200,"reward":2400,"comboCoinReward":170,"undoCost":[500,750,1000],"stars":[30,200,300],"wildCost":[6500],"cardsInStack":[-1,-1,-1,-1,-1,-1,-1,-1,-1,-1,-1,-1,-1,-1],"comboBonus":[5,4,6,4],"extraCardCost":[4500,6750,9000]}}]],0,0,[],[],[]]