[1,0,0,[["cc.JsonAsset",["_name","json"],1]],[[0,0,1,3]],[[0,"4",{"cards":[{"faceUp":false,"depth":-1,"value":11,"x":0,"y":120,"angle":0},{"faceUp":false,"depth":0,"value":-1,"x":-274.778,"y":346.624,"angle":0},{"faceUp":false,"depth":0,"value":-1,"x":-157.778,"y":346.624,"angle":0},{"faceUp":false,"depth":0,"value":-1,"x":252.696,"y":353.985,"angle":0},{"faceUp":false,"depth":0,"value":-1,"x":135.696,"y":353.985,"angle":0},{"faceUp":false,"depth":0,"value":-1,"x":252.696,"y":191.985,"angle":0},{"faceUp":false,"depth":0,"value":-1,"x":-274.778,"y":184.624,"angle":0},{"faceUp":false,"depth":0,"value":-1,"x":53,"y":-253,"angle":0},{"faceUp":false,"depth":0,"value":-1,"x":167.753,"y":-108.773,"angle":0},{"faceUp":false,"depth":0,"value":-1,"x":169,"y":-253,"angle":0},{"faceUp":false,"depth":0,"value":-1,"x":285,"y":-253,"angle":0},{"faceUp":false,"depth":0,"value":-1,"x":-178,"y":-253,"angle":0},{"faceUp":false,"depth":0,"value":-1,"x":-294,"y":-253,"angle":0},{"faceUp":false,"depth":0,"value":-1,"x":-62,"y":-253,"angle":0},{"faceUp":false,"depth":0,"value":-1,"x":-176.954,"y":-108.774,"angle":0},{"faceUp":true,"depth":0,"value":12,"x":-117,"y":117,"angle":0},{"faceUp":true,"depth":0,"value":10,"x":117,"y":117,"angle":0},{"faceUp":true,"depth":0,"value":9,"x":0,"y":-27,"angle":0},{"faceUp":true,"depth":1,"value":7,"x":-209.778,"y":256.624,"angle":30},{"faceUp":true,"depth":1,"value":4,"x":200.696,"y":263.985,"angle":-30},{"faceUp":true,"depth":1,"value":2,"x":-241.954,"y":-198.774,"angle":0},{"faceUp":true,"depth":1,"value":7,"x":-111.954,"y":-198.774,"angle":0},{"faceUp":true,"depth":1,"value":5,"x":102.753,"y":-198.773,"angle":0},{"faceUp":true,"depth":1,"value":6,"x":232.753,"y":-198.773,"angle":0}],"settings":{"disableCombo":false,"cost":1000,"reward":1050,"comboCoinReward":50,"undoCost":[100,150,400],"stars":[15,80,120],"wildCost":[500],"cardsInStack":[-1,-1,-1,-1,-1,-1,-1,-1,-1,-1,-1,-1,-1,-1,-1,-1,-1,-1],"comboBonus":[5,6,4,5],"extraCardCost":[200,300,500]}}]],0,0,[],[],[]]