[1,0,0,[["cc.JsonAsset",["_name","json"],1]],[[0,0,1,3]],[[0,"151",{"cards":[{"faceUp":false,"depth":0,"value":-1,"x":151.553,"y":-24.718999999999994,"angle":-30},{"faceUp":false,"depth":0,"value":-1,"x":-141.535,"y":268.356,"angle":-30},{"faceUp":false,"depth":0,"value":-1,"x":-288.5,"y":-4,"angle":-30},{"faceUp":false,"depth":0,"value":-1,"x":-54.5,"y":104,"angle":-30},{"faceUp":false,"depth":0,"value":-1,"x":179.5,"y":212,"angle":-30},{"faceUp":false,"depth":0,"value":-1,"x":-95.447,"y":-132.719,"angle":-30},{"faceUp":false,"depth":1,"value":-1,"x":190.553,"y":-6.718999999999994,"angle":-30},{"faceUp":false,"depth":1,"value":-1,"x":-102.535,"y":286.356,"angle":-30},{"faceUp":false,"depth":1,"value":-1,"x":-249.5,"y":14,"angle":-30},{"faceUp":false,"depth":1,"value":-1,"x":-15.5,"y":122,"angle":-30},{"faceUp":false,"depth":1,"value":-1,"x":218.5,"y":230,"angle":-30},{"faceUp":false,"depth":1,"value":-1,"x":-56.447,"y":-114.719,"angle":-30},{"faceUp":false,"depth":2,"value":-1,"x":229.553,"y":11.281000000000006,"angle":-30},{"faceUp":false,"depth":2,"value":-1,"x":-63.535,"y":304.356,"angle":-30},{"faceUp":false,"depth":2,"value":-1,"x":-210.5,"y":32,"angle":-30},{"faceUp":false,"depth":2,"value":-1,"x":23.5,"y":140,"angle":-30},{"faceUp":false,"depth":2,"value":-1,"x":257.5,"y":248,"angle":-30},{"faceUp":false,"depth":2,"value":-1,"x":-17.447000000000003,"y":-96.719,"angle":-30},{"faceUp":true,"depth":3,"value":-1,"x":268.553,"y":29.281000000000006,"angle":-30},{"faceUp":true,"depth":3,"value":-1,"x":-24.534999999999997,"y":322.356,"angle":-30},{"faceUp":true,"depth":3,"value":-1,"x":-171.5,"y":50,"angle":-30},{"faceUp":true,"depth":3,"value":-1,"x":62.5,"y":158,"angle":-30},{"faceUp":true,"depth":3,"value":-1,"x":296.5,"y":266,"angle":-30},{"faceUp":true,"depth":3,"value":-1,"x":21.552999999999997,"y":-78.719,"angle":-30}],"settings":{"disableCombo":false,"cost":2200,"reward":2400,"comboCoinReward":170,"undoCost":[500,750,1000],"stars":[30,200,300],"wildCost":[6500],"cardsInStack":[-1,-1,-1,-1,-1,-1,-1,-1,-1,-1,-1,-1,-1,-1,-1,-1],"comboBonus":[5,4,6,4],"extraCardCost":[4500,6750,9000]}}]],0,0,[],[],[]]