[1,0,0,[["cc.JsonAsset",["_name","json"],1]],[[0,0,1,3]],[[0,"89",{"cards":[{"faceUp":false,"depth":0,"value":-1,"x":-123.703,"y":209.975,"angle":0},{"faceUp":false,"depth":0,"value":-1,"x":-123.703,"y":425.975,"angle":0},{"faceUp":false,"depth":0,"value":-1,"x":238.038,"y":-87.222,"angle":0},{"faceUp":false,"depth":0,"value":-1,"x":-223.532,"y":-89.133,"angle":0},{"faceUp":false,"depth":0,"value":-1,"x":6.297,"y":209.975,"angle":0},{"faceUp":false,"depth":0,"value":-1,"x":6.297,"y":425.975,"angle":0},{"faceUp":false,"depth":0,"value":-1,"x":136.297,"y":425.975,"angle":0},{"faceUp":false,"depth":0,"value":-1,"x":136.297,"y":209.975,"angle":0},{"faceUp":false,"depth":1,"value":-1,"x":-301.532,"y":18.867,"angle":0},{"faceUp":false,"depth":1,"value":-1,"x":316.038,"y":-195.222,"angle":0},{"faceUp":false,"depth":1,"value":-1,"x":-145.532,"y":18.867,"angle":0},{"faceUp":false,"depth":1,"value":-1,"x":-301.532,"y":-197.133,"angle":0},{"faceUp":false,"depth":1,"value":-1,"x":-145.532,"y":-197.133,"angle":0},{"faceUp":false,"depth":1,"value":-1,"x":316.038,"y":20.778,"angle":0},{"faceUp":false,"depth":1,"value":-1,"x":-123.703,"y":317.975,"angle":0},{"faceUp":false,"depth":1,"value":-1,"x":6.297,"y":317.975,"angle":0},{"faceUp":false,"depth":1,"value":-1,"x":136.297,"y":317.975,"angle":0},{"faceUp":false,"depth":1,"value":-1,"x":160.038,"y":-195.222,"angle":0},{"faceUp":false,"depth":1,"value":-1,"x":160.038,"y":20.778,"angle":0},{"faceUp":false,"depth":2,"value":-1,"x":329.038,"y":38.778,"angle":0},{"faceUp":false,"depth":2,"value":-1,"x":329.038,"y":-213.222,"angle":0},{"faceUp":false,"depth":2,"value":-1,"x":147.038,"y":-213.222,"angle":0},{"faceUp":false,"depth":2,"value":-1,"x":-314.532,"y":36.867,"angle":0},{"faceUp":false,"depth":2,"value":-1,"x":-314.532,"y":-215.133,"angle":0},{"faceUp":false,"depth":2,"value":-1,"x":-132.532,"y":-215.133,"angle":0},{"faceUp":false,"depth":2,"value":-1,"x":-132.532,"y":36.867,"angle":0},{"faceUp":false,"depth":2,"value":-1,"x":-123.703,"y":425.975,"angle":0},{"faceUp":false,"depth":2,"value":-1,"x":6.297,"y":209.975,"angle":0},{"faceUp":false,"depth":2,"value":-1,"x":6.297,"y":425.975,"angle":0},{"faceUp":false,"depth":2,"value":-1,"x":-123.703,"y":209.975,"angle":0},{"faceUp":false,"depth":2,"value":-1,"x":147.038,"y":38.778,"angle":0},{"faceUp":false,"depth":2,"value":-1,"x":136.297,"y":209.975,"angle":0},{"faceUp":false,"depth":2,"value":-1,"x":136.297,"y":425.975,"angle":0},{"faceUp":true,"depth":3,"value":-1,"x":238.038,"y":-87.222,"angle":0},{"faceUp":true,"depth":3,"value":-1,"x":-223.532,"y":-89.133,"angle":0},{"faceUp":true,"depth":3,"value":-1,"x":-123.703,"y":317.975,"angle":0},{"faceUp":true,"depth":3,"value":-1,"x":6.297,"y":317.975,"angle":0},{"faceUp":true,"depth":3,"value":-1,"x":136.297,"y":317.975,"angle":0}],"settings":{"disableCombo":false,"cost":2000,"reward":2100,"comboCoinReward":150,"undoCost":[500,750,1000],"stars":[30,150,250],"wildCost":[6000],"cardsInStack":[-1,-1,-1,-1,-1,-1,-1,-1,-1,-1,-1,-1,-1,-1,-1,-1,-1,-1,-1,-1,-1,-1,-1,-1,-1],"comboBonus":[5,4,6,4],"extraCardCost":[4000,6000,8000]}}]],0,0,[],[],[]]