[1,0,0,[["cc.JsonAsset",["_name","json"],1]],[[0,0,1,3]],[[0,"170",{"cards":[{"faceUp":false,"depth":0,"value":-1,"x":51.5,"y":363.737,"angle":0},{"faceUp":false,"depth":0,"value":-1,"x":-52.5,"y":363.737,"angle":0},{"faceUp":false,"depth":0,"value":-1,"x":-52.5,"y":201.737,"angle":0},{"faceUp":false,"depth":0,"value":-1,"x":51.5,"y":201.737,"angle":0},{"faceUp":false,"depth":0,"value":-1,"x":-74.417,"y":-62.775000000000006,"angle":0},{"faceUp":false,"depth":0,"value":-1,"x":-209.488,"y":273.73699999999997,"angle":0},{"faceUp":false,"depth":0,"value":-1,"x":79.332,"y":-60.113,"angle":0},{"faceUp":false,"depth":0,"value":-1,"x":216.474,"y":273.73699999999997,"angle":0},{"faceUp":true,"depth":1,"value":-1,"x":-65.5,"y":363.737,"angle":0},{"faceUp":true,"depth":1,"value":-1,"x":64.5,"y":363.737,"angle":0},{"faceUp":true,"depth":1,"value":-1,"x":-65.5,"y":201.737,"angle":0},{"faceUp":true,"depth":1,"value":-1,"x":64.5,"y":201.737,"angle":0},{"faceUp":false,"depth":1,"value":-1,"x":-100.417,"y":9.225000000000001,"angle":0},{"faceUp":false,"depth":1,"value":-1,"x":-100.417,"y":-134.775,"angle":0},{"faceUp":false,"depth":1,"value":-1,"x":-235.488,"y":345.737,"angle":0},{"faceUp":false,"depth":1,"value":-1,"x":-235.488,"y":201.737,"angle":0},{"faceUp":false,"depth":1,"value":-1,"x":118.332,"y":11.887,"angle":0},{"faceUp":false,"depth":1,"value":-1,"x":118.332,"y":-132.113,"angle":0},{"faceUp":false,"depth":1,"value":-1,"x":255.474,"y":345.737,"angle":0},{"faceUp":false,"depth":1,"value":-1,"x":255.474,"y":201.737,"angle":0},{"faceUp":false,"depth":2,"value":-1,"x":-248.488,"y":345.737,"angle":0},{"faceUp":false,"depth":2,"value":-1,"x":-248.488,"y":201.737,"angle":0},{"faceUp":true,"depth":2,"value":-1,"x":-113.417,"y":9.225000000000001,"angle":0},{"faceUp":true,"depth":2,"value":-1,"x":-113.417,"y":-134.775,"angle":0},{"faceUp":true,"depth":2,"value":-1,"x":131.332,"y":11.887,"angle":0},{"faceUp":true,"depth":2,"value":-1,"x":131.332,"y":-132.113,"angle":0},{"faceUp":false,"depth":2,"value":-1,"x":268.474,"y":345.737,"angle":0},{"faceUp":false,"depth":2,"value":-1,"x":268.474,"y":201.737,"angle":0},{"faceUp":true,"depth":3,"value":-1,"x":-261.488,"y":345.737,"angle":0},{"faceUp":true,"depth":3,"value":-1,"x":-261.488,"y":201.737,"angle":0},{"faceUp":true,"depth":3,"value":-1,"x":281.474,"y":345.737,"angle":0},{"faceUp":true,"depth":3,"value":-1,"x":281.474,"y":201.737,"angle":0}],"settings":{"disableCombo":false,"cost":2500,"reward":2650,"comboCoinReward":170,"undoCost":[650,975,1300],"stars":[30,200,300],"wildCost":[7500],"cardsInStack":[-1,-1,-1,-1,-1,-1,-1,-1,-1,-1,-1,-1,-1,-1,-1,-1,-1,-1,-1,-1,-1,-1],"comboBonus":[5,4,6,4],"extraCardCost":[5000,7550,10000]}}]],0,0,[],[],[]]