[1,0,0,[["cc.JsonAsset",["_name","json"],1]],[[0,0,1,3]],[[0,"82",{"cards":[{"faceUp":false,"depth":0,"value":-1,"x":-4.969,"y":88.152,"angle":0},{"faceUp":false,"depth":1,"value":-1,"x":-69.969,"y":88.152,"angle":0},{"faceUp":false,"depth":1,"value":-1,"x":60.031,"y":88.152,"angle":0},{"faceUp":false,"depth":2,"value":-1,"x":-329.969,"y":178.152,"angle":0},{"faceUp":false,"depth":2,"value":-1,"x":-329.969,"y":-1.848,"angle":0},{"faceUp":false,"depth":2,"value":-1,"x":112.031,"y":124.152,"angle":0},{"faceUp":false,"depth":2,"value":-1,"x":-121.969,"y":52.152,"angle":0},{"faceUp":false,"depth":2,"value":-1,"x":-4.969,"y":178.152,"angle":0},{"faceUp":false,"depth":2,"value":-1,"x":-4.969,"y":-1.848,"angle":0},{"faceUp":false,"depth":2,"value":-1,"x":320.031,"y":178.152,"angle":0},{"faceUp":false,"depth":2,"value":-1,"x":320.031,"y":-1.848,"angle":0},{"faceUp":false,"depth":3,"value":-1,"x":-329.969,"y":196.152,"angle":0},{"faceUp":false,"depth":3,"value":-1,"x":-329.969,"y":-19.848,"angle":0},{"faceUp":false,"depth":3,"value":-1,"x":-173.969,"y":106.152,"angle":0},{"faceUp":false,"depth":3,"value":-1,"x":164.031,"y":70.152,"angle":0},{"faceUp":false,"depth":3,"value":-1,"x":-4.969,"y":196.152,"angle":0},{"faceUp":false,"depth":3,"value":-1,"x":-4.969,"y":-19.848,"angle":0},{"faceUp":false,"depth":3,"value":-1,"x":320.031,"y":196.152,"angle":0},{"faceUp":false,"depth":3,"value":-1,"x":320.031,"y":-19.848,"angle":0},{"faceUp":false,"depth":4,"value":-1,"x":-329.969,"y":-37.848,"angle":0},{"faceUp":false,"depth":4,"value":-1,"x":-329.969,"y":214.152,"angle":0},{"faceUp":true,"depth":4,"value":-1,"x":-225.969,"y":70.152,"angle":0},{"faceUp":true,"depth":4,"value":-1,"x":216.031,"y":106.152,"angle":0},{"faceUp":false,"depth":4,"value":-1,"x":-4.969,"y":214.152,"angle":0},{"faceUp":false,"depth":4,"value":-1,"x":-4.969,"y":-37.848,"angle":0},{"faceUp":false,"depth":4,"value":-1,"x":320.031,"y":214.152,"angle":0},{"faceUp":false,"depth":4,"value":-1,"x":320.031,"y":-37.848,"angle":0},{"faceUp":true,"depth":5,"value":-1,"x":-329.969,"y":232.152,"angle":0},{"faceUp":true,"depth":5,"value":-1,"x":-329.969,"y":-55.848,"angle":0},{"faceUp":true,"depth":5,"value":-1,"x":-4.969,"y":232.152,"angle":0},{"faceUp":true,"depth":5,"value":-1,"x":-4.969,"y":-55.848,"angle":0},{"faceUp":true,"depth":5,"value":-1,"x":320.031,"y":232.152,"angle":0},{"faceUp":true,"depth":5,"value":-1,"x":320.031,"y":-55.848,"angle":0}],"settings":{"disableCombo":false,"cost":2000,"reward":2100,"comboCoinReward":150,"undoCost":[500,750,1000],"stars":[30,150,250],"wildCost":[6000],"cardsInStack":[-1,-1,-1,-1,-1,-1,-1,-1,-1,-1,-1,-1,-1,-1,-1,-1,-1,-1,-1,-1,-1,-1,-1],"comboBonus":[5,4,6,4],"extraCardCost":[4000,6000,8000]}}]],0,0,[],[],[]]