[1,0,0,[["cc.JsonAsset",["_name","json"],1]],[[0,0,1,3]],[[0,"169",{"cards":[{"faceUp":false,"depth":0,"value":-1,"x":-91.917,"y":-63.506,"angle":0},{"faceUp":false,"depth":0,"value":-1,"x":25.083,"y":-63.506,"angle":0},{"faceUp":false,"depth":0,"value":-1,"x":-92.168,"y":136.14,"angle":0},{"faceUp":false,"depth":0,"value":-1,"x":24.832,"y":136.14,"angle":0},{"faceUp":false,"depth":0,"value":-1,"x":-260.917,"y":38.281,"angle":0},{"faceUp":false,"depth":0,"value":-1,"x":296.003,"y":128.281,"angle":0},{"faceUp":false,"depth":0,"value":-1,"x":296.003,"y":-69.719,"angle":0},{"faceUp":true,"depth":1,"value":-1,"x":-91.917,"y":-81.506,"angle":0},{"faceUp":true,"depth":1,"value":-1,"x":25.083,"y":-81.506,"angle":0},{"faceUp":true,"depth":1,"value":-1,"x":-92.168,"y":118.14,"angle":0},{"faceUp":true,"depth":1,"value":-1,"x":24.832,"y":118.14,"angle":0},{"faceUp":true,"depth":1,"value":-1,"x":-312.917,"y":110.281,"angle":0},{"faceUp":true,"depth":1,"value":-1,"x":-208.917,"y":110.281,"angle":0},{"faceUp":true,"depth":1,"value":-1,"x":-312.917,"y":-33.719,"angle":0},{"faceUp":true,"depth":1,"value":-1,"x":-208.917,"y":-33.719,"angle":0},{"faceUp":false,"depth":1,"value":-1,"x":218.003,"y":128.281,"angle":0},{"faceUp":false,"depth":1,"value":-1,"x":218.003,"y":-69.719,"angle":0},{"faceUp":false,"depth":2,"value":-1,"x":140.003,"y":128.281,"angle":0},{"faceUp":false,"depth":2,"value":-1,"x":140.003,"y":-69.719,"angle":0},{"faceUp":false,"depth":3,"value":-1,"x":296.003,"y":38.281,"angle":0},{"faceUp":false,"depth":4,"value":-1,"x":218.003,"y":38.281,"angle":0},{"faceUp":true,"depth":5,"value":-1,"x":140.003,"y":38.281,"angle":0}],"settings":{"disableCombo":false,"cost":2500,"reward":2650,"comboCoinReward":170,"undoCost":[650,975,1300],"stars":[30,200,300],"wildCost":[7500],"cardsInStack":[-1,-1,-1,-1,-1,-1,-1,-1,-1,-1,-1,-1,-1,-1,-1,-1],"comboBonus":[5,4,6,4],"extraCardCost":[5000,7550,10000]}}]],0,0,[],[],[]]