[1,0,0,[["cc.JsonAsset",["_name","json"],1]],[[0,0,1,3]],[[0,"78",{"cards":[{"faceUp":false,"depth":0,"value":-1,"x":105,"y":99,"angle":0},{"faceUp":false,"depth":0,"value":-1,"x":-103,"y":99,"angle":0},{"faceUp":false,"depth":0,"value":-1,"x":1,"y":99,"angle":0},{"faceUp":false,"depth":1,"value":-1,"x":-259,"y":63,"angle":0},{"faceUp":false,"depth":1,"value":-1,"x":53,"y":63,"angle":0},{"faceUp":false,"depth":1,"value":-1,"x":-51,"y":63,"angle":0},{"faceUp":false,"depth":1,"value":-1,"x":261,"y":63,"angle":0},{"faceUp":false,"depth":1,"value":1,"x":-155,"y":63,"angle":0},{"faceUp":false,"depth":1,"value":1,"x":157,"y":63,"angle":0},{"faceUp":false,"depth":2,"value":-1,"x":-77,"y":9,"angle":0},{"faceUp":false,"depth":2,"value":-1,"x":79,"y":9,"angle":0},{"faceUp":false,"depth":2,"value":-1,"x":209,"y":9,"angle":0},{"faceUp":false,"depth":2,"value":-1,"x":-207,"y":9,"angle":0},{"faceUp":false,"depth":2,"value":-1,"x":339,"y":9,"angle":0},{"faceUp":false,"depth":2,"value":-1,"x":-337,"y":9,"angle":0},{"faceUp":true,"depth":3,"value":-1,"x":118,"y":-45,"angle":0},{"faceUp":true,"depth":3,"value":-1,"x":248,"y":-45,"angle":0},{"faceUp":false,"depth":3,"value":-1,"x":1,"y":-45,"angle":0},{"faceUp":true,"depth":3,"value":-1,"x":378,"y":-45,"angle":0},{"faceUp":true,"depth":3,"value":-1,"x":-376,"y":-45,"angle":0},{"faceUp":true,"depth":3,"value":-1,"x":-246,"y":-45,"angle":0},{"faceUp":true,"depth":3,"value":-1,"x":-116,"y":-45,"angle":0},{"faceUp":true,"depth":4,"value":-1,"x":321,"y":-99,"angle":0},{"faceUp":true,"depth":4,"value":-1,"x":1,"y":-99,"angle":0},{"faceUp":true,"depth":4,"value":-1,"x":180,"y":-99,"angle":0},{"faceUp":true,"depth":4,"value":-1,"x":-167,"y":-99,"angle":0},{"faceUp":true,"depth":4,"value":-1,"x":-307,"y":-99,"angle":0}],"settings":{"disableCombo":false,"cost":2000,"reward":2100,"comboCoinReward":150,"undoCost":[500,750,1000],"stars":[30,150,250],"wildCost":[6000],"cardsInStack":[-1,-1,-1,-1,-1,-1,-1,-1,-1,-1,-1,-1,-1,-1,-1],"comboBonus":[5,4,6,4],"extraCardCost":[4000,6000,8000]}}]],0,0,[],[],[]]