[1,0,0,[["cc.JsonAsset",["_name","json"],1]],[[0,0,1,3]],[[0,"187",{"cards":[{"faceUp":false,"depth":0,"value":-1,"x":-338.064,"y":-65.059,"angle":0},{"faceUp":false,"depth":0,"value":-1,"x":-208.064,"y":-65.059,"angle":0},{"faceUp":false,"depth":0,"value":-1,"x":-338.064,"y":-209.059,"angle":0},{"faceUp":false,"depth":0,"value":-1,"x":-208.064,"y":-209.059,"angle":0},{"faceUp":false,"depth":0,"value":-1,"x":-338.064,"y":-353.059,"angle":0},{"faceUp":false,"depth":0,"value":-1,"x":-208.064,"y":-353.059,"angle":0},{"faceUp":false,"depth":0,"value":-1,"x":-43.727,"y":433.123,"angle":0},{"faceUp":false,"depth":0,"value":-1,"x":-52.064,"y":-65.059,"angle":0},{"faceUp":false,"depth":0,"value":-1,"x":203.273,"y":433.123,"angle":0},{"faceUp":false,"depth":0,"value":-1,"x":333.273,"y":433.123,"angle":0},{"faceUp":false,"depth":0,"value":-1,"x":333.273,"y":289.123,"angle":0},{"faceUp":false,"depth":0,"value":-1,"x":203.273,"y":289.123,"angle":0},{"faceUp":false,"depth":0,"value":-1,"x":333.273,"y":145.123,"angle":0},{"faceUp":false,"depth":0,"value":-1,"x":203.273,"y":145.123,"angle":0},{"faceUp":true,"depth":1,"value":-1,"x":-273.064,"y":-137.059,"angle":0},{"faceUp":true,"depth":1,"value":-1,"x":-273.064,"y":-281.059,"angle":0},{"faceUp":false,"depth":1,"value":-1,"x":21.273,"y":379.123,"angle":0},{"faceUp":false,"depth":1,"value":-1,"x":12.936,"y":-119.059,"angle":0},{"faceUp":true,"depth":1,"value":-1,"x":268.273,"y":361.123,"angle":0},{"faceUp":true,"depth":1,"value":-1,"x":268.273,"y":217.123,"angle":0},{"faceUp":true,"depth":2,"value":-1,"x":60.273,"y":433.123,"angle":0},{"faceUp":false,"depth":2,"value":-1,"x":60.273,"y":289.123,"angle":0},{"faceUp":false,"depth":2,"value":-1,"x":-43.727,"y":289.123,"angle":0},{"faceUp":false,"depth":2,"value":-1,"x":60.273,"y":145.123,"angle":0},{"faceUp":true,"depth":2,"value":-1,"x":51.936,"y":-65.059,"angle":0},{"faceUp":false,"depth":2,"value":-1,"x":51.936,"y":-209.059,"angle":0},{"faceUp":false,"depth":2,"value":-1,"x":51.936,"y":-353.059,"angle":0},{"faceUp":false,"depth":2,"value":-1,"x":-52.064,"y":-209.059,"angle":0},{"faceUp":false,"depth":3,"value":-1,"x":21.273,"y":217.123,"angle":0},{"faceUp":false,"depth":3,"value":-1,"x":12.936,"y":-281.059,"angle":0},{"faceUp":true,"depth":4,"value":-1,"x":-43.727,"y":145.123,"angle":0},{"faceUp":true,"depth":4,"value":-1,"x":-52.064,"y":-353.059,"angle":0}],"settings":{"disableCombo":false,"cost":2500,"reward":2650,"comboCoinReward":170,"undoCost":[650,975,1300],"stars":[30,200,300],"wildCost":[7500],"cardsInStack":[-1,-1,-1,-1,-1,-1,-1,-1,-1,-1,-1,-1,-1,-1,-1,-1,-1,-1,-1,-1,-1,-1,-1,-1,-1],"comboBonus":[5,4,6,4],"extraCardCost":[5000,7550,10000]}}]],0,0,[],[],[]]