[1,0,0,[["cc.JsonAsset",["_name","json"],1]],[[0,0,1,3]],[[0,"280",{"cards":[{"faceUp":false,"depth":0,"value":-1,"x":-42.659,"y":298.976,"angle":0},{"faceUp":false,"depth":0,"value":-1,"x":61.341,"y":298.976,"angle":0},{"faceUp":false,"depth":0,"value":-1,"x":-331.262,"y":129.175,"angle":0},{"faceUp":false,"depth":0,"value":-1,"x":-227.262,"y":147.175,"angle":0},{"faceUp":false,"depth":0,"value":-1,"x":337.452,"y":132.262,"angle":0},{"faceUp":false,"depth":0,"value":-1,"x":233.452,"y":150.262,"angle":0},{"faceUp":false,"depth":1,"value":-1,"x":-227.262,"y":111.175,"angle":0},{"faceUp":false,"depth":1,"value":-1,"x":337.452,"y":96.262,"angle":0},{"faceUp":true,"depth":2,"value":-1,"x":9.341000000000001,"y":244.976,"angle":0},{"faceUp":true,"depth":2,"value":-1,"x":113.341,"y":244.976,"angle":0},{"faceUp":true,"depth":2,"value":-1,"x":-94.659,"y":244.976,"angle":0},{"faceUp":false,"depth":2,"value":-1,"x":-94.659,"y":100.976,"angle":0},{"faceUp":false,"depth":2,"value":-1,"x":9.341000000000001,"y":100.976,"angle":0},{"faceUp":false,"depth":2,"value":-1,"x":113.341,"y":100.976,"angle":0},{"faceUp":false,"depth":2,"value":-1,"x":-227.262,"y":75.175,"angle":0},{"faceUp":false,"depth":2,"value":-1,"x":337.452,"y":60.262,"angle":0},{"faceUp":true,"depth":3,"value":-1,"x":-42.659,"y":46.976,"angle":0},{"faceUp":true,"depth":3,"value":-1,"x":61.341,"y":46.976,"angle":0},{"faceUp":false,"depth":3,"value":-1,"x":-331.262,"y":93.175,"angle":0},{"faceUp":false,"depth":3,"value":-1,"x":-58.595,"y":-140.825,"angle":0},{"faceUp":false,"depth":3,"value":-1,"x":239.452,"y":-137.738,"angle":0},{"faceUp":false,"depth":3,"value":-1,"x":233.452,"y":114.262,"angle":0},{"faceUp":false,"depth":4,"value":-1,"x":-331.262,"y":57.175,"angle":0},{"faceUp":true,"depth":4,"value":-1,"x":-227.262,"y":39.175,"angle":0},{"faceUp":false,"depth":4,"value":-1,"x":-110.595,"y":-140.825,"angle":0},{"faceUp":false,"depth":4,"value":-1,"x":187.452,"y":-137.738,"angle":0},{"faceUp":true,"depth":4,"value":-1,"x":337.452,"y":24.262,"angle":0},{"faceUp":false,"depth":4,"value":-1,"x":233.452,"y":78.262,"angle":0},{"faceUp":true,"depth":5,"value":-1,"x":-331.262,"y":21.175,"angle":0},{"faceUp":false,"depth":5,"value":-1,"x":-162.595,"y":-140.825,"angle":0},{"faceUp":false,"depth":5,"value":-1,"x":135.452,"y":-137.738,"angle":0},{"faceUp":true,"depth":5,"value":-1,"x":233.452,"y":42.262,"angle":0},{"faceUp":true,"depth":6,"value":-1,"x":-214.595,"y":-140.825,"angle":0},{"faceUp":true,"depth":6,"value":-1,"x":83.452,"y":-137.738,"angle":0}],"settings":{"disableCombo":false,"cost":2700,"reward":2850,"comboCoinReward":170,"undoCost":[700,1050,1400],"stars":[30,200,300],"wildCost":[8000],"cardsInStack":[-1,-1,-1,-1,-1,-1,-1,-1,-1,-1,-1,-1,-1,-1,-1,-1,-1,-1,-1,-1,-1],"comboBonus":[5,4,6,4],"extraCardCost":[5500,8250,11000]}}]],0,0,[],[],[]]