[1,0,0,[["cc.JsonAsset",["_name","json"],1]],[[0,0,1,3]],[[0,"242",{"cards":[{"faceUp":false,"depth":0,"value":1,"x":2.081,"y":310.692,"angle":0},{"faceUp":true,"depth":1,"value":-1,"x":59.218,"y":43.705,"angle":0},{"faceUp":false,"depth":1,"value":-1,"x":59.218,"y":-100.295,"angle":0},{"faceUp":false,"depth":1,"value":-1,"x":163.218,"y":-100.295,"angle":0},{"faceUp":false,"depth":1,"value":1,"x":2.081,"y":269.561,"angle":0},{"faceUp":false,"depth":1,"value":-1,"x":267.218,"y":-100.295,"angle":0},{"faceUp":false,"depth":1,"value":-1,"x":371.218,"y":-100.295,"angle":0},{"faceUp":true,"depth":1,"value":-1,"x":163.218,"y":43.705,"angle":0},{"faceUp":true,"depth":1,"value":-1,"x":267.218,"y":43.705,"angle":0},{"faceUp":true,"depth":1,"value":-1,"x":371.218,"y":43.705,"angle":0},{"faceUp":false,"depth":1,"value":-1,"x":-364,"y":43.705,"angle":0},{"faceUp":false,"depth":1,"value":-1,"x":-52,"y":43.705,"angle":0},{"faceUp":false,"depth":1,"value":-1,"x":-156,"y":43.705,"angle":0},{"faceUp":false,"depth":1,"value":-1,"x":-260,"y":43.705,"angle":0},{"faceUp":true,"depth":2,"value":-1,"x":163.218,"y":-208.295,"angle":0},{"faceUp":true,"depth":2,"value":-1,"x":2.081,"y":232.426,"angle":0},{"faceUp":true,"depth":2,"value":-1,"x":59.218,"y":-208.295,"angle":0},{"faceUp":true,"depth":2,"value":-1,"x":267.218,"y":-208.295,"angle":0},{"faceUp":true,"depth":2,"value":-1,"x":371.218,"y":-208.295,"angle":0},{"faceUp":false,"depth":2,"value":-1,"x":-364,"y":-82.295,"angle":0},{"faceUp":false,"depth":2,"value":-1,"x":-52,"y":-82.295,"angle":0},{"faceUp":false,"depth":2,"value":-1,"x":-156,"y":-82.295,"angle":0},{"faceUp":false,"depth":2,"value":-1,"x":-260,"y":-82.295,"angle":0},{"faceUp":true,"depth":3,"value":-1,"x":-364,"y":-208.295,"angle":0},{"faceUp":true,"depth":3,"value":-1,"x":-52,"y":-208.295,"angle":0},{"faceUp":true,"depth":3,"value":-1,"x":-156,"y":-208.295,"angle":0},{"faceUp":true,"depth":3,"value":-1,"x":-260,"y":-208.295,"angle":0}],"settings":{"disableCombo":false,"cost":2600,"reward":2750,"comboCoinReward":170,"undoCost":[650,975,1300],"stars":[30,200,300],"wildCost":[8000],"cardsInStack":[-1,-1,-1,-1,-1,-1,-1,-1,-1,-1,-1,-1,-1,-1,-1,-1,-1,-1],"comboBonus":[5,4,6,4],"extraCardCost":[5000,7550,10000]}}]],0,0,[],[],[]]