{"paths":{"0":["sound/button_clear",2],"1":["sound/card_more5_in",2],"2":["sound/card_flip",2],"3":["sound/card_wild_click",2],"4":["sound/tap_card_11",2],"5":["sound/tap_card_3",2],"6":["sound/number_count",2],"7":["sound/tap_card_1",2],"8":["sound/coins_collection",2],"9":["sound/tap_card_4",2],"10":["sound/combo_rewords",2],"11":["theme/001/bg",3],"12":["sound/tap_card_5",2],"13":["sound/cheering",2],"14":["sound/card_scenes_out",2],"15":["sound/card_wild_collection",2],"16":["sound/button_click",2],"17":["sound/card_wrong",2],"18":["sound/star_collection",2],"19":["sound/card_flip_back",2],"20":["sound/deal_win",2],"21":["sound/gift_open",2],"22":["sound/card_coin",2],"23":["sound/click_gift",2],"24":["sound/star_collection_1",2],"25":["sound/tap_card_7",2],"26":["sound/tap_card_12",2],"27":["sound/tap_card_8",2],"28":["sound/fireworks",2],"29":["sound/deal_cards_in",2],"30":["sound/tap_card_10",2],"31":["sound/tap_card_9",2],"32":["sound/bgm",2],"33":["sound/card_more5_add",2],"34":["sound/star_collection_2",2],"35":["sound/explosion",2],"36":["sound/card_clear",2],"37":["sound/card_missed",2],"38":["sound/tap_card_6",2],"39":["sound/deal_flip_cards_in",2],"40":["sound/star_collection_3",2],"41":["sound/card_cleardeal_win",2],"42":["sound/gift_in",2],"43":["sound/tap_card_2",2],"44":["lv/142",0],"45":["lv/174",0],"46":["lv/203",0],"47":["lv/291",0],"48":["lv/121",0],"49":["lv/165",0],"50":["lv/284",0],"51":["lv/79",0],"52":["lv/175",0],"53":["lv/233",0],"54":["lv/46",0],"55":["lv/287",0],"56":["lv/51",0],"57":["lv/42",0],"58":["lv/50",0],"59":["lv/288",0],"60":["lv/167",0],"61":["lv/90",0],"62":["lv/111",0],"63":["lv/243",0],"64":["lv/195",0],"65":["lv/271",0],"66":["lv/298",0],"67":["lv/66",0],"68":["lv/227",0],"69":["lv/108",0],"70":["lv/2",0],"71":["lv/137",0],"72":["lv/11",0],"73":["lv/148",0],"74":["lv/210",0],"75":["lv/267",0],"76":["lv/130",0],"77":["lv/185",0],"78":["lv/8",0],"79":["lv/182",0],"80":["lv/276",0],"81":["lv/41",0],"82":["lv/86",0],"83":["lv/213",0],"84":["lv/132",0],"85":["lv/161",0],"86":["lv/183",0],"87":["lv/145",0],"88":["lv/15",0],"89":["lv/275",0],"90":["lv/186",0],"91":["lv/150",0],"92":["lv/44",0],"93":["lv/215",0],"94":["lv/27",0],"95":["lv/103",0],"96":["lv/35",0],"97":["lv/83",0],"98":["prefabs/sc/cards",1],"99":["lv/262",0],"100":["lv/247",0],"101":["lv/289",0],"102":["lv/246",0],"103":["lv/20",0],"104":["lv/85",0],"105":["lv/205",0],"106":["lv/92",0],"107":["lv/171",0],"108":["lv/172",0],"109":["lv/223",0],"110":["lv/101",0],"111":["lv/199",0],"112":["lv/106",0],"113":["lv/277",0],"114":["lv/113",0],"115":["lv/23",0],"116":["lv/37",0],"117":["lv/196",0],"118":["lv/141",0],"119":["lv/256",0],"120":["lv/12",0],"121":["lv/270",0],"122":["prefabs/ui/Setting",1],"123":["lv/235",0],"124":["lv/296",0],"125":["lv/5",0],"126":["lv/157",0],"127":["lv/63",0],"128":["lv/105",0],"129":["lv/39",0],"130":["lv/58",0],"131":["lv/198",0],"132":["lv/115",0],"133":["lv/260",0],"134":["lv/281",0],"135":["lv/99",0],"136":["lv/112",0],"137":["lv/77",0],"138":["lv/168",0],"139":["lv/31",0],"140":["lv/261",0],"141":["lv/178",0],"142":["lv/100",0],"143":["lv/237",0],"144":["lv/154",0],"145":["lv/68",0],"146":["lv/290",0],"147":["lv/122",0],"148":["lv/207",0],"149":["lv/263",0],"150":["lv/152",0],"151":["lv/166",0],"152":["lv/124",0],"153":["lv/164",0],"154":["lv/140",0],"155":["lv/268",0],"156":["lv/180",0],"157":["lv/57",0],"158":["lv/78",0],"159":["lv/55",0],"160":["lv/134",0],"161":["lv/169",0],"162":["lv/114",0],"163":["lv/29",0],"164":["lv/129",0],"165":["lv/30",0],"166":["lv/61",0],"167":["lv/110",0],"168":["lv/84",0],"169":["lv/265",0],"170":["lv/269",0],"171":["prefabs/sc/Editor",1],"172":["lv/28",0],"173":["lv/125",0],"174":["lv/184",0],"175":["lv/181",0],"176":["lv/285",0],"177":["lv/211",0],"178":["lv/224",0],"179":["lv/25",0],"180":["lv/244",0],"181":["lv/255",0],"182":["lv/65",0],"183":["lv/179",0],"184":["lv/231",0],"185":["lv/138",0],"186":["lv/71",0],"187":["lv/299",0],"188":["lv/97",0],"190":["lv/218",0],"191":["lv/221",0],"192":["lv/177",0],"193":["prefabs/sc/Test",1],"194":["lv/26",0],"195":["lv/266",0],"196":["lv/98",0],"197":["prefabs/sc/Menu",1],"198":["lv/187",0],"199":["lv/280",0],"200":["lv/225",0],"201":["theme/001/bg",4,1],"202":["lv/193",0],"203":["lv/89",0],"204":["lv/17",0],"205":["lv/282",0],"206":["lv/252",0],"207":["lv/286",0],"208":["lv/16",0],"209":["lv/200",0],"210":["lv/96",0],"211":["lv/248",0],"212":["lv/273",0],"213":["lv/144",0],"214":["lv/219",0],"215":["lv/7",0],"216":["prefabs/ui/Finish",1],"217":["lv/1",0],"218":["lv/202",0],"219":["lv/24",0],"220":["lv/190",0],"221":["lv/62",0],"222":["lv/283",0],"223":["lv/14",0],"224":["lv/230",0],"225":["lv/300",0],"226":["lv/135",0],"227":["lv/43",0],"228":["lv/60",0],"229":["prefabs/ui/Shop",1],"230":["lv/87",0],"231":["lv/81",0],"232":["lv/116",0],"233":["lv/4",0],"234":["lv/64",0],"235":["lv/75",0],"236":["lv/222",0],"237":["lv/143",0],"238":["lv/239",0],"239":["lv/40",0],"240":["lv/107",0],"241":["lv/34",0],"242":["lv/228",0],"244":["lv/47",0],"246":["lv/156",0],"250":["lv/158",0],"251":["lv/163",0],"254":["lv/249",0],"255":["lv/149",0],"260":["lv/204",0],"261":["lv/6",0],"263":["lv/170",0],"264":["lv/272",0],"266":["lv/49",0],"267":["lv/104",0],"268":["lv/292",0],"270":["lv/9",0],"273":["lv/56",0],"275":["lv/251",0],"277":["lv/242",0],"279":["prefabs/sc/Game",1],"280":["lv/73",0],"281":["lv/53",0],"282":["lv/188",0],"284":["lv/13",0],"287":["lv/82",0],"288":["lv/279",0],"289":["lv/76",0],"290":["lv/257",0],"292":["lv/197",0],"294":["lv/192",0],"295":["lv/297",0],"296":["lv/232",0],"297":["lv/293",0],"298":["lv/74",0],"299":["lv/226",0],"300":["lv/191",0],"301":["lv/206",0],"302":["lv/45",0],"308":["lv/36",0],"309":["lv/48",0],"310":["lv/93",0],"311":["lv/155",0],"315":["lv/109",0],"317":["lv/21",0],"322":["lv/102",0],"327":["lv/88",0],"328":["lv/80",0],"330":["lv/147",0],"331":["lv/139",0],"333":["lv/3",0],"334":["lv/131",0],"335":["lv/274",0],"336":["lv/258",0],"337":["lv/126",0],"338":["lv/38",0],"343":["lv/33",0],"344":["lv/295",0],"346":["lv/209",0],"347":["lv/264",0],"348":["lv/119",0],"352":["lv/123",0],"353":["lv/173",0],"354":["lv/127",0],"355":["lv/250",0],"356":["lv/118",0],"357":["lv/133",0],"359":["lv/117",0],"360":["lv/241",0],"367":["lv/151",0],"369":["lv/128",0],"370":["lv/245",0],"372":["lv/136",0],"374":["lv/54",0],"375":["lv/229",0],"377":["lv/146",0],"379":["lv/216",0],"380":["lv/95",0],"381":["lv/201",0],"386":["lv/194",0],"387":["lv/238",0],"388":["lv/294",0],"389":["lv/32",0],"390":["lv/91",0],"393":["lv/236",0],"394":["lv/94",0],"400":["lv/278",0],"401":["lv/176",0],"404":["lv/22",0],"406":["lv/212",0],"407":["lv/18",0],"410":["lv/19",0],"411":["lv/217",0],"412":["lv/189",0],"415":["lv/208",0],"416":["lv/162",0],"419":["lv/259",0],"420":["lv/253",0],"421":["lv/59",0],"422":["lv/153",0],"423":["lv/214",0],"427":["lv/159",0],"428":["lv/69",0],"429":["lv/254",0],"431":["lv/52",0],"433":["lv/72",0],"435":["lv/240",0],"436":["lv/10",0],"437":["lv/70",0],"438":["lv/160",0],"439":["lv/220",0],"440":["lv/120",0],"441":["lv/67",0],"442":["lv/234",0]},"types":["cc.JsonAsset","cc.Prefab","cc.AudioClip","cc.Texture2D","cc.SpriteFrame"],"uuids":["008wee285MLa5vWTxYyGtm","00/n8GOrpFOLG0ofeQre+Y","050/IZ20dNjJ7shRfAYkOF","0emDajGvFEB4bSrO6CWZMf","10D4fEm/hKdKfAAxZOTzwX","12DKt2lgZCgKP+/MpzR6cu","26pPliXB9PLIhEbfwI4uuQ","26uHos9mlMZIQmSg9fxc0z","2cbg9r8+9Omp/Ad+qnXcJy","2dJp0l3x5BJYfk0NseJnns","2fR4liWBxOKb0iKbozBDJS","32ReULEslIdIuc1mG9ZJKZ","35M7lnuXlGrJ+KTwaquo1g","3bBTFkrU9IY7+kTE5otIRn","45sd4bqwxPyaU3fNNsE/4+","4aAUiSAmRApb+EK88aJu5T","4dppkeu5NNka3OXdDfCxcY","53RDFwEHREmpmxiFo5f4D2","55upBUA0JBWZq1F7wojbYh","60Z7Q9xxlLyqYbDtOJbJ63","65oa5HvHhNxpBuihTq0cu8","6a5u2Y++FI4o/uxByiCqly","73ZB8yqblNm5R5PnFkO2SM","7dm3PI9utFepXTUWT9bPlx","7e16cqaLFM3K9t+uH4WLxB","840g/gJ11LT4ebi57IsWEG","86JE+utfhAuYpbKQi8Hk5c","98Yu7xO3pGqImCviYtAuMM","9fidD8X1FPvatrIhhpPp/1","a0v/O7789KH5hwMQVBhODH","a20uFd8ClI7ahW+d+UFOSD","b5IA015IlIrqBU10yGnFWX","b7ofjgiP9Bwq5zcKyXJnEy","b8rtUDvF5AOLgHEwi/46Rh","c2mctixfFA86jK5D8U42Jn","d0u201zDJO84Ihqv++navh","d9+mrJOcBMrIdGps1yOO8B","deE6vfDbxJx7xmQs0cjQUE","e6+kS0V/xHUpd2b5Q7TFzN","f4cbiEwx1NsJKkVtyFOcnE","f49JIBpytMF6iaDKnmmM1u","f89IdeRfVMZ71FzAMZ3d1b","fceXt1dbpGDKDO/ZSHZ1Rz","febVnGFcRCkqAS5Y/N1EjI","00JyCPDIxHu4eCLrq9e1Ae","01Gf96g3RHM6uIeob8j+aQ","01VWk48mhAkbvBX1l6KDve","03p8qHf05AmrgEIBLbIcl0","04HA06K1JAk6F7HmWL/QcN","04SBpWgsdEwbjsLgfhAika","05yF5SrspLgK8zDiC2wlYC","07yg34hxZI0bOH/T9syFLT","08291935BBW7OcQy983mO4","09MTlD5LlNRKfIyvp5dHfu","09Zw9p+dJEvaVMEb6GXcKF","09j+2rMdZA76Grc0+RAWVp","0aaCpJRdZDPYCR9ErPcqPm","0aogF3VqtEarUM4iwQugqR","0cUxG4R2lHEqeq2KTYlkL1","0cU4lFQGtN6pn4Pv7fr/OZ","0c44kjsiROcY0z5jXahD+B","0c7Ziya81JiZ3u6oLEjUGN","0eYNe1kyVGEal7JtWNhkkk","0flKcLseJKVoJGLF1aBJu/","0f6IXGL6RBOaUCpCbYJvcy","10KIDJuSpKkYemb707lndO","11eEl3PBVJeaTpTFcOwiYB","12G/KPZ4ZFCpXE9rD8fdPj","129Cjzn8NG7YjDt5Kh6R+h","157w1Eg8xKEJIqqb/bWkm5","1619ZW6zRG24ReNotWXRD2","17uqTIH9FH+brV2iRQjcuR","18c5T9n05MO65WoQN9WXj9","181CAx3uxBebaR9H6FAuTA","1aQUlC4+pAo7rV6n1cT+rq","1aTlp8SzZMVp636hYDC0oN","1a8G0zaFlBNriDKBxt2rtp","1bK47XFOtGx4KYVBhe1OB8","1beJ7oaYBKfIxHcMcAsfPy","1cF1km/y1D3Ld01/q8WN0G","1ccpAAJANAAL6T7lDX7yMn","1fWP/xMIVFW7CnLq/2iEaN","1fbo0PurNOi6HlBZeQlxmx","1fh1eybrdBsI5WOm+KqjxQ","20DdmiwtVFnLUOF3MTKycW","211IXOQddPoqfSj2nJfOVK","22osW/3zFK5p2tMOxIvxaQ","23YP1pHyJOHJsQUGXQRlvp","26CCPgy6tATKQ+NOrNyYf6","26NsbgXd9H4qdDqhKSDAdN","28TJE7225Iu4T5laWdIEPL","29UeL7DflD7ofj476QQ+ko","2aJApUxBlES5cyE2cuSULy","2ahaBcrBpPz5tzdv0drGx+","2bcCahG0pIWLyYDOQ9wJ2R","2drz8OdEJHA62uhKfYjwKO","2eEp1SPEBCA6pzTcQh7XJZ","2fGqmOuxFHPKCghPZMVAzp","30ik+cpWFI4JV+zEj8tphK","30nvdfUJxIOYsZWByIujI/","30xB9LaKZLk4TfgG6Z7qpK","300oCCUDNJOp1LBqvQIjp3","311lchahtE8K9+lmqLSQPR","3146aWRiRLxJvIj6uMPYdA","317LKl8rdFd6LPE0hmFPMt","32soj1PyZOT4koCKbB1jvD","32/GnXF95LS5I2kJwCtOTB","33HfuzdJVOpbBiQbQmpTuh","348CcCsl5G9a5Er1rttjQ4","35H7rcRkJM/qx5+Okwqr92","36Mhzwq/tFaI08ftM5dgci","360f2Rha1KRLLT+654TY35","378vSU65RMa7u2/pyo4iXz","388hJcbulDibmDpAt4xgvD","39lr+uAdRIU4tBkN4PxX6c","3aHYcA7xxBtaHpnxCP5p9R","3bEVvHUAZPJKYVCJyfDOqA","3bw0sjh99F7YqedYAP2hKt","3eHt5PD/BFVKCx32VJAbe8","3egneP8cVO67sUkfjtaVb1","3e1RJU9EJHwb0bmfJahR42","3fsKAJbPFHDa5gXtohZkUS","3fsNYGcwRPfa0fW0hz7pOZ","40fMInj9lPWpjSAiHyjD9c","41cKagZAZAXI5MSF+7E0+M","41yMDzfE9ESbSzLVSA5tlz","41/KRgaJRCba+ujXW58Dis","42ZxdBYXxGxLRx0Wk7KJo0","424Z923QZNXq0juSfyBwCt","43OzjgcKtBp5odamkb1c74","43QKqpR2lDYY872htDbQ1e","43qQydyPxIQqO03hB5OQTh","430ybEdB9EJ7zERPbUkURT","44OBguoN1BhaUKjtPz2zbY","44iZwWkJJLfKyhFC9U/APv","45OXNF0zpEL7cdOXiy4qq4","45iqOsw0FL5YX3uzE8PA3E","45qkwtVhRB1IyNGl1Zy+OB","47OMns7NdB66WajaGk8Ejn","47m7X7OoBOWLFB2itAsA1o","474nHc1A5FPbJCHioq4Kmw","48MzCpwtpGqYAAAbhKW7Cv","48vT+QZMZIgp/eL7X17L5K","49Pfe9qh9C84hvF3soWE3F","4a6axjzoNCbqmrOgdlVgbw","4cqXfk7zFFKa4PBP/kP2ZW","4c3qpU5QdKfou1loJjppIw","4dLlV3/XpKTLiseFUjpYb4","4dPO8rA5hDtbSe74Akw1sd","4djCpHuvpGIqw4UGqRv2SC","4fdTLoxBRImonnjYMslVA1","4fjPCCxwJC7rMkShu430iI","50fCir5q9Pj5Abkw+MqABg","506S0D5WlEEpTkBGfigFbU","58tPssd0xKi4b+Ok+FqNFx","59C/61ZV9P9os+MWD0oDct","59HxJbg4JH74sqWXk4Ja7W","59ouIhv/1INKvgQeyZpiOL","5bJBMczDdNK4uUWXSGNrjH","5cA5TRVBRJM58F7CpPwS69","5dJtHB+uRCoopLLt1niasm","5es7LM9yhNSKg6uAy2k6Qf","5fBdJlhKdJRp3k5MXx58uv","5fnt6sVApCgIaOVaR+OvUm","61GYUlRklKebuOX44n4PCw","61IkIVSnBIMIbbu9aLU6oB","6185RA+pxJzrnY0GPmOrMO","6233suweFJt6r6gPbjNOcL","64Le6eVl5GarBC0kR+68QU","64XqfEW41GY6rfunW2+ydX","65frD0DqFGe4TerJ04xA4c","65gmzvSwtN67SqYWqEt0N3","66VHGuQbJJeZm/dqr9+GLP","66YQ04N0dNgKRWPpnWhV9e","66v/20Vk9OGK8Ilk4FVSY5","67qAmhUXhH1JjNEtcX3nw9","689fVaVt1EsYX7gWhz0Fq3","69n2FIFnlD1bAFlFQKO7cu","6aibfnfXVORImgI9Y1dyzw","6a81RBsshECoyuQbi3gMc6","6bgjUKlkpGh4oAzUZm9ROg","6bsnQ0Ru1KloqhFvhtR9Vz","6cvO0NmwlO/KaxvZXygjZO","6c+reXQiRKXrDRVyqEAy85","6dnx5uY69HKrGEpvwgU/z6","6egzZ9qoFMsK5VSHvxwX2V","6e13ZtTSROiozlFMYkkbSV","6fMA9hdidGSJvLX4tirWCq","70B6yoAb5H/Yo2cyFSzHCq","71VhFCTINJM6/Ky3oX9nBT","71YW4NTN1BH77WH6xyo+4o","718vrscM5NnZhDhZWOCjGB","72T6ofPpdJ3aChsqKzAWKw","77EMxAildDi79t6HJjy9uJ","78oBKh2h5OqLSJakJLOkuZ","79RnSsb9FKTrsW69VuU8cL","7a5CXrOFdDVKnDCiQ2hV5I","7bAJW5G29DK66rWHlsWh/r","7bH/mwUkJFr55o33RX1nHT","7brRNWzU5B176YK8V3jkOY","7ciHJ2KSJKZp14Ths0Go6o","7eJY3Q48ZI7rDGY+0tVqBo","7fo28NPG5OyZgJjxcrCfVY","80huzzblpP8LWUn7qLiXHh","811YaKuZNFkpFzwEl0+fta","83KgdAOq5JQ7yot3HcwTJY","830N7mJ2xH2JKN1DGVF1Np","85bL2R/59GkLqIcQ71ni2d","85tjVMu85GD7s9LhQAnsH3","87EJ0P0pNGS7gQekwNGwPo","88UfGC/mtJ3ZtSRTlQxYqf","8aQtyPymVM44jVYoRo1qTQ","8agC09gBJNIK1yvD0lkjB3","8a3JQSe6VJepnMFvAk8n75","8cKaUdhj1JXK2HC+SDq4Pp","8cNbk4UmBPOr1VAT72e5ZV","8cScgXMKVN1Jfz06Kzb16+","8dZ4rxZ/xIAYijaDYRvogD","8fWM/vQw5GKLpT150GZdLa","8fsrgaXZRDz6sIFSLkwXPk","90VlsMrP5DcItoJJnZ9JvH","90dKOtZ25Cta9pHcpCIWNl","90qlfRGu9E5IKleqXwO9yp","9013IxTNhKaKXbtTCoTExQ","92vlfFIfBOlLJXgQWxxPD2","93DWYhmwJA4r3oFKcR9M5O","9400Dv68FL16U5EnrMHnhw","96XwfFZRtDgaR/DW6SLEYd","96n+CxVbxAVqS8XiioDWHi","97l5dD6PpPu6ib4sZWLenJ","98t4I+wndPoKS1Nq2lSqtf","98vxy8H0xA+Lf7rn/YVjCR","995d8bqbJA6qbew16dAbns","9acryXnXhF9adJfaKPHf2Q","9bYzz/EkNGhJLYRKDxQ/VY","9bo377gFtE17nbinr9WFuD","9cGnXHRTNF/IBoeX00j2bV","9en/RjE71KPbsan1FwkjEv","9e0ObIVqpD1bGwqWsYez3L","9fgCzA8A1PxYOhTeve/rsA","a01o3MrKxFq6Y1rCMSIa5X","a1Wgtz9YFCLYo8eHyLOLrd","a2Nax6sqNI8ZlQa09pqbRG","a26thE6NhG4qb25z406lwW","a3StzU6C1Bm6skr1M4QcSs","a3zJWC8P1KYoHdKHldJhOC","a4uCpqFktJj7UnF2ZKRIDc","a4zxT68gpCko8vN8sRuUsr","a496CSnF9HhqIIFuKi3ftd","a5R3SBb0lN6LMzsqiGwPwq","a5qNcdJEJMeb72wGMCtmvU","a6JOvG8R9KzqtOHx/cjW4z","a6aXnKjWxP15hUS7cHsDTb","a6gcNZ0LZHuL3HPgv33FcD","a9FlluH2FJTptLxRfvCyai","a9yWy+OMJI9pEcMfTZZhKh","aaqqbGkcxGpZ2ADF1zoDRp","aa0DBChkBPA4Mh87fqhxGX","aa4tcucmtHSpKw76aSgFgg","acMIjkf1xCkatMw0ZYO0nx","acyHy/IKNGCInTFFZE39Nu","ac5C9EDJ5EK72vjxr/jhwQ","adGk9AVhZCQJ1GJQPRhyFZ","adPkcdiHNHWo9YmsprW4Iz","aeDTdv5eZEw57wJ8sk6auQ","aeSRcPsHBDwJbKXgGtaSaC","aeSj0q2MRPA5kSEK/Tf4GJ","ae6PLxd5dDroFd4rmqb26c","ae/py/BThIJoYqrcVkq5UT","afYGr69WdFN6jaF6nyzLz5","af8mxDlEtNdJaCvVfQQ0DA","b0GqkOzY5NK4OM7B8hnFKT","b1ylu1ID1GS6DSS8qUXawh","b19mg9Na5N/bDK0bH+u9Tr","b2VlJIL25IBLw13uFXLxK8","b2Wv6JAhhAp6ef5ndnbK/W","b3Y6IFGSVJsolrAOr768qk","b31akpDt1BaLTDUqD+RhoL","b4Wdw2RL9A469SCkOBc3Lt","b4WyIuCL9MMJ7R9GWeVO5u","b4dIva9aREcqpBheALVKZm","b4ueoQFpRDO7Iw5TcR5SU7","b5PXZouCFOQZ8lGxDQXbaw","b5gquINmpEKZrUItoF4EUp","b5htH3IClLvpFt7Suamgvz","b6BALmZ9JPM4sJg8lg7YYc","b6F2Z2r3dFHJdZz34HX9Hp","b6nU19IQBNM4GXAzHNxV2p","b7NNr53PhHdZf6bo7hJ2UX","b7TdBlbEdGLKt537hePpSw","b7baDtmaRMh4LlzN6IO2Z3","b72rUUDKFFh51PGvLqmFmw","b77/VldhpKbovQdgUPzuBr","b8ztuMNpBIrIzwYiZgzblE","b81/CutEpLP5tBEEVc8xQh","b9KGt9FXpDIpujNNyHgebP","baTdX8VApKxpdU2+MK3EYU","bbsnacbrZGba6Z3O/H0Rs5","bcGkdxwJ9Ef6iWPupAIwU6","bdAA/DDH1K3qhhmN9wekSr","bd2VG+TxFB0qPsTKBhl31x","beWNypT+JE6I9OqLKrWxFn","bfGruqUfFCAbK2uSsPz+ak","bfsR486GNFuphJBYFp1Nvk","c0OEBLVx1GA52nJuYW6dgS","c1MxdGDwpHGoBUCirBrZJQ","c2Q3lQlDVCa6fjl1MhFSXB","c48suaFWdEW7ladg49cwBl","c5KFdqzuhDTIUjTu6cPmcJ","c5fit/fYREFrHmPUHrDMsx","c5zY4HI+BOqqyAyXLzNBsK","c530v7tB5Boa3tlQfVOgaZ","c6Z3ZwH19ERpCKAKXF2OIv","c66FdJ881BPomBlYJ9UHiI","c7NsmENXpAcLQHFbKD5SFY","c7UT7ieZhKT4dBTqx4dGJX","c7nXUu2ftO4qNIWXj0mVej","c7rgZbdnxLL5mXiCB0HA0c","c8duCX4PdNTaRgdkff9xUO","c8jgNMwvNIL7sPnGkNyoY9","c8yV4rbe5MmqOFFwr2Jybj","c9H0ymORpOIZ7cfKyE7Hc5","c9XtVcb35KYZ/KWXYjpU2y","c9Zinvqo5MW6Vhrd7j4HHa","c9bxmpmotAi6Qw0GeiBDV9","c9eLp5pwJGNY2652Xii3RS","c9oR01fbdFK6AZOGYNwsQT","c9w1QFtkFA8ojdF1ijL1PW","caOMoOGGxBtIlNqKZqAllg","caekfCfVFHHpfsUafcYT0O","ccIGMA/RxJNoZfnVlTCQXl","cdQ8q3YDJDXYdrKpUvzHqp","cdams2Wg5ExIZZbJIpuAfE","cdc5HalHRBfr57MlcUp0To","cdi3jM2F1Pf5sR9s6ZiPFD","cd4zS2kT9MPIZGPunQBS1W","cd46h0LEZJCpfBsX4IbAuZ","ceJTH2QolMu4nE6APPIeBT","ceVJsg3jdHTLi8OB7Pgv2C","d0QUJit6NMEKHbY3qvHgri","d1datzatBLQ670bpJiEkNH","d2GJfl6cJOPpuoFhR3lGJT","d2MDTPHLZKRqaCJ03rkGx1","d3AkkIA5ZNzY61fXC+Y2Kf","d3TX7kz7RHu5Wcbrvo60cA","d3Ue9Q3gZPpbRAZ17Ltx7H","d4ojBzEmJEEqSQlGurqi49","d4o/KEFAJJEoimqA7DZ2rF","d5ck7/07RKLoVvHQSBvk2o","d6IZCq341MuITYpjeKyUqY","d7i3mDHa5OLLMRLa131o6Z","d7lwTbk8dPnbva80m01QIp","d72tUrVF5KYpBtMIsykOKt","d8Y7IoHftOxoAM1e/ceK7d","daAD6D91RLWbK/x7JfpPdR","daCs+Tx09BGZh87f9PPusu","daLOa/bzlL/Kog19bFKqmH","daULd7Cf1DcpRC9MtxiMnG","dbn3WCY6NH2YsplAg25qiR","dbzxx9zH1FsJhrr+62gJc+","db8mdH/LZPhaseGcJwST7t","dcQ69SSlhB578pALMqcyxS","ddPuSCcdFOdriEOgGxbhtx","ddUXBv9OlGcphmKYmlRrn6","ddVtfuTvhHHr43ahMY2Agr","defIWwQ3ZBB6QYQpp7gdKV","dekPMPAZ9ELLXR7qxllcMY","der6sj8pBFNZB6jKIjIvOc","dfWs5BrhhCJ60vEAj1bm7j","dfdbxzNLdA+Yxnedf+kIpx","dfe1mA/GJNWLw7msEduOUt","dfjvQsgdtI841JxeMS37i5","dfrvxLRmhOkrb2zeL6tKgW","df2bqd8EBEYpBtC5ILPBNO","df6VecaFRI2r2mjZrl381D","e0HuPCyAFOzLY6E9zNhMaU","e0YpDPKsFBIJDJ3zNtfxAP","e1AlJTc5hL9r7AtLq71NbI","e1LI0HIshFYoypGWj8EngN","e1kX9dUFREEr7ZVRNGMt/2","e1wGuJdcdID615t4QzYyla","e24xuNIrpCbaUhlV16ohWR","e3YlsA8MRNu5Lz0j7zyssn","e31VMRlnZBRb8bbUnRqIDt","e4QCI2sxJFkK5iDvmaegu4","e5HzEtLFpBtYx2oLCIOV45","e5SFGXCjFG9o2HtW+sdzNk","e5t1Zt4EZCL5cpMiSQEZSA","e5/FrTsRBKMJHNg6tgiRf8","e6qDR0KkFMWqozO5sDPWF1","e7bdc0tghAEYGWMumJG+H0","e7cLC8gr5IcLWfIFNkvZ8z","e8Ueib+qJEhL6mXAHdnwbi","e9FlJMdSRPuaqnoIp87Ie7","e9zqrJh8BA5KJt3vXOf6md","e92rapRDBJuYdFwXwPr8Zb","eaBYUyZuFHhpKX3Sb7air5","ecT3rTgD9FXbckmwF5BJqq","eclxwnHOVDubXIPCRNlEKx","ec1LfXI9pKLZ20yeqOR94r","ec/rAyABNI4JDsyLbR2W0g","edRtdV+QpBnpLYA5tKF/6R","edaMr90vNNobFL3SuoqaJs","edoYWmPCBCFI6fixL0xgV2","edrid11SlGoquOdrf20SKa","edskttmYNH2KOGj0qdqmAq","ed+eSogLVBwLnQFh0vaOJ1","eeeiQ5L0ZMy5ftORuAysjt","eekS17Da9HVoHgYdfT1xEZ","eeqEGTb8tA45FaF67OGo86","efGKQ0T7hLOrTbld5jBkp7","f0b4StLWlOs56XI5pIe2iM","f0kSfpiS5F6Z5+BQr5mlyf","f2YIbnpvRGgqMuxqII07zd","f2grj9tQtLW5l39nIsuXhB","f2nux522RJQIf4uP/BmOFS","f2tVI/ZGBMypnWk6a3BS0a","f3NfJQgURPb6Ti8rnmyI5h","f4aJQAHCBKdYNDtXQCk7fw","f5CHsfjFRA6bw7+Gn211V9","f5s0Wj4FJI2rk+r2PyPnt1","f5vVm4FfZAxq9llhkeNUmW","f58vHN6+xJp4y5+RHJ7IcG","f6HFu4CXpODa+MbOCkQQTh","f7BgtaqX1MAqBhNer78V8b","f7B0dd0DdLtJxHeUbHopSE","f7MPN6sXpHwrHLVcXVggZa","f7QoajcUFKCrwypjU3TJmv","f9VR6ZxuVNxoVqFPoI1T8O","f9bo0vdPNEHaAsD4pY3FPM","f9m36NXS1Dr5EPIzoSbPAD","fcXqVKe8FOYIzVaCmjvt/I","fcge5mljBC8JGIbLWBA125","fdeKt9QttEjKg42ywZrif2","fdltpeKqpCyLPHiwnRCSyc","fd1pzltSFKC450GmLkQNqR","fd33GwJ0hHybKmZz5cLwYM","fd5oi18IhDo7QsVqZ7ofXf","feX3KbKYRAkoCkYW1lBKzO","femeXarHpM/YGFf1WLr08T","ffD7K8M+5KeZKygW/rsbip","ffLVWE3KpIlIxhlz8NnZQq","ffhhBegKJP0oE0/TvfPNXJ","00AdFDmZtN8I+8OBtIIKPz","00StXi5m1BB7CL5GC3T+2i","02delMVqdBD70a/HSD99FK","03ylAPeopFxrGBDIwxmFW8","04QRCVLX1Lf6bPONVYV8N1","04ynvq7JVGbo0zaAnrZZP4","060+NzSsRJULLtJYFk71S8","07its+m9tDWKCWtDnCtlql","081N0IcV5GFoSwQE9UOzI/","0eZ722rHBGRZRxMAA+aLWc","0ee4fEHLlHJY7U2EDv1mtQ","0f+nylkPBFUrtd3ROwU8iV","13NsaARctFI7ICHxdQpM6T","14QzLLnZlIyad4fEKjOEOq","14nY05yYdKsKa9bbviLDLo","1aETbF56NAgYroY7tPdTCA","1b+CK+6/VEp7ThcVoV6Jks","1cEW2XD0NIp6veRjE5AhcO","1cdkb1nV9LQpQPWLOhewVD","20YxhJ/G9PwoGD3MbiSSco","228pl4q/1OzqpYeK8EVtTu","27FxRIJblJrYMnwlQdP8B/","27ofb3iflLm662d4PFVJJb","29FYIk+N1GYaeWH/q1NxQO","2ai4iSoltLA4ntIjhTxjM4","30+GqT0tZOYZj3ngFFEBsa","31T31OWoJKeq4onmpq4za6","35kF3DcchFnJbNxasgLlGf","371u9CpjJKf5lb+7DlCAqD","3a39l9TkNNAqPGH2LYSQRe","40aFViRANGHrA9sFYZBswn","429NCVjexLYrvBOBmroZsm","44eht6gtJC+qdommTSVgSy","472hkEykxCh4ZujfPehxQ7","4aX3xRcNlHBbWTi+R9tHDb","54HnpKBGVAe6wNY/sn/dsa","54XhN7Fv5DHaZWYmOZazKc","56bdwrJXRIIJrSWQxlvr6v","5aG0RHI8RDK7Q7QYQMr7VR","5bVZhflDZGIohVcFnuTBmB","62ODBfTCVOyrmaJYlSaYFX","64iYpa3PtNl437I/m3QFEQ","68MT+41ndNmYUqcY5BNYK1","6dsHpJgV1Fb6ZbgEXTgHvV","73p1037wxLWKy15YTKZWhw","74nfvgPZ5OmbePH+gz2fgo","76sCmNRjtJU7TzchhD6MVE","77QZZhsSVDTYSHJP51MiZ1","7dFVp16jVIXp7m/4pQrWnw","7d+9ilG3ZFz4Nxk3FOn0ZB","7fSOwdD8NB2o0YJWDFCYIj","808Z5OI6lDN7Xi7dguzUqE","81Af8y3jJBHZIT0RPawrim","81JVSV3AVI2ZB8n/M7rf09","82L7dPti1N9JRqb1v21qX2","82p5iJsRJKRqZIv0hjaJ7t","84JJsd/gVMhqTK47xw4Jvb","8472Bhq4JMjbMcIz8t5u7b","8bA+JwKRBMs4aRW84VqAPt","8c04yJallMXoyCEbXWz7YT","937Mq6qF9Aa6Xi1TiKoGf9","9dhAQa+KRLmqlvlwibii+l","a0elobwilGjpKY6DpTdIXK","a10uMKjF9CHao4Y1cT787x","a2MjXRFdtLlYQ5ouAFv/+R","a6oam9IlVPBpaMzTvXf5wW","aadqTvpTtFEIhNL7ATeGlp","abXu/o+OhFFKLizLABIpdn","b2F1kdJKFMfKYeMoEgXAK7","b5MXDwNPJFt6USMTkwmacw","b5TT65UztK0IpYhtedB1Ff","be+4WvlDFNybjgpj0Sbh/j","bfqNY6y15LlZ1h1IjxwWKy","c5H4IHI5VKCaw+Hg+VSzjw","d0nf5Z0aBCXJ9PFkwAl1xV","d5wYv3FHZBbp9GYgEbDQ3I","d5zm91zZ1BX4NLZ+ZijOCG","daDxSNrf9AW6vMsOxV7Ey1","dfmCPq/ABDR5FTOvxpPJy3","e2kC5P+LVAH75tuRSRgGJs","e6OUDTLmBNA73JrdqcIfX8","e7pM4Mjj1N85xI3SDDxtNT","e9mpmbvbpDa5M+zMb+P7U/","eb2W4fUWFMYL/TJn50gKZX","ecpdLyjvZBwrvm+cedCcQy","edjb9ojxZGZL+ZEMFoIrGD","efZGBfE65PxIYgnNNJmyYc","f0BIwQ8D5Ml7nTNQbh1YlS","f1vDAr+hBNeasFL+vobw7A","f1wFoteoBAHIqrTR9P4Nhj","f2yg9/gcJMZrhR3FMXdRb9","f3EjEglBhGJ485YIgnkyTY","f759zje+JDh4q/UGJuptOx","f8h4qM5vxBRKLUam1IRPEU","fcApXU1KhDGKVqr9bLUeyj"],"scenes":{},"redirect":[445,0,527,0],"deps":["internal"],"packs":{"015b88596":[450,536],"020c02a2a":[448,493],"028fd83b9":[465,468,472,197,505,513],"063e28be0":[444,454,477,478,494,498,499,506,279,515],"066a83525":[193,507],"06da6fa77":[491,537],"06def80d1":[122,480,482,492,523,526],"07a08fcf1":[443,446,447,449,451,452,453,455,457,458,459,460,461,462,463,464,469,470,473,474,475,476,479,481,483,485,487,489,490,495,496,497,502,503,504,508,509,510,511,512,514,516,517,518,520,521,524,525,528,529,531,533],"081303d0e":[471,488,500,535],"0b5e6ed3e":[11,189,243,245,247,248,249,252,253,256,257,258,259,262,265,269,271,272,274,276,278,283,285,286,291,293,303,304,305,306,307,312,313,314,316,318,319,320,321,323,324,325,326,329,332,339,340,341,342,345,349,350,351,358,361,362,363,364,365,366,368,371,373,376,378,382,383,384,385,391,392,395,396,397,398,399,402,403,405,408,409,413,414,417,418,424,425,426,430,432,434],"0c0a273f0":[486,229],"0c4601479":[456,484,532,534]},"name":"resources","importBase":"import","nativeBase":"native","debug":false,"isZip":false,"encrypted":false,"versions":{"import":[44,"44e00",0,"cba6b",1,"7f344",45,"8552d",46,"68c9b","015b88596","e1134","020c02a2a","57091","028fd83b9","96b4d",47,"db9f7",48,"667ab",49,"1399f",50,"992cb",2,"db64a","063e28be0","8d57d","066a83525","9f255","06da6fa77","97f23","06def80d1","994e6","07a08fcf1","8a3fa",51,"2c482","081303d0e","45529",52,"827d5",53,"c5d6f",54,"3b763",55,"b99c7",56,"429af",57,"f9ffd","0b5e6ed3e","08396","0c0a273f0","52a43","0c4601479","d4b68",58,"c6577",59,"66084",60,"13215",61,"3666b",62,"c2844",3,"113a8",63,"2bd19",64,"6b83d",4,"09e97",65,"620d0",66,"bb1f5",5,"2a2ba",67,"c5c59",68,"cf583",69,"f4e50",70,"1fc7a",71,"fa57f",72,"c5a65",73,"8d567",74,"06e92",75,"561cf",76,"45e69",77,"1b737",78,"5b189",79,"f43ad",80,"13acc",81,"59632",82,"cdb5e",83,"91fcc",84,"9cb64",85,"1dd1f",86,"eed83",87,"5ff32",88,"68573",89,"b7cc2",6,"d0acd",7,"69b50",90,"b817c",466,"6dda3",91,"7d3b7",92,"b7f84",93,"04694",467,"93e4a",94,"4c40f",8,"cacac",9,"30d5d",95,"2c9fc",96,"62e96",97,"18c20",10,"7b54d",98,"306e2",99,"5c4ed",100,"5f89d",101,"6c64b",102,"72bfc",103,"025a1",104,"956df",105,"3da97",106,"848e8",107,"c4bcc",108,"5a07b",109,"c3d58",12,"349fe",110,"6f604",111,"6d0bc",112,"ba463",113,"0dae6",114,"0b02e",115,"fe1bb",13,"8874a",116,"dacf2",117,"52302",118,"524da",119,"3193d",120,"e3795",121,"07df8",123,"f856e",124,"d1e69",125,"bd66e",126,"5596c",127,"36ca9",128,"a1136",129,"0b375",130,"d7f57",131,"6a3f1",132,"b31ec",133,"8a770",134,"a0a0b",135,"1ec51",136,"8cfc8",137,"153cd",14,"85cb0",138,"523db",139,"f7b43",140,"bc51e",141,"073a5",142,"8c0fe",143,"24120",15,"aa165",144,"a1532",145,"91ec8",146,"89c26",147,"29e61",148,"4ad85",149,"450e6",16,"2cbe7",150,"82744",151,"dad72",152,"14f91",153,"491ef",17,"9471c",18,"e1af3",154,"ecef3",155,"0d834",156,"640c1",157,"ef85d",158,"4d4fb",159,"2f465",160,"d1e18",161,"63ca8",162,"960d2",163,"ede5b",19,"53b71",164,"bd310",165,"9dd6e",166,"c3833",167,"9b89f",168,"6b577",169,"77133",170,"2d4d9",171,"430bd",20,"aa0af",172,"100c2",173,"1eb19",174,"c0010",175,"b185f",176,"86ffc",177,"0656d",178,"4ff94",21,"5e491",179,"1d1f8",180,"dab2e",181,"0ed25",182,"b3863",183,"c5976",184,"7b0e7",185,"cd24f",186,"1ef29",187,"7091e",188,"136fb",190,"5efb2",191,"43ff8",192,"597ba",22,"69715",194,"f0b79",195,"122f8",196,"f2842",198,"1b8f8",199,"b48c1",200,"3e30a",23,"69057",201,"e18d0",24,"76817",202,"9605a",203,"94e09",204,"7ea54",205,"dc45f",206,"7eddc",25,"08493",207,"c9b57",208,"0e0b1",26,"35fe4",209,"9db7b",210,"871ef",211,"8ebcb",212,"e65f7",213,"4beb2",501,"e6a7c",214,"aae61",215,"b33d2",216,"4bcb2",217,"f646d",218,"72980",219,"d675d",220,"fdb1a",221,"4392a",222,"7b45a",223,"19adb",224,"92aa1",225,"81168",226,"0a8c1",227,"b3614",228,"13fc8",27,"95e55",230,"c24ea",231,"e43ae",232,"4afd8",233,"5e5dd",234,"a420f",235,"7c7d0",236,"49ffc",237,"8d8fa",238,"56fc0",239,"daadf",28,"a7d3c",29,"c169d",240,"81526",241,"770e8",242,"c69f6",30,"e95b7",244,"f849b",246,"7b219",250,"54541",251,"1a40a",254,"07055",255,"f1389",260,"49d74",261,"914ad",263,"e7df4",264,"c432f",266,"d64a9",267,"d9fbf",268,"cd058",270,"21b9f",273,"ab843",275,"ab643",277,"4b020",280,"b862f",281,"04d25",31,"ff4e8",282,"ed20b",284,"03c15",287,"e051c",288,"8cb7e",289,"61405",290,"ba7ca",32,"7b5e0",292,"ec805",33,"0afcb",294,"152db",295,"bbe58",296,"7ec1a",297,"7eaf3",298,"f12d3",299,"689a2",300,"f45fc",301,"14fb3",302,"06865",34,"1860e",308,"cc170",309,"ed68c",310,"e8585",311,"a89ed",315,"29fee",317,"c7016",322,"58abd",327,"2e9c8",328,"f748e",330,"d1459",331,"8fd47",333,"f91f8",334,"bb5db",335,"d9d67",336,"45d2e",337,"e550d",338,"350ea",35,"cdbd5",343,"d95a0",344,"2e6fc",346,"43f76",347,"5432e",348,"75f7b",519,"0b52c",352,"0ad22",353,"30fa3",36,"795b2",354,"4d1a6",355,"60766",356,"150d6",357,"f7eca",359,"174fe",360,"666e7",37,"f9d8b",367,"2682a",369,"331ed",370,"40919",372,"cda76",374,"cf05b",375,"e8936",377,"85484",379,"74256",380,"d4c0c",522,"be26e",381,"e0899",386,"e5b1c",387,"17cbe",388,"51049",389,"6cae5",38,"04a17",390,"7a1e4",393,"30185",394,"dcbea",400,"43646",401,"7ce7d",404,"b2b16",406,"35227",407,"e74bb",410,"c14b0",530,"35a1e",411,"19cf5",412,"8feee",415,"25764",416,"58266",39,"d4491",40,"5c4ea",419,"4ac13",420,"395f9",421,"0aaf6",422,"93110",423,"3d38f",427,"7d3ab",41,"95bfb",428,"17cd9",429,"e379c",431,"67ae8",42,"88b50",433,"2a777",435,"7f991",436,"4feb5",437,"c5904",438,"56d96",43,"92711",439,"abd67",440,"824ff",441,"491ea",442,"1ffd4"],"native":[0,"fed38",1,"4545c",2,"8da41",3,"24763",4,"67d90",5,"c9852",6,"27c77",7,"6f70c",8,"65e40",9,"297bb",10,"f7a96",11,"ceb57",12,"276f6",13,"36895",14,"5725d",15,"5596b",16,"b37cb",17,"e52a5",18,"c0f4c",19,"d64e6",20,"e2e4e",21,"b165c",189,"c06a9",22,"538e4",23,"a6a1b",24,"d2722",25,"d175b",26,"06c6e",27,"3be96",28,"32022",29,"bd255",30,"d652a",243,"529b1",245,"8d60a",247,"2ccc8",248,"5bb8d",249,"cba44",252,"8abbd",253,"23341",256,"3dfd2",257,"c2c6d",258,"74f44",259,"be7b1",262,"a40d7",265,"93551",269,"4923c",271,"e2feb",272,"9b729",274,"84ab1",276,"2d8c5",278,"f4a3e",31,"9c6cc",283,"71a65",285,"b202c",286,"a869d",32,"8eb08",291,"69bfb",33,"7adcc",293,"53091",303,"c84c2",304,"6ceb4",305,"b3ec3",306,"1d327",34,"cf0ec",307,"4eb10",312,"de309",313,"a4659",314,"0d9e0",316,"9b330",318,"735ee",319,"517ac",320,"5c71a",321,"cf74f",323,"28bc5",324,"20a23",325,"70040",326,"d8115",329,"7313a",332,"9ffa0",339,"ab961",35,"db7fe",340,"7b63a",341,"1b590",342,"f6b9d",345,"aadd1",349,"d3557",350,"ba8af",351,"8f0a6",36,"f7a96",358,"124c0",361,"01bcb",362,"f9d10",363,"51f7c",364,"38cc4",37,"45514",365,"3f768",366,"48eaf",368,"288ba",371,"b98fe",373,"a84c9",376,"908cd",378,"5bac7",382,"4ca5b",383,"7b1fa",384,"3c378",385,"c0ca1",38,"96c42",391,"c4ebf",392,"90cf4",395,"43aed",396,"ede7d",397,"7b7b0",398,"549a3",399,"5ced2",402,"2789a",403,"312a9",405,"ac055",408,"fe82d",409,"b6a31",413,"7bbee",414,"a84c9",417,"0be66",418,"5cf27",39,"56f24",40,"ff1d4",424,"c424a",425,"a6416",426,"ec7e9",41,"2167c",430,"e25c1",42,"ed825",432,"a77fd",434,"5592c",43,"16d2c"]}}