[1,0,0,[["cc.JsonAsset",["_name","json"],1]],[[0,0,1,3]],[[0,"214",{"cards":[{"faceUp":false,"depth":0,"value":-1,"x":-165.31,"y":-53.627,"angle":0},{"faceUp":false,"depth":0,"value":-1,"x":185.69,"y":-53.627,"angle":0},{"faceUp":false,"depth":0,"value":-1,"x":-132.253,"y":402.19,"angle":0},{"faceUp":false,"depth":0,"value":-1,"x":185.69,"y":-287.627,"angle":0},{"faceUp":false,"depth":0,"value":-1,"x":-165.31,"y":-287.627,"angle":0},{"faceUp":false,"depth":0,"value":-1,"x":-48.31,"y":-269.627,"angle":0},{"faceUp":false,"depth":0,"value":-1,"x":68.69,"y":-269.627,"angle":0},{"faceUp":false,"depth":1,"value":-1,"x":-165.31,"y":-71.627,"angle":0},{"faceUp":false,"depth":1,"value":-1,"x":185.69,"y":-71.627,"angle":0},{"faceUp":false,"depth":1,"value":-1,"x":-132.253,"y":348.19,"angle":0},{"faceUp":false,"depth":1,"value":-1,"x":185.69,"y":-305.627,"angle":0},{"faceUp":false,"depth":1,"value":-1,"x":-165.31,"y":-305.627,"angle":0},{"faceUp":true,"depth":1,"value":-1,"x":-48.31,"y":-287.627,"angle":0},{"faceUp":true,"depth":1,"value":-1,"x":68.69,"y":-287.627,"angle":0},{"faceUp":false,"depth":2,"value":-1,"x":68.69,"y":-107.627,"angle":0},{"faceUp":false,"depth":2,"value":-1,"x":185.69,"y":-89.627,"angle":0},{"faceUp":false,"depth":2,"value":1,"x":-132.253,"y":294.19,"angle":0},{"faceUp":false,"depth":2,"value":-1,"x":-48.31,"y":-107.627,"angle":0},{"faceUp":false,"depth":2,"value":-1,"x":-165.31,"y":-323.627,"angle":0},{"faceUp":false,"depth":2,"value":-1,"x":185.69,"y":-323.627,"angle":0},{"faceUp":false,"depth":2,"value":-1,"x":-165.31,"y":-89.627,"angle":0},{"faceUp":true,"depth":3,"value":-1,"x":185.69,"y":-107.627,"angle":0},{"faceUp":true,"depth":3,"value":-1,"x":-165.31,"y":-107.627,"angle":0},{"faceUp":false,"depth":3,"value":-1,"x":-132.253,"y":240.19,"angle":0},{"faceUp":true,"depth":3,"value":-1,"x":68.69,"y":-125.627,"angle":0},{"faceUp":true,"depth":3,"value":-1,"x":-165.31,"y":-341.627,"angle":0},{"faceUp":true,"depth":3,"value":-1,"x":185.69,"y":-341.627,"angle":0},{"faceUp":true,"depth":3,"value":-1,"x":-48.31,"y":-125.627,"angle":0},{"faceUp":false,"depth":4,"value":-1,"x":-132.253,"y":186.19,"angle":0},{"faceUp":false,"depth":5,"value":1,"x":-132.253,"y":132.19,"angle":0},{"faceUp":false,"depth":6,"value":-1,"x":-80.253,"y":132.19,"angle":0},{"faceUp":false,"depth":7,"value":-1,"x":-28.253,"y":132.19,"angle":0},{"faceUp":false,"depth":8,"value":1,"x":23.747,"y":132.19,"angle":0},{"faceUp":false,"depth":9,"value":-1,"x":75.747,"y":132.19,"angle":0},{"faceUp":false,"depth":10,"value":1,"x":140.747,"y":132.19,"angle":0},{"faceUp":false,"depth":11,"value":-1,"x":140.747,"y":186.19,"angle":0},{"faceUp":false,"depth":12,"value":1,"x":140.747,"y":240.19,"angle":0},{"faceUp":false,"depth":13,"value":-1,"x":140.747,"y":294.19,"angle":0},{"faceUp":false,"depth":14,"value":1,"x":140.747,"y":348.19,"angle":0},{"faceUp":true,"depth":15,"value":-1,"x":140.747,"y":402.19,"angle":0}],"settings":{"disableCombo":false,"cost":2600,"reward":2750,"comboCoinReward":170,"undoCost":[650,975,1300],"stars":[30,200,300],"wildCost":[7800],"cardsInStack":[-1,-1,-1,-1,-1,-1,-1,-1,-1,-1,-1,-1,-1,-1,-1,-1,-1],"comboBonus":[5,4,6,4],"extraCardCost":[5000,7550,10000]}}]],0,0,[],[],[]]