[1,0,0,[["cc.JsonAsset",["_name","json"],1]],[[0,0,1,3]],[[0,"102",{"cards":[{"faceUp":false,"depth":0,"value":-1,"x":60.604,"y":-30.509,"angle":0},{"faceUp":false,"depth":0,"value":-1,"x":164.604,"y":-30.509,"angle":0},{"faceUp":false,"depth":0,"value":-1,"x":-147.396,"y":-30.509,"angle":0},{"faceUp":false,"depth":0,"value":-1,"x":-43.396,"y":-30.509,"angle":0},{"faceUp":false,"depth":0,"value":-1,"x":-38.169,"y":143.747,"angle":0},{"faceUp":false,"depth":0,"value":-1,"x":-142.169,"y":143.747,"angle":0},{"faceUp":false,"depth":0,"value":-1,"x":169.831,"y":143.747,"angle":0},{"faceUp":false,"depth":0,"value":-1,"x":65.831,"y":143.747,"angle":0},{"faceUp":false,"depth":0,"value":-1,"x":-38.169,"y":341.747,"angle":0},{"faceUp":false,"depth":0,"value":-1,"x":-142.169,"y":341.747,"angle":0},{"faceUp":false,"depth":0,"value":-1,"x":169.831,"y":341.747,"angle":0},{"faceUp":false,"depth":0,"value":-1,"x":65.831,"y":341.747,"angle":0},{"faceUp":false,"depth":0,"value":-1,"x":60.604,"y":-228.509,"angle":0},{"faceUp":false,"depth":0,"value":-1,"x":164.604,"y":-228.509,"angle":0},{"faceUp":false,"depth":0,"value":-1,"x":-147.396,"y":-228.509,"angle":0},{"faceUp":false,"depth":0,"value":-1,"x":-43.396,"y":-228.509,"angle":0},{"faceUp":false,"depth":1,"value":-1,"x":86.604,"y":-138.509,"angle":0},{"faceUp":false,"depth":1,"value":-1,"x":169.831,"y":431.747,"angle":0},{"faceUp":false,"depth":1,"value":-1,"x":169.831,"y":233.747,"angle":0},{"faceUp":false,"depth":2,"value":-1,"x":8.604,"y":-138.509,"angle":0},{"faceUp":false,"depth":2,"value":-1,"x":91.831,"y":431.747,"angle":0},{"faceUp":false,"depth":2,"value":-1,"x":91.831,"y":233.747,"angle":0},{"faceUp":false,"depth":3,"value":-1,"x":-69.396,"y":-138.509,"angle":0},{"faceUp":false,"depth":3,"value":-1,"x":13.831,"y":431.747,"angle":0},{"faceUp":false,"depth":3,"value":-1,"x":13.831,"y":233.747,"angle":0},{"faceUp":true,"depth":4,"value":-1,"x":-147.396,"y":-138.509,"angle":0},{"faceUp":true,"depth":4,"value":-1,"x":-64.169,"y":431.747,"angle":0},{"faceUp":true,"depth":4,"value":-1,"x":-64.169,"y":233.747,"angle":0}],"settings":{"disableCombo":false,"cost":2200,"reward":2400,"comboCoinReward":170,"undoCost":[500,750,1000],"stars":[30,200,300],"wildCost":[6500],"cardsInStack":[-1,-1,-1,-1,-1,-1,-1,-1,-1,-1,-1,-1,-1,-1,-1,-1,-1,-1,-1,-1,-1,-1],"comboBonus":[5,4,6,4],"extraCardCost":[4500,6750,9000]}}]],0,0,[],[],[]]