[1,0,0,[["cc.JsonAsset",["_name","json"],1]],[[0,0,1,3]],[[0,"88",{"cards":[{"faceUp":false,"depth":0,"value":-1,"x":0,"y":171,"angle":0},{"faceUp":false,"depth":0,"value":-1,"x":-300,"y":156,"angle":0},{"faceUp":false,"depth":0,"value":-1,"x":286,"y":156,"angle":0},{"faceUp":false,"depth":0,"value":-1,"x":213,"y":-18,"angle":0},{"faceUp":false,"depth":0,"value":-1,"x":356,"y":-36,"angle":5},{"faceUp":false,"depth":0,"value":-1,"x":70,"y":-36,"angle":-5},{"faceUp":false,"depth":0,"value":-1,"x":-366,"y":-36,"angle":-5},{"faceUp":false,"depth":0,"value":-1,"x":-223,"y":-18,"angle":0},{"faceUp":false,"depth":0,"value":-1,"x":-80,"y":-36,"angle":5},{"faceUp":false,"depth":1,"value":-1,"x":0,"y":189,"angle":0},{"faceUp":false,"depth":1,"value":-1,"x":-287,"y":156,"angle":0},{"faceUp":false,"depth":1,"value":-1,"x":273,"y":156,"angle":0},{"faceUp":false,"depth":1,"value":-1,"x":148,"y":-54,"angle":0},{"faceUp":false,"depth":1,"value":-1,"x":278,"y":-54,"angle":0},{"faceUp":false,"depth":1,"value":-1,"x":-288,"y":-54,"angle":0},{"faceUp":false,"depth":1,"value":-1,"x":-158,"y":-54,"angle":0},{"faceUp":false,"depth":2,"value":-1,"x":0,"y":207,"angle":0},{"faceUp":false,"depth":2,"value":-1,"x":-274,"y":156,"angle":0},{"faceUp":false,"depth":2,"value":-1,"x":260,"y":156,"angle":0},{"faceUp":false,"depth":2,"value":-1,"x":213,"y":-108,"angle":0},{"faceUp":false,"depth":2,"value":-1,"x":-223,"y":-108,"angle":0},{"faceUp":true,"depth":3,"value":-1,"x":65,"y":243,"angle":0},{"faceUp":true,"depth":3,"value":-1,"x":-65,"y":243,"angle":0},{"faceUp":true,"depth":3,"value":-1,"x":-261,"y":156,"angle":0},{"faceUp":true,"depth":3,"value":-1,"x":247,"y":156,"angle":0},{"faceUp":false,"depth":3,"value":-1,"x":213,"y":-126,"angle":0},{"faceUp":false,"depth":3,"value":-1,"x":-223,"y":-126,"angle":0},{"faceUp":true,"depth":4,"value":-1,"x":130,"y":279,"angle":15},{"faceUp":true,"depth":4,"value":-1,"x":-130,"y":279,"angle":-15},{"faceUp":true,"depth":4,"value":-1,"x":0,"y":297,"angle":0},{"faceUp":true,"depth":4,"value":-1,"x":213,"y":-144,"angle":0},{"faceUp":true,"depth":4,"value":-1,"x":-223,"y":-144,"angle":0}],"settings":{"disableCombo":false,"cost":2000,"reward":2100,"comboCoinReward":150,"undoCost":[500,750,1000],"stars":[30,150,250],"wildCost":[6000],"cardsInStack":[-1,-1,-1,-1,-1,-1,-1,-1,-1,-1,-1,-1,-1,-1,-1,-1,-1,-1,-1,-1,-1,-1],"comboBonus":[5,4,6,4],"extraCardCost":[4000,6000,8000]}}]],0,0,[],[],[]]