[1,0,0,[["cc.JsonAsset",["_name","json"],1]],[[0,0,1,3]],[[0,"9",{"cards":[{"faceUp":false,"depth":0,"value":-1,"x":-88.327,"y":49.807,"angle":10},{"faceUp":false,"depth":0,"value":-1,"x":-283.327,"y":49.807,"angle":-10},{"faceUp":false,"depth":0,"value":-1,"x":273.772,"y":47.168,"angle":15},{"faceUp":false,"depth":0,"value":-1,"x":78.772,"y":47.168,"angle":-10},{"faceUp":false,"depth":0,"value":-1,"x":78.772,"y":245.168,"angle":-10},{"faceUp":false,"depth":0,"value":-1,"x":-88.327,"y":247.807,"angle":10},{"faceUp":false,"depth":0,"value":-1,"x":-283.327,"y":247.807,"angle":-10},{"faceUp":false,"depth":0,"value":-1,"x":273.772,"y":245.168,"angle":15},{"faceUp":true,"depth":1,"value":-1,"x":247.772,"y":245.168,"angle":15},{"faceUp":true,"depth":1,"value":-1,"x":104.772,"y":245.168,"angle":-10},{"faceUp":true,"depth":1,"value":-1,"x":247.772,"y":47.168,"angle":15},{"faceUp":true,"depth":1,"value":-1,"x":104.772,"y":47.168,"angle":-10},{"faceUp":true,"depth":1,"value":-1,"x":-114.327,"y":247.807,"angle":10},{"faceUp":true,"depth":1,"value":-1,"x":-257.327,"y":247.807,"angle":-10},{"faceUp":true,"depth":1,"value":-1,"x":-114.327,"y":49.807,"angle":10},{"faceUp":true,"depth":1,"value":-1,"x":-257.327,"y":49.807,"angle":-10},{"faceUp":true,"depth":2,"value":-1,"x":169.772,"y":65.168,"angle":0},{"faceUp":true,"depth":2,"value":-1,"x":-192.327,"y":67.807,"angle":0},{"faceUp":true,"depth":2,"value":-1,"x":-192.327,"y":265.807,"angle":0},{"faceUp":true,"depth":2,"value":-1,"x":169.772,"y":263.168,"angle":0}],"settings":{"disableCombo":false,"cost":1000,"reward":1050,"comboCoinReward":50,"undoCost":[100,150,400],"stars":[15,80,120],"wildCost":[500],"cardsInStack":[-1,-1,-1,-1,-1,-1,-1,-1,-1,-1,-1,-1,-1,-1,-1,-1,-1],"comboBonus":[5,4,5,5],"extraCardCost":[200,300,500]}}]],0,0,[],[],[]]