[1,0,0,[["cc.JsonAsset",["_name","json"],1]],[[0,0,1,3]],[[0,"229",{"cards":[{"faceUp":false,"depth":0,"value":-1,"x":-91.123,"y":-142.626,"angle":0},{"faceUp":false,"depth":0,"value":-1,"x":-325.123,"y":-142.626,"angle":0},{"faceUp":false,"depth":0,"value":-1,"x":331.374,"y":-142.626,"angle":0},{"faceUp":false,"depth":0,"value":-1,"x":97.374,"y":-142.626,"angle":0},{"faceUp":false,"depth":0,"value":-1,"x":214.374,"y":-52.626,"angle":0},{"faceUp":false,"depth":0,"value":-1,"x":-68,"y":114.627,"angle":0},{"faceUp":false,"depth":0,"value":-1,"x":-16,"y":276.627,"angle":0},{"faceUp":false,"depth":0,"value":-1,"x":-208.123,"y":-52.626,"angle":0},{"faceUp":false,"depth":0,"value":-1,"x":36,"y":114.627,"angle":0},{"faceUp":false,"depth":1,"value":-1,"x":-91.123,"y":-160.626,"angle":0},{"faceUp":false,"depth":1,"value":-1,"x":-325.123,"y":-160.626,"angle":0},{"faceUp":false,"depth":1,"value":-1,"x":331.374,"y":-160.626,"angle":0},{"faceUp":false,"depth":1,"value":-1,"x":97.374,"y":-160.626,"angle":0},{"faceUp":false,"depth":1,"value":-1,"x":88,"y":186.627,"angle":0},{"faceUp":false,"depth":1,"value":-1,"x":-208.123,"y":-70.626,"angle":0},{"faceUp":false,"depth":1,"value":-1,"x":214.374,"y":-70.626,"angle":0},{"faceUp":false,"depth":1,"value":-1,"x":-120,"y":186.627,"angle":0},{"faceUp":false,"depth":2,"value":-1,"x":-91.123,"y":-178.626,"angle":0},{"faceUp":false,"depth":2,"value":-1,"x":-325.123,"y":-178.626,"angle":0},{"faceUp":false,"depth":2,"value":-1,"x":331.374,"y":-178.626,"angle":0},{"faceUp":false,"depth":2,"value":-1,"x":97.374,"y":-178.626,"angle":0},{"faceUp":false,"depth":2,"value":-1,"x":214.374,"y":-88.626,"angle":0},{"faceUp":true,"depth":2,"value":-1,"x":-68,"y":258.627,"angle":0},{"faceUp":true,"depth":2,"value":-1,"x":36,"y":258.627,"angle":0},{"faceUp":false,"depth":2,"value":-1,"x":-208.123,"y":-88.626,"angle":0},{"faceUp":true,"depth":2,"value":-1,"x":-16,"y":96.627,"angle":0},{"faceUp":true,"depth":3,"value":-1,"x":-325.123,"y":-196.626,"angle":0},{"faceUp":true,"depth":3,"value":-1,"x":97.374,"y":-196.626,"angle":0},{"faceUp":true,"depth":3,"value":-1,"x":331.374,"y":-196.626,"angle":0},{"faceUp":true,"depth":3,"value":-1,"x":-91.123,"y":-196.626,"angle":0},{"faceUp":false,"depth":3,"value":-1,"x":-208.123,"y":-106.626,"angle":0},{"faceUp":false,"depth":3,"value":-1,"x":214.374,"y":-106.626,"angle":0},{"faceUp":true,"depth":4,"value":-1,"x":-208.123,"y":-124.626,"angle":0},{"faceUp":true,"depth":4,"value":-1,"x":214.374,"y":-124.626,"angle":0}],"settings":{"disableCombo":false,"cost":2600,"reward":2750,"comboCoinReward":170,"undoCost":[650,975,1300],"stars":[30,200,300],"wildCost":[7800],"cardsInStack":[-1,-1,-1,-1,-1,-1,-1,-1,-1,-1,-1,-1,-1,-1,-1,-1,-1,-1,-1,-1,-1,-1],"comboBonus":[5,4,6,4],"extraCardCost":[5000,7550,10000]}}]],0,0,[],[],[]]