[1,0,0,[["cc.JsonAsset",["_name","json"],1]],[[0,0,1,3]],[[0,"142",{"cards":[{"faceUp":false,"depth":0,"value":-1,"x":114.509,"y":337.506,"angle":0},{"faceUp":false,"depth":0,"value":-1,"x":114.509,"y":85.506,"angle":0},{"faceUp":false,"depth":0,"value":-1,"x":-132.49099999999999,"y":85.506,"angle":0},{"faceUp":false,"depth":0,"value":-1,"x":-132.49099999999999,"y":337.506,"angle":0},{"faceUp":false,"depth":0,"value":-1,"x":-234.112,"y":-115.03,"angle":0},{"faceUp":false,"depth":0,"value":-1,"x":-117.112,"y":-115.03,"angle":0},{"faceUp":false,"depth":0,"value":-1,"x":-0.1120000000000001,"y":-115.03,"angle":0},{"faceUp":false,"depth":0,"value":-1,"x":116.888,"y":-115.03,"angle":0},{"faceUp":false,"depth":0,"value":-1,"x":233.888,"y":-115.03,"angle":0},{"faceUp":false,"depth":1,"value":-1,"x":62.509,"y":283.506,"angle":0},{"faceUp":false,"depth":1,"value":-1,"x":179.509,"y":283.506,"angle":0},{"faceUp":false,"depth":1,"value":-1,"x":179.509,"y":121.506,"angle":0},{"faceUp":false,"depth":1,"value":-1,"x":62.509,"y":121.506,"angle":0},{"faceUp":false,"depth":1,"value":-1,"x":-67.491,"y":121.506,"angle":0},{"faceUp":false,"depth":1,"value":-1,"x":-184.491,"y":121.506,"angle":0},{"faceUp":false,"depth":1,"value":-1,"x":-184.491,"y":283.506,"angle":0},{"faceUp":false,"depth":1,"value":-1,"x":-67.491,"y":283.506,"angle":0},{"faceUp":true,"depth":1,"value":-1,"x":-182.112,"y":-115.03,"angle":0},{"faceUp":true,"depth":1,"value":-1,"x":-52.112,"y":-115.03,"angle":0},{"faceUp":true,"depth":1,"value":-1,"x":77.888,"y":-115.03,"angle":0},{"faceUp":true,"depth":1,"value":-1,"x":207.888,"y":-115.03,"angle":0},{"faceUp":true,"depth":2,"value":-1,"x":114.509,"y":211.506,"angle":0},{"faceUp":true,"depth":2,"value":-1,"x":-132.49099999999999,"y":211.506,"angle":0}],"settings":{"disableCombo":false,"cost":2200,"reward":2400,"comboCoinReward":170,"undoCost":[500,750,1000],"stars":[30,200,300],"wildCost":[6500],"cardsInStack":[-1,-1,-1,-1,-1,-1,-1,-1,-1,-1,-1,-1,-1,-1,-1,-1,-1],"comboBonus":[5,4,6,4],"extraCardCost":[4500,6750,9000]}}]],0,0,[],[],[]]