[1,["ecpdLyjvZBwrvm+cedCcQy","f3EjEglBhGJ485YIgnkyTY","edoYWmPCBCFI6fixL0xgV2","64iYpa3PtNl437I/m3QFEQ","d5zm91zZ1BX4NLZ+ZijOCG","07its+m9tDWKCWtDnCtlql","29FYIk+N1GYaeWH/q1NxQO","6dsHpJgV1Fb6ZbgEXTgHvV","14QzLLnZlIyad4fEKjOEOq","f1wFoteoBAHIqrTR9P4Nhj"],["node","_spriteFrame","_textureSetter","root","posNode","data","_N$file","_N$normalSprite","_N$disabledSprite"],[["cc.Node",["_name","_active","_components","_prefab","_contentSize","_trs","_parent","_children","_color"],1,9,4,5,7,1,2,5],["cc.Sprite",["_type","_sizeMode","_enabled","_isTrimmedMode","node","_materials","_spriteFrame"],-1,1,3,6],["cc.Widget",["_alignFlags","_left","_right","_bottom","_originalWidth","node"],-2,1],["cc.PrefabInfo",["fileId","root","asset"],2,1,1],["cc.Button",["node","clickEvents","_N$normalSprite","_N$disabledSprite"],3,1,9,6,6],["cc.Label",["_string","_fontSize","_lineHeight","_styleFlags","_isSystemFontUsed","node","_materials","_N$file"],-2,1,3,6],"cc.SpriteFrame",["cc.Prefab",["_name"],2],["eb47f0rf59Da45mpFRm6+YM",["node","posNode"],3,1,1],["cc.ClickEvent",["_componentId","handler","target"],1,1],["cc.LabelOutline",["_width","node","_color"],2,1,5]],[[3,0,1,2,2],[0,0,6,2,3,4,5,2],[0,0,6,2,3,8,4,5,2],[1,0,1,4,5,6,3],[9,0,1,2,3],[5,0,1,2,3,5,6,5],[7,0,2],[0,0,7,2,3,4,5,2],[0,0,6,7,2,3,4,5,2],[0,0,6,7,2,3,8,4,5,2],[0,0,1,6,2,3,4,5,3],[2,0,1,2,5,4],[2,0,1,2,3,4,5,6],[8,0,1,1],[3,1,2,1],[1,2,0,1,4,5,6,4],[1,0,1,3,4,5,6,4],[1,4,5,6,1],[1,2,4,5,6,2],[4,0,1,1],[4,0,1,2,3,1],[5,0,1,4,5,6,7,4],[10,0,1,2,2]],[[[{"name":"video","rect":[7,12,52,39],"offset":[1,0.5],"originalSize":[64,64],"capInsets":[0,0,0,0]}],[6],0,[0],[2],[2]],[[[6,"Shop"],[7,"New Node",[-5],[[11,45,2,2,-2],[13,-4,-3]],[14,-1,0],[5,746,1334],[375,667,0,0,0,0,1,1,1,1]],[8,"UI_Panel_Window",1,[-7,-8,-9,-10,-11,-12],[[3,1,0,-6,[16],17]],[0,"33uvKAoMBOKInvMTt4rSiR",1,0],[5,655,437],[1,-6,0,0,0,0,1,1,1,1]],[9,"UI_Button_Standard_Green",2,[-15,-16],[[3,1,0,-13,[14],15],[19,-14,[[4,"eb47f0rf59Da45mpFRm6+YM","onClickPlay",1]]]],[0,"16zuf6eB1GEozvukcBFE3E",1,0],[4,4293066766],[5,227,90],[11,-124.276,0,0,0,0,1,1,1,1]],[1,"UI_Panel_Content",2,[[15,false,1,0,-17,[0],1],[12,44,52.5,52.5,20,562,-18]],[0,"2ddTfBrvRBObviWCQxvd4N",1,0],[5,550,347],[0,-25,0,0,0,0,1,1,1,1]],[1,"close",2,[[20,-19,[[4,"eb47f0rf59Da45mpFRm6+YM","onClickClose",1]],6,7],[16,1,0,false,-20,[8],9]],[0,"0bqgtOcQNPA7fLgaOEWnMf",1,0],[5,50,50],[253.918,146.797,0,0,0,0,1,1,1,1]],[2,"BitmapFontLabel_1_0",2,[[5,"COINS",60,0,1,-21,[10]],[22,3,-22,[4,4278741735]]],[0,"129hgiJd5OmI9BK8QY8I6u",1,0],[4,4293066766],[5,196.02,81.6],[2,143.346,0,0,0,0,1,1,1,1]],[1,"store_item_coins",2,[[17,-23,[2],3]],[0,"03/IvwgiROP6ParGuf4Ce0",1,0],[5,64,64],[-105.81,33.327,0,0,0,0,1,1,1,1]],[2,"lato_bold40",2,[[21,"+10000",60,false,-24,[4],5]],[0,"aaC3UatBtEmYzs9tILCpzV",1,0],[4,4278238719],[5,208.5,40],[40.368,47.87,0,0,0,0,1,1,1,1]],[1,"lato_bold40",3,[[5,"GET",50,50,3,-25,[11]]],[0,"2clvWNLbtJGIahbaI4DTLW",1,0],[5,113.4078280709945,63],[-0.078,-7.283,0,0,0,0,1,1,1,1]],[10,"视频",false,3,[[18,false,-26,[12],13]],[0,"a70+HMGWdGdJkMFCgz1Y19",1,0],[5,52,39],[-70.437,6.024,0,0,0,0,1,1,1,1]]],0,[0,3,1,0,0,1,0,4,3,0,0,1,0,-1,2,0,0,2,0,-1,4,0,-2,7,0,-3,8,0,-4,5,0,-5,6,0,-6,3,0,0,3,0,0,3,0,-1,9,0,-2,10,0,0,4,0,0,4,0,0,5,0,0,5,0,0,6,0,0,6,0,0,7,0,0,8,0,0,9,0,0,10,0,5,1,26],[0,0,0,0,0,0,0,0,0,0,0,0,0,0,0,0,0,0],[-1,1,-1,1,-1,6,7,8,-1,1,-1,-1,-1,1,-1,1,-1,1],[0,3,0,4,0,5,1,6,0,1,0,0,0,7,0,8,0,9]]]]