[1,["e5HzEtLFpBtYx2oLCIOV45","eclxwnHOVDubXIPCRNlEKx","c9Zinvqo5MW6Vhrd7j4HHa","dekPMPAZ9ELLXR7qxllcMY"],["_textureSetter"],["cc.SpriteFrame"],0,[[[{"name":"UI_Button_Standard_Green","rect":[0,0,116,50],"offset":[0,0],"originalSize":[116,50],"capInsets":[18,30,17,20]}],[0],0,[0],[0],[0]],[[{"name":"UI_Panel_Content","rect":[0,0,80,80],"offset":[0,0],"originalSize":[80,80],"capInsets":[22,26,29,25]}],[0],0,[0],[0],[1]],[[{"name":"UI_Panel_Window","rect":[0,0,853,435],"offset":[0,0],"originalSize":[853,435],"capInsets":[18,25,20,27]}],[0],0,[0],[0],[2]],[[{"name":"redx2","rect":[3,3,43,43],"offset":[-0.5,0.5],"originalSize":[50,50],"capInsets":[15,11,15,11]}],[0],0,[0],[0],[3]]]]