[1,0,0,[["cc.JsonAsset",["_name","json"],1]],[[0,0,1,3]],[[0,"288",{"cards":[{"faceUp":false,"depth":0,"value":-1,"x":-1.08,"y":203.905,"angle":0},{"faceUp":false,"depth":0,"value":-1,"x":102.92,"y":203.905,"angle":0},{"faceUp":false,"depth":0,"value":-1,"x":-105.08,"y":203.905,"angle":0},{"faceUp":false,"depth":0,"value":-1,"x":-313.08,"y":203.905,"angle":0},{"faceUp":false,"depth":0,"value":-1,"x":-209.08,"y":203.905,"angle":0},{"faceUp":false,"depth":0,"value":-1,"x":15.52,"y":-86.495,"angle":0},{"faceUp":false,"depth":0,"value":-1,"x":-88.48,"y":-86.495,"angle":0},{"faceUp":false,"depth":0,"value":-1,"x":119.52,"y":-86.495,"angle":0},{"faceUp":false,"depth":0,"value":-1,"x":327.52,"y":-86.495,"angle":0},{"faceUp":false,"depth":0,"value":-1,"x":223.52,"y":-86.495,"angle":0},{"faceUp":false,"depth":1,"value":-1,"x":-157.08,"y":95.905,"angle":0},{"faceUp":false,"depth":1,"value":-1,"x":275.52,"y":-140.495,"angle":0},{"faceUp":false,"depth":1,"value":-1,"x":171.52,"y":-140.495,"angle":0},{"faceUp":false,"depth":1,"value":-1,"x":171.52,"y":21.505,"angle":0},{"faceUp":false,"depth":1,"value":-1,"x":67.52,"y":21.505,"angle":0},{"faceUp":false,"depth":1,"value":-1,"x":-53.08,"y":95.905,"angle":0},{"faceUp":false,"depth":1,"value":-1,"x":-53.08,"y":257.905,"angle":0},{"faceUp":false,"depth":1,"value":-1,"x":-157.08,"y":257.905,"angle":0},{"faceUp":false,"depth":1,"value":-1,"x":-261.08,"y":257.905,"angle":0},{"faceUp":false,"depth":1,"value":-1,"x":67.52,"y":-140.495,"angle":0},{"faceUp":false,"depth":1,"value":-1,"x":-36.48,"y":-140.495,"angle":0},{"faceUp":false,"depth":1,"value":-1,"x":50.92,"y":257.905,"angle":0},{"faceUp":true,"depth":2,"value":-1,"x":223.52,"y":-176.495,"angle":0},{"faceUp":true,"depth":2,"value":-1,"x":-105.08,"y":149.905,"angle":0},{"faceUp":true,"depth":2,"value":-1,"x":119.52,"y":-32.495,"angle":0},{"faceUp":true,"depth":2,"value":-1,"x":-209.08,"y":293.905,"angle":0},{"faceUp":true,"depth":2,"value":-1,"x":-1.08,"y":293.905,"angle":0},{"faceUp":true,"depth":2,"value":-1,"x":15.52,"y":-176.495,"angle":0}],"settings":{"disableCombo":false,"cost":2700,"reward":2850,"comboCoinReward":170,"undoCost":[700,1050,1400],"stars":[30,200,300],"wildCost":[8000],"cardsInStack":[-1,-1,-1,-1,-1,-1,-1,-1,-1,-1,-1,-1,-1,-1,-1,-1,-1,-1,-1,-1],"comboBonus":[5,4,6,4],"extraCardCost":[5500,8250,11000]}}]],0,0,[],[],[]]