[1,0,0,[["cc.JsonAsset",["_name","json"],1]],[[0,0,1,3]],[[0,"50",{"cards":[{"faceUp":false,"depth":0,"value":1,"x":-290.605,"y":242.743,"angle":-15},{"faceUp":false,"depth":0,"value":1,"x":-290.605,"y":26.743,"angle":15},{"faceUp":false,"depth":0,"value":1,"x":-95.605,"y":152.743,"angle":0},{"faceUp":false,"depth":0,"value":1,"x":125.158,"y":150.57,"angle":0},{"faceUp":false,"depth":0,"value":1,"x":268.158,"y":240.57,"angle":15},{"faceUp":false,"depth":0,"value":1,"x":268.158,"y":24.57,"angle":-15},{"faceUp":false,"depth":1,"value":-1,"x":-277.605,"y":242.743,"angle":-15},{"faceUp":false,"depth":1,"value":-1,"x":-82.605,"y":152.743,"angle":0},{"faceUp":false,"depth":1,"value":-1,"x":112.158,"y":150.57,"angle":0},{"faceUp":false,"depth":1,"value":-1,"x":281.158,"y":240.57,"angle":15},{"faceUp":false,"depth":1,"value":-1,"x":281.158,"y":24.57,"angle":-15},{"faceUp":false,"depth":1,"value":-1,"x":-277.605,"y":26.743,"angle":15},{"faceUp":false,"depth":2,"value":-1,"x":-264.605,"y":242.743,"angle":-15},{"faceUp":false,"depth":2,"value":-1,"x":-264.605,"y":26.743,"angle":15},{"faceUp":false,"depth":2,"value":-1,"x":99.158,"y":150.57,"angle":0},{"faceUp":false,"depth":2,"value":-1,"x":-69.605,"y":152.743,"angle":0},{"faceUp":false,"depth":2,"value":-1,"x":294.158,"y":240.57,"angle":15},{"faceUp":false,"depth":2,"value":-1,"x":294.158,"y":24.57,"angle":-15},{"faceUp":false,"depth":3,"value":-1,"x":307.158,"y":240.57,"angle":15},{"faceUp":false,"depth":3,"value":-1,"x":307.158,"y":24.57,"angle":-15},{"faceUp":false,"depth":3,"value":-1,"x":86.158,"y":150.57,"angle":0},{"faceUp":false,"depth":3,"value":-1,"x":-251.605,"y":242.743,"angle":-15},{"faceUp":false,"depth":3,"value":-1,"x":-251.605,"y":26.743,"angle":15},{"faceUp":false,"depth":3,"value":-1,"x":-56.605,"y":152.743,"angle":0},{"faceUp":true,"depth":4,"value":-1,"x":320.158,"y":240.57,"angle":15},{"faceUp":true,"depth":4,"value":-1,"x":320.158,"y":24.57,"angle":-15},{"faceUp":true,"depth":4,"value":-1,"x":73.158,"y":150.57,"angle":0},{"faceUp":true,"depth":4,"value":-1,"x":-238.605,"y":242.743,"angle":-15},{"faceUp":true,"depth":4,"value":-1,"x":-238.605,"y":26.743,"angle":15},{"faceUp":true,"depth":4,"value":-1,"x":-43.605,"y":152.743,"angle":0}],"settings":{"disableCombo":false,"cost":1500,"reward":1550,"comboCoinReward":100,"undoCost":[400,600,800],"stars":[30,100,200],"wildCost":[4500],"cardsInStack":[-1,-1,-1,-1,-1,-1,-1,-1,-1,-1,-1],"comboBonus":[5,4,6,4],"extraCardCost":[3000,4500,6000]}}]],0,0,[],[],[]]