[1,0,0,[["cc.JsonAsset",["_name","json"],1]],[[0,0,1,3]],[[0,"167",{"cards":[{"faceUp":false,"depth":0,"value":-1,"x":20.5,"y":154,"angle":-60},{"faceUp":false,"depth":0,"value":-1,"x":-29.5,"y":-98,"angle":-60},{"faceUp":false,"depth":0,"value":1,"x":-283.5,"y":28,"angle":0},{"faceUp":false,"depth":0,"value":1,"x":279.5,"y":28,"angle":0},{"faceUp":false,"depth":1,"value":-1,"x":344.5,"y":118,"angle":0},{"faceUp":false,"depth":1,"value":-1,"x":-361.5,"y":118,"angle":0},{"faceUp":false,"depth":1,"value":-1,"x":-361.5,"y":-62,"angle":0},{"faceUp":false,"depth":1,"value":-1,"x":344.5,"y":-62,"angle":0},{"faceUp":false,"depth":2,"value":-1,"x":357.5,"y":118,"angle":0},{"faceUp":false,"depth":2,"value":-1,"x":-94.5,"y":-62,"angle":-40},{"faceUp":false,"depth":2,"value":-1,"x":85.5,"y":118,"angle":-40},{"faceUp":false,"depth":2,"value":-1,"x":-348.5,"y":118,"angle":0},{"faceUp":false,"depth":2,"value":-1,"x":-348.5,"y":-62,"angle":0},{"faceUp":false,"depth":2,"value":-1,"x":357.5,"y":-62,"angle":0},{"faceUp":true,"depth":3,"value":-1,"x":370.5,"y":118,"angle":0},{"faceUp":false,"depth":3,"value":-1,"x":124.5,"y":100,"angle":-30},{"faceUp":false,"depth":3,"value":-1,"x":-120.5,"y":-44,"angle":-30},{"faceUp":true,"depth":3,"value":-1,"x":-335.5,"y":118,"angle":0},{"faceUp":true,"depth":3,"value":-1,"x":-335.5,"y":-62,"angle":0},{"faceUp":true,"depth":3,"value":-1,"x":370.5,"y":-62,"angle":0},{"faceUp":false,"depth":4,"value":-1,"x":150.5,"y":64,"angle":-15},{"faceUp":false,"depth":4,"value":-1,"x":-146.5,"y":-8,"angle":-15},{"faceUp":true,"depth":5,"value":-1,"x":150.5,"y":10,"angle":20},{"faceUp":true,"depth":5,"value":-1,"x":-146.5,"y":46,"angle":20}],"settings":{"disableCombo":false,"cost":2200,"reward":2400,"comboCoinReward":170,"undoCost":[500,750,1000],"stars":[30,200,300],"wildCost":[6500],"cardsInStack":[-1,-1,-1,-1,-1,-1,-1,-1,-1,-1,-1,-1],"comboBonus":[5,4,6,4],"extraCardCost":[4500,6750,9000]}}]],0,0,[],[],[]]