[1,0,0,[["cc.JsonAsset",["_name","json"],1]],[[0,0,1,3]],[[0,"90",{"cards":[{"faceUp":false,"depth":0,"value":-1,"x":216.852,"y":61.117,"angle":0},{"faceUp":false,"depth":0,"value":-1,"x":320.852,"y":25.117,"angle":0},{"faceUp":false,"depth":0,"value":-1,"x":112.852,"y":25.117,"angle":0},{"faceUp":false,"depth":0,"value":-1,"x":320.852,"y":259.117,"angle":0},{"faceUp":false,"depth":0,"value":-1,"x":216.852,"y":295.117,"angle":0},{"faceUp":false,"depth":0,"value":-1,"x":112.852,"y":259.117,"angle":0},{"faceUp":false,"depth":0,"value":-1,"x":-199.148,"y":295.117,"angle":0},{"faceUp":false,"depth":0,"value":-1,"x":-95.148,"y":259.117,"angle":0},{"faceUp":false,"depth":0,"value":-1,"x":-303.148,"y":259.117,"angle":0},{"faceUp":false,"depth":0,"value":-1,"x":-199.148,"y":61.117,"angle":0},{"faceUp":false,"depth":0,"value":-1,"x":-95.148,"y":25.117,"angle":0},{"faceUp":false,"depth":0,"value":-1,"x":-303.148,"y":25.117,"angle":0},{"faceUp":false,"depth":1,"value":-1,"x":268.852,"y":43.117,"angle":0},{"faceUp":false,"depth":1,"value":-1,"x":164.852,"y":43.117,"angle":0},{"faceUp":false,"depth":1,"value":-1,"x":268.852,"y":277.117,"angle":0},{"faceUp":false,"depth":1,"value":-1,"x":164.852,"y":277.117,"angle":0},{"faceUp":false,"depth":1,"value":-1,"x":-147.148,"y":277.117,"angle":0},{"faceUp":false,"depth":1,"value":-1,"x":-251.148,"y":277.117,"angle":0},{"faceUp":false,"depth":1,"value":-1,"x":-147.148,"y":43.117,"angle":0},{"faceUp":false,"depth":1,"value":-1,"x":-251.148,"y":43.117,"angle":0},{"faceUp":false,"depth":2,"value":1,"x":-251.148,"y":241.117,"angle":0},{"faceUp":false,"depth":2,"value":1,"x":-147.148,"y":241.117,"angle":0},{"faceUp":false,"depth":2,"value":2,"x":164.852,"y":241.117,"angle":0},{"faceUp":false,"depth":2,"value":2,"x":268.852,"y":241.117,"angle":0},{"faceUp":false,"depth":2,"value":3,"x":-251.148,"y":7.117,"angle":0},{"faceUp":false,"depth":2,"value":3,"x":-147.148,"y":7.117,"angle":0},{"faceUp":false,"depth":2,"value":4,"x":164.852,"y":7.117,"angle":0},{"faceUp":false,"depth":2,"value":4,"x":268.852,"y":7.117,"angle":0},{"faceUp":true,"depth":3,"value":-1,"x":294.852,"y":25.117,"angle":0},{"faceUp":true,"depth":3,"value":-1,"x":151.852,"y":25.117,"angle":0},{"faceUp":true,"depth":3,"value":-1,"x":151.852,"y":259.117,"angle":0},{"faceUp":true,"depth":3,"value":-1,"x":294.852,"y":259.117,"angle":0},{"faceUp":true,"depth":3,"value":-1,"x":-121.148,"y":259.117,"angle":0},{"faceUp":true,"depth":3,"value":-1,"x":-264.148,"y":259.117,"angle":0},{"faceUp":true,"depth":3,"value":-1,"x":-121.148,"y":25.117,"angle":0},{"faceUp":true,"depth":3,"value":-1,"x":-264.148,"y":25.117,"angle":0}],"settings":{"disableCombo":false,"cost":2000,"reward":2100,"comboCoinReward":150,"undoCost":[500,750,1000],"stars":[30,150,250],"wildCost":[6000],"cardsInStack":[-1,-1,-1,-1,-1,-1,-1,-1,-1,-1,-1,-1,-1,-1,-1,-1,-1,-1,-1,-1,-1,-1,-1,-1,-1,-1],"comboBonus":[5,4,6,4],"extraCardCost":[4000,6000,8000]}}]],0,0,[],[],[]]