[1,0,0,[["cc.JsonAsset",["_name","json"],1]],[[0,0,1,3]],[[0,"186",{"cards":[{"faceUp":false,"depth":0,"value":-1,"x":-156.272,"y":24.598999999999997,"angle":0},{"faceUp":false,"depth":0,"value":-1,"x":13,"y":74.133,"angle":0},{"faceUp":false,"depth":0,"value":-1,"x":202.98,"y":22.299,"angle":0},{"faceUp":false,"depth":0,"value":-1,"x":85.98,"y":-121.701,"angle":0},{"faceUp":false,"depth":0,"value":-1,"x":319.98,"y":-121.701,"angle":0},{"faceUp":false,"depth":0,"value":-1,"x":-39.272,"y":-119.401,"angle":0},{"faceUp":false,"depth":0,"value":-1,"x":-273.272,"y":-119.401,"angle":0},{"faceUp":false,"depth":0,"value":-1,"x":130,"y":290.133,"angle":0},{"faceUp":false,"depth":0,"value":-1,"x":-104,"y":290.133,"angle":0},{"faceUp":false,"depth":1,"value":-1,"x":-156.272,"y":42.599000000000004,"angle":0},{"faceUp":false,"depth":1,"value":-1,"x":13,"y":92.133,"angle":0},{"faceUp":false,"depth":1,"value":-1,"x":202.98,"y":40.29900000000001,"angle":0},{"faceUp":false,"depth":1,"value":-1,"x":137.98,"y":-139.701,"angle":0},{"faceUp":false,"depth":1,"value":-1,"x":267.98,"y":-139.701,"angle":0},{"faceUp":false,"depth":1,"value":-1,"x":-91.272,"y":-137.401,"angle":0},{"faceUp":false,"depth":1,"value":-1,"x":-221.272,"y":-137.401,"angle":0},{"faceUp":false,"depth":1,"value":-1,"x":78,"y":308.133,"angle":0},{"faceUp":false,"depth":1,"value":-1,"x":-52,"y":308.133,"angle":0},{"faceUp":false,"depth":2,"value":-1,"x":-156.272,"y":60.599000000000004,"angle":0},{"faceUp":false,"depth":2,"value":-1,"x":13,"y":110.13300000000001,"angle":0},{"faceUp":false,"depth":2,"value":-1,"x":202.98,"y":58.29900000000001,"angle":0},{"faceUp":true,"depth":2,"value":-1,"x":202.98,"y":-157.701,"angle":0},{"faceUp":true,"depth":2,"value":-1,"x":-156.272,"y":-155.401,"angle":0},{"faceUp":true,"depth":2,"value":-1,"x":13,"y":326.133,"angle":0},{"faceUp":false,"depth":3,"value":-1,"x":-156.272,"y":78.599,"angle":0},{"faceUp":false,"depth":3,"value":-1,"x":13,"y":128.133,"angle":0},{"faceUp":false,"depth":3,"value":-1,"x":202.98,"y":76.299,"angle":0},{"faceUp":true,"depth":4,"value":-1,"x":-156.272,"y":96.599,"angle":0},{"faceUp":true,"depth":4,"value":-1,"x":13,"y":146.133,"angle":0},{"faceUp":true,"depth":4,"value":-1,"x":202.98,"y":94.299,"angle":0}],"settings":{"disableCombo":false,"cost":2500,"reward":2650,"comboCoinReward":170,"undoCost":[650,975,1300],"stars":[30,200,300],"wildCost":[7500],"cardsInStack":[-1,-1,-1,-1,-1,-1,-1,-1,-1,-1,-1,-1,-1,-1,-1,-1,-1,-1,-1,-1],"comboBonus":[5,4,6,4],"extraCardCost":[5000,7550,10000]}}]],0,0,[],[],[]]