[1,0,0,[["cc.JsonAsset",["_name","json"],1]],[[0,0,1,3]],[[0,"226",{"cards":[{"faceUp":false,"depth":0,"value":-1,"x":-117,"y":-261.52,"angle":0},{"faceUp":false,"depth":0,"value":-1,"x":143,"y":-9.52,"angle":0},{"faceUp":false,"depth":1,"value":-1,"x":117,"y":-27.52,"angle":0},{"faceUp":false,"depth":1,"value":-1,"x":-91,"y":-243.52,"angle":0},{"faceUp":false,"depth":2,"value":-1,"x":91,"y":-45.52,"angle":0},{"faceUp":false,"depth":2,"value":-1,"x":-65,"y":-225.52,"angle":0},{"faceUp":false,"depth":3,"value":-1,"x":65,"y":-63.52,"angle":0},{"faceUp":false,"depth":3,"value":-1,"x":-39,"y":-207.52,"angle":0},{"faceUp":false,"depth":4,"value":-1,"x":143,"y":-261.52,"angle":0},{"faceUp":false,"depth":4,"value":-1,"x":-117,"y":-9.52,"angle":0},{"faceUp":false,"depth":5,"value":-1,"x":117,"y":-243.52,"angle":0},{"faceUp":false,"depth":5,"value":-1,"x":-91,"y":-27.52,"angle":0},{"faceUp":false,"depth":6,"value":-1,"x":-211.364,"y":174.334,"angle":0},{"faceUp":false,"depth":6,"value":-1,"x":205.368,"y":390.334,"angle":0},{"faceUp":false,"depth":6,"value":-1,"x":205.368,"y":174.334,"angle":0},{"faceUp":false,"depth":6,"value":-1,"x":-65,"y":-45.52,"angle":0},{"faceUp":false,"depth":6,"value":-1,"x":91,"y":-225.52,"angle":0},{"faceUp":false,"depth":6,"value":-1,"x":-211.364,"y":390.334,"angle":0},{"faceUp":false,"depth":7,"value":-1,"x":127.368,"y":390.334,"angle":0},{"faceUp":false,"depth":7,"value":-1,"x":-133.364,"y":174.334,"angle":0},{"faceUp":false,"depth":7,"value":-1,"x":283.368,"y":390.334,"angle":0},{"faceUp":false,"depth":7,"value":-1,"x":127.368,"y":174.334,"angle":0},{"faceUp":false,"depth":7,"value":-1,"x":283.368,"y":174.334,"angle":0},{"faceUp":true,"depth":7,"value":-1,"x":65,"y":-207.52,"angle":0},{"faceUp":true,"depth":7,"value":-1,"x":-39,"y":-63.52,"angle":0},{"faceUp":false,"depth":7,"value":-1,"x":-289.364,"y":390.334,"angle":0},{"faceUp":false,"depth":7,"value":-1,"x":-289.364,"y":174.334,"angle":0},{"faceUp":false,"depth":7,"value":-1,"x":-133.364,"y":390.334,"angle":0},{"faceUp":true,"depth":8,"value":-1,"x":205.368,"y":282.334,"angle":0},{"faceUp":true,"depth":8,"value":-1,"x":-211.364,"y":282.334,"angle":0}],"settings":{"disableCombo":false,"cost":2600,"reward":2750,"comboCoinReward":170,"undoCost":[650,975,1300],"stars":[30,200,300],"wildCost":[7800],"cardsInStack":[-1,-1,-1,-1,-1,-1,-1,-1,-1,-1,-1,-1,-1,-1,-1,-1,-1,-1,-1],"comboBonus":[5,4,6,4],"extraCardCost":[5000,7550,10000]}}]],0,0,[],[],[]]