[1,0,0,[["cc.JsonAsset",["_name","json"],1]],[[0,0,1,3]],[[0,"106",{"cards":[{"faceUp":false,"depth":0,"value":-1,"x":95.5,"y":151,"angle":-30},{"faceUp":false,"depth":0,"value":-1,"x":-86.5,"y":151,"angle":30},{"faceUp":false,"depth":0,"value":-1,"x":233.075,"y":228.013,"angle":-30},{"faceUp":false,"depth":0,"value":-1,"x":-337.737,"y":233.795,"angle":30},{"faceUp":false,"depth":0,"value":-1,"x":225.5,"y":-47,"angle":30},{"faceUp":false,"depth":0,"value":-1,"x":-229.5,"y":-47,"angle":-30},{"faceUp":false,"depth":1,"value":-1,"x":285.075,"y":228.013,"angle":-30},{"faceUp":false,"depth":1,"value":-1,"x":-285.737,"y":233.795,"angle":30},{"faceUp":false,"depth":1,"value":-1,"x":225.5,"y":-65,"angle":30},{"faceUp":false,"depth":1,"value":-1,"x":-229.5,"y":-65,"angle":-30},{"faceUp":false,"depth":1,"value":-1,"x":-99.5,"y":97,"angle":0},{"faceUp":false,"depth":1,"value":-1,"x":108.5,"y":97,"angle":0},{"faceUp":false,"depth":2,"value":-1,"x":337.075,"y":228.013,"angle":-30},{"faceUp":false,"depth":2,"value":-1,"x":-233.737,"y":233.795,"angle":30},{"faceUp":false,"depth":2,"value":-1,"x":225.5,"y":-83,"angle":30},{"faceUp":false,"depth":2,"value":-1,"x":-229.5,"y":-83,"angle":-30},{"faceUp":false,"depth":2,"value":-1,"x":-86.5,"y":79,"angle":-20},{"faceUp":false,"depth":2,"value":-1,"x":95.5,"y":79,"angle":20},{"faceUp":false,"depth":3,"value":-1,"x":194.075,"y":300.013,"angle":-30},{"faceUp":false,"depth":3,"value":-1,"x":-298.737,"y":305.795,"angle":30},{"faceUp":true,"depth":3,"value":-1,"x":225.5,"y":-101,"angle":30},{"faceUp":true,"depth":3,"value":-1,"x":-229.5,"y":-101,"angle":-30},{"faceUp":false,"depth":3,"value":-1,"x":4.5,"y":43,"angle":0},{"faceUp":false,"depth":4,"value":-1,"x":246.075,"y":300.013,"angle":-30},{"faceUp":false,"depth":4,"value":-1,"x":-246.737,"y":305.795,"angle":30},{"faceUp":false,"depth":4,"value":-1,"x":-99.5,"y":25,"angle":0},{"faceUp":false,"depth":4,"value":-1,"x":108.5,"y":25,"angle":0},{"faceUp":true,"depth":5,"value":-1,"x":298.075,"y":300.013,"angle":-30},{"faceUp":true,"depth":5,"value":-1,"x":-194.737,"y":305.795,"angle":30},{"faceUp":false,"depth":5,"value":-1,"x":-73.5,"y":-11,"angle":-20},{"faceUp":false,"depth":5,"value":-1,"x":82.5,"y":-11,"angle":20},{"faceUp":true,"depth":6,"value":-1,"x":4.5,"y":-65,"angle":0}],"settings":{"disableCombo":false,"cost":2200,"reward":2400,"comboCoinReward":170,"undoCost":[500,750,1000],"stars":[30,200,300],"wildCost":[6500],"cardsInStack":[-1,-1,-1,-1,-1,-1,-1,-1,-1,-1,-1,-1,-1,-1,-1,-1,-1,-1,-1,-1,-1,-1],"comboBonus":[5,4,6,4],"extraCardCost":[4500,6750,9000]}}]],0,0,[],[],[]]