[1,0,0,[["cc.JsonAsset",["_name","json"],1]],[[0,0,1,3]],[[0,"219",{"cards":[{"faceUp":false,"depth":0,"value":-1,"x":6.125,"y":-21.752,"angle":0},{"faceUp":false,"depth":0,"value":-1,"x":123.125,"y":-309.752,"angle":0},{"faceUp":false,"depth":0,"value":-1,"x":6.125,"y":-309.752,"angle":0},{"faceUp":false,"depth":0,"value":-1,"x":220.811,"y":394.878,"angle":20},{"faceUp":false,"depth":0,"value":-1,"x":-192.623,"y":391.69,"angle":-20},{"faceUp":false,"depth":0,"value":-1,"x":-110.875,"y":-309.752,"angle":0},{"faceUp":false,"depth":0,"value":-1,"x":6.125,"y":-165.752,"angle":0},{"faceUp":false,"depth":0,"value":-1,"x":123.125,"y":-21.752,"angle":0},{"faceUp":false,"depth":0,"value":-1,"x":-110.875,"y":-165.752,"angle":0},{"faceUp":false,"depth":0,"value":-1,"x":-110.875,"y":-21.752,"angle":0},{"faceUp":false,"depth":0,"value":-1,"x":123.125,"y":-165.752,"angle":0},{"faceUp":true,"depth":1,"value":-1,"x":97.125,"y":-255.752,"angle":-16},{"faceUp":false,"depth":1,"value":-1,"x":-166.623,"y":337.69,"angle":-20},{"faceUp":false,"depth":1,"value":-1,"x":194.811,"y":340.878,"angle":20},{"faceUp":true,"depth":1,"value":-1,"x":-58.875,"y":-57.752,"angle":-26},{"faceUp":true,"depth":1,"value":-1,"x":97.125,"y":-57.752,"angle":-6},{"faceUp":true,"depth":1,"value":-1,"x":-71.875,"y":-255.752,"angle":15},{"faceUp":false,"depth":2,"value":-1,"x":168.811,"y":286.878,"angle":20},{"faceUp":false,"depth":2,"value":-1,"x":-140.623,"y":283.69,"angle":-20},{"faceUp":false,"depth":2,"value":-1,"x":311.811,"y":250.878,"angle":20},{"faceUp":false,"depth":2,"value":-1,"x":-283.623,"y":247.69,"angle":-20},{"faceUp":false,"depth":3,"value":-1,"x":142.811,"y":232.878,"angle":20},{"faceUp":false,"depth":3,"value":-1,"x":-114.623,"y":229.69,"angle":-20},{"faceUp":false,"depth":3,"value":-1,"x":285.811,"y":196.878,"angle":20},{"faceUp":false,"depth":3,"value":-1,"x":-257.623,"y":193.69,"angle":-20},{"faceUp":true,"depth":4,"value":-1,"x":116.811,"y":178.878,"angle":20},{"faceUp":true,"depth":4,"value":-1,"x":-88.623,"y":175.69,"angle":-20},{"faceUp":true,"depth":4,"value":-1,"x":259.811,"y":142.878,"angle":20},{"faceUp":true,"depth":4,"value":-1,"x":-231.623,"y":139.69,"angle":-20}],"settings":{"disableCombo":false,"cost":2600,"reward":2750,"comboCoinReward":170,"undoCost":[650,975,1300],"stars":[30,200,300],"wildCost":[7800],"cardsInStack":[-1,-1,-1,-1,-1,-1,-1,-1,-1,-1,-1,-1,-1,-1,-1,-1,-1,-1,-1,-1],"comboBonus":[5,4,6,4],"extraCardCost":[5000,7550,10000]}}]],0,0,[],[],[]]