[1,0,0,[["cc.JsonAsset",["_name","json"],1]],[[0,0,1,3]],[[0,"7",{"cards":[{"faceUp":true,"depth":0,"value":-1,"x":132.743,"y":183.647,"angle":-10},{"faceUp":true,"depth":0,"value":-1,"x":2.7429999999999986,"y":165.647,"angle":0},{"faceUp":true,"depth":0,"value":-1,"x":-127.257,"y":183.647,"angle":10},{"faceUp":false,"depth":0,"value":-1,"x":-282.283,"y":-100.63,"angle":0},{"faceUp":false,"depth":0,"value":-1,"x":-113.283,"y":-100.63,"angle":0},{"faceUp":false,"depth":0,"value":-1,"x":282.956,"y":-103.858,"angle":0},{"faceUp":false,"depth":0,"value":-1,"x":113.95599999999999,"y":-103.858,"angle":0},{"faceUp":false,"depth":1,"value":-1,"x":139.956,"y":-31.858,"angle":0},{"faceUp":false,"depth":1,"value":-1,"x":-256.283,"y":-190.63,"angle":0},{"faceUp":false,"depth":1,"value":-1,"x":-139.28300000000002,"y":-190.63,"angle":0},{"faceUp":true,"depth":1,"value":-1,"x":67.743,"y":255.647,"angle":0},{"faceUp":true,"depth":1,"value":-1,"x":-62.257,"y":255.647,"angle":0},{"faceUp":false,"depth":1,"value":-1,"x":256.956,"y":-31.858,"angle":0},{"faceUp":false,"depth":1,"value":-1,"x":139.956,"y":-193.858,"angle":0},{"faceUp":false,"depth":1,"value":-1,"x":256.956,"y":-193.858,"angle":0},{"faceUp":false,"depth":1,"value":-1,"x":-256.283,"y":-28.63,"angle":0},{"faceUp":false,"depth":1,"value":-1,"x":-139.28300000000002,"y":-28.63,"angle":0},{"faceUp":true,"depth":2,"value":-1,"x":100.956,"y":-229.858,"angle":-20},{"faceUp":true,"depth":2,"value":-1,"x":209.106,"y":-97.826,"angle":-20},{"faceUp":true,"depth":2,"value":-1,"x":-209.095,"y":-96.416,"angle":20},{"faceUp":true,"depth":2,"value":-1,"x":-100.283,"y":-226.63,"angle":20}],"settings":{"disableCombo":false,"cost":1000,"reward":1050,"comboCoinReward":50,"undoCost":[100,150,400],"stars":[15,80,120],"wildCost":[500],"cardsInStack":[-1,-1,-1,-1,-1,-1,-1,-1,-1,-1,-1,-1,-1,-1,-1,-1,-1,-1,-1,-1],"comboBonus":[4,6,5,4],"extraCardCost":[200,300,500]}}]],0,0,[],[],[]]