[1,0,0,[["cc.JsonAsset",["_name","json"],1]],[[0,0,1,3]],[[0,"91",{"cards":[{"faceUp":false,"depth":0,"value":-1,"x":-134.5,"y":0,"angle":-15},{"faceUp":false,"depth":0,"value":-1,"x":-251.5,"y":0,"angle":-15},{"faceUp":false,"depth":0,"value":-1,"x":-368.5,"y":0,"angle":-5},{"faceUp":false,"depth":0,"value":-1,"x":372.5,"y":0,"angle":5},{"faceUp":false,"depth":0,"value":-1,"x":255.5,"y":0,"angle":15},{"faceUp":false,"depth":0,"value":-1,"x":138.5,"y":0,"angle":15},{"faceUp":false,"depth":0,"value":-1,"x":372.5,"y":216,"angle":-5},{"faceUp":false,"depth":0,"value":-1,"x":255.5,"y":216,"angle":-15},{"faceUp":false,"depth":0,"value":-1,"x":138.5,"y":216,"angle":-15},{"faceUp":false,"depth":0,"value":-1,"x":-134.5,"y":216,"angle":15},{"faceUp":false,"depth":0,"value":-1,"x":-251.5,"y":216,"angle":15},{"faceUp":false,"depth":0,"value":-1,"x":-368.5,"y":216,"angle":5},{"faceUp":false,"depth":1,"value":-1,"x":-186.5,"y":18,"angle":-15},{"faceUp":true,"depth":1,"value":-1,"x":-303.5,"y":18,"angle":-15},{"faceUp":true,"depth":1,"value":-1,"x":307.5,"y":18,"angle":15},{"faceUp":false,"depth":1,"value":-1,"x":190.5,"y":18,"angle":15},{"faceUp":true,"depth":1,"value":-1,"x":307.5,"y":198,"angle":-15},{"faceUp":false,"depth":1,"value":-1,"x":190.5,"y":198,"angle":-15},{"faceUp":false,"depth":1,"value":-1,"x":-186.5,"y":198,"angle":15},{"faceUp":true,"depth":1,"value":-1,"x":-303.5,"y":198,"angle":15},{"faceUp":false,"depth":2,"value":-1,"x":112.5,"y":198,"angle":-15},{"faceUp":false,"depth":2,"value":-1,"x":112.5,"y":18,"angle":15},{"faceUp":false,"depth":2,"value":-1,"x":-95.5,"y":198,"angle":15},{"faceUp":false,"depth":2,"value":-1,"x":-95.5,"y":18,"angle":-15},{"faceUp":false,"depth":3,"value":-1,"x":60.5,"y":108,"angle":0},{"faceUp":false,"depth":3,"value":-1,"x":-56.5,"y":108,"angle":0},{"faceUp":true,"depth":4,"value":-1,"x":8.5,"y":108,"angle":0}],"settings":{"disableCombo":false,"cost":2000,"reward":2100,"comboCoinReward":150,"undoCost":[500,750,1000],"stars":[30,150,250],"wildCost":[6000],"cardsInStack":[-1,-1,-1,-1,-1,-1,-1,-1,-1,-1,-1,-1,-1,-1,-1,-1,-1,-1,-1,-1,-1],"comboBonus":[5,4,6,4],"extraCardCost":[4000,6000,8000]}}]],0,0,[],[],[]]