[1,0,0,[["cc.JsonAsset",["_name","json"],1]],[[0,0,1,3]],[[0,"279",{"cards":[{"faceUp":false,"depth":0,"value":-1,"x":10.865000000000002,"y":23.294,"angle":0},{"faceUp":false,"depth":0,"value":-1,"x":-258.079,"y":239.405,"angle":0},{"faceUp":false,"depth":0,"value":-1,"x":-141.079,"y":239.405,"angle":0},{"faceUp":false,"depth":0,"value":-1,"x":-258.079,"y":59.405,"angle":0},{"faceUp":false,"depth":0,"value":-1,"x":-141.079,"y":59.405,"angle":0},{"faceUp":false,"depth":0,"value":-1,"x":152.897,"y":239.405,"angle":0},{"faceUp":false,"depth":0,"value":-1,"x":269.897,"y":239.405,"angle":0},{"faceUp":false,"depth":0,"value":-1,"x":152.897,"y":59.405,"angle":0},{"faceUp":false,"depth":0,"value":-1,"x":269.897,"y":59.405,"angle":0},{"faceUp":false,"depth":1,"value":-1,"x":10.865000000000002,"y":-12.706000000000003,"angle":0},{"faceUp":false,"depth":1,"value":-1,"x":-115.079,"y":203.405,"angle":0},{"faceUp":false,"depth":1,"value":-1,"x":-271.079,"y":203.405,"angle":0},{"faceUp":false,"depth":1,"value":-1,"x":139.897,"y":203.405,"angle":0},{"faceUp":false,"depth":1,"value":-1,"x":295.897,"y":203.405,"angle":0},{"faceUp":false,"depth":2,"value":-1,"x":10.865000000000002,"y":-48.706,"angle":0},{"faceUp":false,"depth":2,"value":-1,"x":-115.079,"y":95.405,"angle":0},{"faceUp":false,"depth":2,"value":-1,"x":-271.079,"y":95.405,"angle":0},{"faceUp":false,"depth":2,"value":-1,"x":295.897,"y":95.405,"angle":0},{"faceUp":false,"depth":2,"value":-1,"x":139.897,"y":95.405,"angle":0},{"faceUp":false,"depth":3,"value":-1,"x":10.865000000000002,"y":-84.706,"angle":0},{"faceUp":true,"depth":3,"value":-1,"x":-193.079,"y":77.405,"angle":0},{"faceUp":true,"depth":3,"value":-1,"x":217.897,"y":77.405,"angle":0},{"faceUp":false,"depth":4,"value":-1,"x":10.865000000000002,"y":-120.70599999999999,"angle":0},{"faceUp":true,"depth":4,"value":-1,"x":-193.079,"y":221.405,"angle":0},{"faceUp":true,"depth":4,"value":-1,"x":217.897,"y":221.405,"angle":0},{"faceUp":false,"depth":5,"value":-1,"x":62.864999999999995,"y":-156.706,"angle":0},{"faceUp":false,"depth":5,"value":-1,"x":-41.135,"y":-156.706,"angle":0},{"faceUp":true,"depth":6,"value":-1,"x":10.865000000000002,"y":-156.706,"angle":0},{"faceUp":true,"depth":6,"value":-1,"x":127.86500000000001,"y":-156.706,"angle":0},{"faceUp":true,"depth":6,"value":-1,"x":-106.135,"y":-156.706,"angle":0}],"settings":{"disableCombo":false,"cost":2700,"reward":2850,"comboCoinReward":170,"undoCost":[700,1050,1400],"stars":[30,200,300],"wildCost":[8000],"cardsInStack":[-1,-1,-1,-1,-1,-1,-1,-1,-1,-1,-1,-1,-1,-1,-1,-1,-1,-1,-1,-1,-1,-1],"comboBonus":[5,4,6,4],"extraCardCost":[5500,8250,11000]}}]],0,0,[],[],[]]