[1,0,0,[["cc.JsonAsset",["_name","json"],1]],[[0,0,1,3]],[[0,"76",{"cards":[{"faceUp":false,"depth":0,"value":-1,"x":-200.564,"y":221.106,"angle":0},{"faceUp":false,"depth":0,"value":-1,"x":7.436,"y":221.106,"angle":0},{"faceUp":false,"depth":0,"value":-1,"x":215.436,"y":221.106,"angle":0},{"faceUp":false,"depth":0,"value":-1,"x":124.436,"y":41.106,"angle":0},{"faceUp":false,"depth":0,"value":-1,"x":-109.564,"y":41.106,"angle":0},{"faceUp":false,"depth":1,"value":-1,"x":267.436,"y":59.106,"angle":0},{"faceUp":false,"depth":1,"value":-1,"x":267.141,"y":-131.818,"angle":0},{"faceUp":false,"depth":1,"value":-1,"x":-252.564,"y":59.106,"angle":0},{"faceUp":false,"depth":1,"value":-1,"x":-255.009,"y":-133.189,"angle":0},{"faceUp":false,"depth":2,"value":-1,"x":-57.564,"y":-30.894,"angle":0},{"faceUp":false,"depth":2,"value":-1,"x":72.436,"y":-30.894,"angle":0},{"faceUp":false,"depth":2,"value":-1,"x":72.436,"y":131.106,"angle":0},{"faceUp":false,"depth":2,"value":-1,"x":-57.564,"y":131.106,"angle":0},{"faceUp":false,"depth":2,"value":-1,"x":-187.564,"y":131.106,"angle":0},{"faceUp":false,"depth":2,"value":-1,"x":202.436,"y":131.106,"angle":0},{"faceUp":false,"depth":2,"value":-1,"x":-190.009,"y":-205.189,"angle":0},{"faceUp":false,"depth":2,"value":-1,"x":215.141,"y":-203.818,"angle":0},{"faceUp":true,"depth":3,"value":-1,"x":7.436,"y":-30.894,"angle":0},{"faceUp":true,"depth":3,"value":-1,"x":-122.564,"y":239.106,"angle":0},{"faceUp":true,"depth":3,"value":-1,"x":137.436,"y":239.106,"angle":0},{"faceUp":true,"depth":3,"value":-1,"x":-112.009,"y":-205.189,"angle":0},{"faceUp":true,"depth":3,"value":-1,"x":137.141,"y":-203.818,"angle":0}],"settings":{"disableCombo":false,"cost":2000,"reward":2100,"comboCoinReward":150,"undoCost":[500,750,1000],"stars":[30,150,250],"wildCost":[6000],"cardsInStack":[-1,-1,-1,-1,-1,-1,-1,-1,-1,-1,-1,-1,-1,-1,-1,-1,-1],"comboBonus":[5,4,6,4],"extraCardCost":[4000,6000,8000]}}]],0,0,[],[],[]]