[1,0,0,[["cc.JsonAsset",["_name","json"],1]],[[0,0,1,3]],[[0,"257",{"cards":[{"faceUp":false,"depth":0,"value":-1,"x":55.471000000000004,"y":196.696,"angle":0},{"faceUp":false,"depth":0,"value":-1,"x":172.471,"y":178.696,"angle":0},{"faceUp":false,"depth":0,"value":-1,"x":55.471000000000004,"y":340.696,"angle":0},{"faceUp":false,"depth":0,"value":-1,"x":-61.529,"y":196.696,"angle":0},{"faceUp":true,"depth":0,"value":-1,"x":327.683,"y":76.905,"angle":0},{"faceUp":false,"depth":0,"value":-1,"x":48.455,"y":-211.176,"angle":0},{"faceUp":false,"depth":0,"value":-1,"x":165.455,"y":-211.176,"angle":0},{"faceUp":false,"depth":0,"value":-1,"x":-185.545,"y":-229.176,"angle":0},{"faceUp":false,"depth":0,"value":-1,"x":-68.545,"y":-211.176,"angle":0},{"faceUp":false,"depth":0,"value":-1,"x":-185.545,"y":-49.176,"angle":0},{"faceUp":false,"depth":0,"value":-1,"x":-68.545,"y":-67.176,"angle":0},{"faceUp":false,"depth":0,"value":-1,"x":172.471,"y":358.696,"angle":0},{"faceUp":true,"depth":0,"value":-1,"x":-324.156,"y":75.332,"angle":0},{"faceUp":false,"depth":0,"value":-1,"x":48.455,"y":-67.176,"angle":0},{"faceUp":false,"depth":0,"value":-1,"x":-178.529,"y":340.696,"angle":0},{"faceUp":false,"depth":0,"value":-1,"x":-61.529,"y":340.696,"angle":0},{"faceUp":false,"depth":0,"value":-1,"x":165.455,"y":-67.176,"angle":0},{"faceUp":false,"depth":0,"value":-1,"x":-178.529,"y":196.696,"angle":0},{"faceUp":false,"depth":1,"value":-1,"x":-3.545,"y":-103.176,"angle":0},{"faceUp":false,"depth":1,"value":-1,"x":-9.529,"y":304.696,"angle":0},{"faceUp":false,"depth":1,"value":-1,"x":107.471,"y":304.696,"angle":0},{"faceUp":false,"depth":1,"value":-1,"x":-120.545,"y":-103.176,"angle":0},{"faceUp":false,"depth":1,"value":1,"x":113.45500000000001,"y":-103.176,"angle":0},{"faceUp":false,"depth":1,"value":1,"x":-126.529,"y":304.696,"angle":0},{"faceUp":true,"depth":2,"value":-1,"x":-120.545,"y":-175.176,"angle":0},{"faceUp":true,"depth":2,"value":-1,"x":-3.545,"y":-175.176,"angle":0},{"faceUp":true,"depth":2,"value":-1,"x":113.45500000000001,"y":-175.176,"angle":0},{"faceUp":true,"depth":2,"value":-1,"x":-126.529,"y":232.696,"angle":0},{"faceUp":true,"depth":2,"value":-1,"x":-9.529,"y":232.696,"angle":0},{"faceUp":true,"depth":2,"value":-1,"x":107.471,"y":232.696,"angle":0}],"settings":{"disableCombo":false,"cost":2700,"reward":2850,"comboCoinReward":170,"undoCost":[700,1050,1400],"stars":[30,200,300],"wildCost":[8000],"cardsInStack":[-1,-1,-1,-1,-1,-1,-1,-1,-1,-1,-1,-1,-1,-1,-1,-1,-1,-1,-1,-1,-1,-1],"comboBonus":[5,4,6,4],"extraCardCost":[5500,8250,11000]}}]],0,0,[],[],[]]