[1,0,0,[["cc.JsonAsset",["_name","json"],1]],[[0,0,1,3]],[[0,"197",{"cards":[{"faceUp":false,"depth":0,"value":-1,"x":80.405,"y":-151.436,"angle":0},{"faceUp":false,"depth":0,"value":-1,"x":-3,"y":65.578,"angle":0},{"faceUp":false,"depth":0,"value":-1,"x":-71.787,"y":283.058,"angle":0},{"faceUp":false,"depth":1,"value":-1,"x":145.405,"y":-133.436,"angle":0},{"faceUp":false,"depth":1,"value":-1,"x":15.405000000000001,"y":-133.436,"angle":0},{"faceUp":false,"depth":1,"value":-1,"x":-68,"y":83.578,"angle":0},{"faceUp":false,"depth":1,"value":-1,"x":62,"y":83.578,"angle":0},{"faceUp":false,"depth":1,"value":-1,"x":-136.787,"y":301.058,"angle":0},{"faceUp":false,"depth":1,"value":-1,"x":-6.787,"y":301.058,"angle":0},{"faceUp":false,"depth":2,"value":-1,"x":80.405,"y":-133.436,"angle":0},{"faceUp":false,"depth":2,"value":-1,"x":210.405,"y":-133.436,"angle":0},{"faceUp":false,"depth":2,"value":-1,"x":-49.595,"y":-133.436,"angle":0},{"faceUp":true,"depth":2,"value":-1,"x":-3,"y":83.578,"angle":0},{"faceUp":true,"depth":2,"value":-1,"x":-133,"y":83.578,"angle":0},{"faceUp":true,"depth":2,"value":-1,"x":127,"y":83.578,"angle":0},{"faceUp":false,"depth":2,"value":-1,"x":-71.787,"y":301.058,"angle":0},{"faceUp":false,"depth":2,"value":-1,"x":-201.787,"y":301.058,"angle":0},{"faceUp":false,"depth":2,"value":-1,"x":58.213,"y":301.058,"angle":0},{"faceUp":false,"depth":2,"value":-1,"x":340.405,"y":-133.436,"angle":0},{"faceUp":false,"depth":2,"value":-1,"x":-331.787,"y":301.058,"angle":0},{"faceUp":false,"depth":3,"value":-1,"x":15.405000000000001,"y":-115.436,"angle":0},{"faceUp":false,"depth":3,"value":-1,"x":145.405,"y":-115.436,"angle":0},{"faceUp":false,"depth":3,"value":-1,"x":275.405,"y":-115.436,"angle":0},{"faceUp":false,"depth":3,"value":-1,"x":-266.787,"y":319.058,"angle":0},{"faceUp":false,"depth":3,"value":-1,"x":-136.787,"y":319.058,"angle":0},{"faceUp":false,"depth":3,"value":-1,"x":-6.787,"y":319.058,"angle":0},{"faceUp":true,"depth":4,"value":-1,"x":80.405,"y":-115.436,"angle":0},{"faceUp":true,"depth":4,"value":-1,"x":210.405,"y":-115.436,"angle":0},{"faceUp":true,"depth":4,"value":-1,"x":-201.787,"y":319.058,"angle":0},{"faceUp":true,"depth":4,"value":-1,"x":-71.787,"y":319.058,"angle":0}],"settings":{"disableCombo":false,"cost":2500,"reward":2650,"comboCoinReward":170,"undoCost":[650,975,1300],"stars":[30,200,300],"wildCost":[7500],"cardsInStack":[-1,-1,-1,-1,-1,-1,-1,-1,-1,-1,-1,-1,-1,-1,-1,-1,-1,-1,-1,-1],"comboBonus":[5,4,6,4],"extraCardCost":[5000,7550,10000]}}]],0,0,[],[],[]]