[1,0,0,[["cc.JsonAsset",["_name","json"],1]],[[0,0,1,3]],[[0,"282",{"cards":[{"faceUp":false,"depth":0,"value":-1,"x":251.311,"y":-67.968,"angle":0},{"faceUp":false,"depth":0,"value":-1,"x":43.311,"y":-67.968,"angle":0},{"faceUp":false,"depth":0,"value":-1,"x":48.463,"y":337.227,"angle":0},{"faceUp":false,"depth":0,"value":-1,"x":147.311,"y":-67.968,"angle":0},{"faceUp":false,"depth":0,"value":-1,"x":-99.689,"y":-67.968,"angle":0},{"faceUp":false,"depth":0,"value":-1,"x":-203.689,"y":-67.968,"angle":0},{"faceUp":false,"depth":0,"value":-1,"x":-307.689,"y":-67.968,"angle":0},{"faceUp":false,"depth":0,"value":-1,"x":-55.537,"y":337.227,"angle":0},{"faceUp":true,"depth":1,"value":-1,"x":-268.689,"y":-67.968,"angle":0},{"faceUp":true,"depth":1,"value":-1,"x":-151.689,"y":-67.968,"angle":0},{"faceUp":true,"depth":1,"value":-1,"x":82.311,"y":-67.968,"angle":0},{"faceUp":true,"depth":1,"value":-1,"x":199.311,"y":-67.968,"angle":0},{"faceUp":true,"depth":1,"value":-1,"x":-55.537,"y":247.227,"angle":0},{"faceUp":true,"depth":1,"value":-1,"x":48.463,"y":247.227,"angle":0},{"faceUp":true,"depth":1,"value":-1,"x":-55.537,"y":427.227,"angle":0},{"faceUp":true,"depth":1,"value":-1,"x":48.463,"y":427.227,"angle":0},{"faceUp":false,"depth":2,"value":-1,"x":-138.689,"y":76.032,"angle":0},{"faceUp":false,"depth":2,"value":-1,"x":69.311,"y":-211.968,"angle":0},{"faceUp":false,"depth":2,"value":-1,"x":173.311,"y":-211.968,"angle":0},{"faceUp":false,"depth":2,"value":-1,"x":-242.689,"y":-211.968,"angle":0},{"faceUp":false,"depth":2,"value":-1,"x":-242.689,"y":76.032,"angle":0},{"faceUp":false,"depth":2,"value":-1,"x":-138.689,"y":-211.968,"angle":0},{"faceUp":false,"depth":2,"value":-1,"x":-34.689,"y":-211.968,"angle":0},{"faceUp":false,"depth":2,"value":-1,"x":277.311,"y":-211.968,"angle":0},{"faceUp":false,"depth":2,"value":-1,"x":277.311,"y":76.032,"angle":0},{"faceUp":false,"depth":2,"value":-1,"x":69.311,"y":76.032,"angle":0},{"faceUp":false,"depth":2,"value":-1,"x":173.311,"y":76.032,"angle":0},{"faceUp":false,"depth":2,"value":-1,"x":-34.689,"y":76.032,"angle":0},{"faceUp":true,"depth":3,"value":-1,"x":-190.689,"y":76.032,"angle":0},{"faceUp":true,"depth":3,"value":-1,"x":-86.689,"y":76.032,"angle":0},{"faceUp":true,"depth":3,"value":-1,"x":121.311,"y":76.032,"angle":0},{"faceUp":true,"depth":3,"value":-1,"x":225.311,"y":76.032,"angle":0},{"faceUp":true,"depth":3,"value":-1,"x":-190.689,"y":-211.968,"angle":0},{"faceUp":true,"depth":3,"value":-1,"x":-86.689,"y":-211.968,"angle":0},{"faceUp":true,"depth":3,"value":-1,"x":121.311,"y":-211.968,"angle":0},{"faceUp":true,"depth":3,"value":-1,"x":225.311,"y":-211.968,"angle":0}],"settings":{"disableCombo":false,"cost":2700,"reward":2850,"comboCoinReward":170,"undoCost":[700,1050,1400],"stars":[30,200,300],"wildCost":[8000],"cardsInStack":[-1,-1,-1,-1,-1,-1,-1,-1,-1,-1,-1,-1,-1,-1,-1,-1,-1,-1],"comboBonus":[5,4,6,4],"extraCardCost":[5500,8250,11000]}}]],0,0,[],[],[]]