[1,0,0,[["cc.JsonAsset",["_name","json"],1]],[[0,0,1,3]],[[0,"252",{"cards":[{"faceUp":false,"depth":0,"value":-1,"x":62.146,"y":-55.477,"angle":0},{"faceUp":false,"depth":0,"value":-1,"x":205.146,"y":-55.477,"angle":0},{"faceUp":false,"depth":0,"value":-1,"x":65.248,"y":173.69,"angle":0},{"faceUp":false,"depth":0,"value":-1,"x":203.248,"y":173.69,"angle":0},{"faceUp":false,"depth":0,"value":-1,"x":-71.854,"y":-55.477,"angle":0},{"faceUp":false,"depth":0,"value":-1,"x":-205.854,"y":-55.477,"angle":0},{"faceUp":false,"depth":0,"value":-1,"x":-205.854,"y":114.523,"angle":0},{"faceUp":false,"depth":0,"value":-1,"x":-71.854,"y":114.523,"angle":0},{"faceUp":true,"depth":1,"value":-1,"x":-205.854,"y":168.523,"angle":0},{"faceUp":true,"depth":1,"value":-1,"x":-71.854,"y":168.523,"angle":0},{"faceUp":true,"depth":1,"value":-1,"x":-205.854,"y":-109.477,"angle":0},{"faceUp":true,"depth":1,"value":-1,"x":-71.854,"y":-109.477,"angle":0},{"faceUp":true,"depth":1,"value":-1,"x":62.146,"y":-109.477,"angle":0},{"faceUp":false,"depth":1,"value":-1,"x":205.146,"y":-73.477,"angle":0},{"faceUp":false,"depth":1,"value":-1,"x":65.248,"y":155.69,"angle":0},{"faceUp":false,"depth":1,"value":-1,"x":203.248,"y":155.69,"angle":0},{"faceUp":false,"depth":2,"value":-1,"x":205.146,"y":-91.477,"angle":0},{"faceUp":false,"depth":2,"value":-1,"x":65.248,"y":137.69,"angle":0},{"faceUp":false,"depth":2,"value":-1,"x":203.248,"y":137.69,"angle":0},{"faceUp":true,"depth":3,"value":-1,"x":205.146,"y":-109.477,"angle":0},{"faceUp":true,"depth":3,"value":-1,"x":65.248,"y":119.69,"angle":0},{"faceUp":true,"depth":3,"value":-1,"x":203.248,"y":119.69,"angle":0}],"settings":{"disableCombo":false,"cost":2700,"reward":2850,"comboCoinReward":170,"undoCost":[700,1050,1400],"stars":[30,200,300],"wildCost":[8000],"cardsInStack":[-1,-1,-1,-1,-1,-1,-1,-1,-1,-1,-1,-1,-1,-1,-1],"comboBonus":[5,4,6,4],"extraCardCost":[5500,8250,11000]}}]],0,0,[],[],[]]