[1,0,0,[["cc.JsonAsset",["_name","json"],1]],[[0,0,1,3]],[[0,"161",{"cards":[{"faceUp":false,"depth":0,"value":-1,"x":-65,"y":322.828,"angle":0},{"faceUp":false,"depth":0,"value":-1,"x":65,"y":322.828,"angle":0},{"faceUp":false,"depth":0,"value":-1,"x":195,"y":322.828,"angle":0},{"faceUp":false,"depth":0,"value":-1,"x":-195,"y":322.828,"angle":0},{"faceUp":false,"depth":0,"value":-1,"x":-290.459,"y":-40,"angle":0},{"faceUp":false,"depth":0,"value":-1,"x":153.697,"y":-40,"angle":0},{"faceUp":false,"depth":0,"value":-1,"x":283.697,"y":-40,"angle":0},{"faceUp":false,"depth":0,"value":-1,"x":-160.459,"y":-40,"angle":0},{"faceUp":false,"depth":1,"value":-1,"x":-130,"y":286.828,"angle":0},{"faceUp":false,"depth":1,"value":-1,"x":0,"y":286.828,"angle":0},{"faceUp":false,"depth":1,"value":-1,"x":130,"y":286.828,"angle":0},{"faceUp":false,"depth":1,"value":-1,"x":-238.459,"y":-130,"angle":0},{"faceUp":false,"depth":1,"value":-1,"x":-108.459,"y":-130,"angle":0},{"faceUp":false,"depth":1,"value":-1,"x":101.697,"y":50,"angle":0},{"faceUp":false,"depth":1,"value":-1,"x":-108.459,"y":50,"angle":0},{"faceUp":false,"depth":1,"value":-1,"x":-238.459,"y":50,"angle":0},{"faceUp":false,"depth":1,"value":-1,"x":101.697,"y":-130,"angle":0},{"faceUp":false,"depth":1,"value":-1,"x":231.697,"y":-130,"angle":0},{"faceUp":false,"depth":1,"value":-1,"x":231.697,"y":50,"angle":0},{"faceUp":false,"depth":2,"value":-1,"x":-65,"y":250.82799999999997,"angle":0},{"faceUp":false,"depth":2,"value":-1,"x":65,"y":250.82799999999997,"angle":0},{"faceUp":true,"depth":2,"value":-1,"x":-173.459,"y":-40,"angle":0},{"faceUp":true,"depth":2,"value":-1,"x":166.697,"y":-40,"angle":0},{"faceUp":true,"depth":2,"value":-1,"x":-303.459,"y":-40,"angle":0},{"faceUp":true,"depth":2,"value":-1,"x":296.697,"y":-40,"angle":0},{"faceUp":true,"depth":3,"value":-1,"x":0,"y":214.828,"angle":0}],"settings":{"disableCombo":false,"cost":2200,"reward":2400,"comboCoinReward":170,"undoCost":[500,750,1000],"stars":[30,200,300],"wildCost":[6500],"cardsInStack":[-1,-1,-1,-1,-1,-1,-1,-1,-1,-1,-1,-1,-1,-1,-1,-1,-1,-1],"comboBonus":[5,4,6,4],"extraCardCost":[4500,6750,9000]}}]],0,0,[],[],[]]