[1,0,0,[["cc.JsonAsset",["_name","json"],1]],[[0,0,1,3]],[[0,"188",{"cards":[{"faceUp":false,"depth":0,"value":-1,"x":49.552,"y":-20.578,"angle":0},{"faceUp":false,"depth":0,"value":-1,"x":49.552,"y":-308.578,"angle":0},{"faceUp":false,"depth":0,"value":-1,"x":-54.448,"y":-20.578,"angle":0},{"faceUp":false,"depth":0,"value":-1,"x":-54.448,"y":-308.578,"angle":0},{"faceUp":false,"depth":0,"value":-1,"x":-154.61,"y":185.156,"angle":0},{"faceUp":false,"depth":0,"value":-1,"x":-154.61,"y":473.156,"angle":0},{"faceUp":false,"depth":0,"value":-1,"x":157.39,"y":185.156,"angle":0},{"faceUp":false,"depth":0,"value":-1,"x":157.39,"y":473.156,"angle":0},{"faceUp":false,"depth":1,"value":-1,"x":75.552,"y":-38.578,"angle":0},{"faceUp":false,"depth":1,"value":-1,"x":75.552,"y":-290.578,"angle":0},{"faceUp":false,"depth":1,"value":-1,"x":-80.448,"y":-38.578,"angle":0},{"faceUp":false,"depth":1,"value":-1,"x":-80.448,"y":-290.578,"angle":0},{"faceUp":false,"depth":1,"value":-1,"x":-128.61,"y":203.156,"angle":0},{"faceUp":false,"depth":1,"value":-1,"x":-128.61,"y":455.156,"angle":0},{"faceUp":false,"depth":1,"value":-1,"x":131.39,"y":203.156,"angle":0},{"faceUp":false,"depth":1,"value":-1,"x":131.39,"y":455.156,"angle":0},{"faceUp":false,"depth":2,"value":-1,"x":101.552,"y":-56.578,"angle":0},{"faceUp":false,"depth":2,"value":-1,"x":101.552,"y":-272.578,"angle":0},{"faceUp":false,"depth":2,"value":-1,"x":-106.448,"y":-56.578,"angle":0},{"faceUp":false,"depth":2,"value":-1,"x":-106.448,"y":-272.578,"angle":0},{"faceUp":false,"depth":2,"value":-1,"x":-102.61,"y":221.156,"angle":0},{"faceUp":false,"depth":2,"value":-1,"x":-102.61,"y":437.156,"angle":0},{"faceUp":false,"depth":2,"value":-1,"x":105.39,"y":221.156,"angle":0},{"faceUp":false,"depth":2,"value":-1,"x":105.39,"y":437.156,"angle":0},{"faceUp":false,"depth":3,"value":-1,"x":127.552,"y":-74.578,"angle":0},{"faceUp":false,"depth":3,"value":-1,"x":127.552,"y":-254.578,"angle":0},{"faceUp":false,"depth":3,"value":-1,"x":-132.448,"y":-74.578,"angle":0},{"faceUp":false,"depth":3,"value":-1,"x":-132.448,"y":-254.578,"angle":0},{"faceUp":false,"depth":3,"value":-1,"x":-76.61,"y":239.156,"angle":0},{"faceUp":false,"depth":3,"value":-1,"x":-76.61,"y":419.156,"angle":0},{"faceUp":false,"depth":3,"value":-1,"x":79.39,"y":239.156,"angle":0},{"faceUp":false,"depth":3,"value":-1,"x":79.39,"y":419.156,"angle":0},{"faceUp":true,"depth":4,"value":-1,"x":153.552,"y":-92.578,"angle":0},{"faceUp":true,"depth":4,"value":-1,"x":153.552,"y":-236.578,"angle":0},{"faceUp":true,"depth":4,"value":-1,"x":-158.448,"y":-92.578,"angle":0},{"faceUp":true,"depth":4,"value":-1,"x":-158.448,"y":-236.578,"angle":0},{"faceUp":true,"depth":4,"value":-1,"x":-50.61,"y":401.156,"angle":0},{"faceUp":true,"depth":4,"value":-1,"x":-50.61,"y":257.156,"angle":0},{"faceUp":true,"depth":4,"value":-1,"x":53.39,"y":257.156,"angle":0},{"faceUp":true,"depth":4,"value":-1,"x":53.39,"y":401.156,"angle":0}],"settings":{"disableCombo":false,"cost":2500,"reward":2650,"comboCoinReward":170,"undoCost":[650,975,1300],"stars":[30,200,300],"wildCost":[7500],"cardsInStack":[-1,-1,-1,-1,-1,-1,-1,-1,-1,-1,-1,-1,-1,-1,-1,-1,-1,-1,-1,-1,-1,-1,-1,-1,-1,-1],"comboBonus":[5,4,6,4],"extraCardCost":[5000,7550,10000]}}]],0,0,[],[],[]]