[1,0,0,[["cc.JsonAsset",["_name","json"],1]],[[0,0,1,3]],[[0,"13",{"cards":[{"faceUp":false,"depth":0,"value":-1,"x":-121.335,"y":-22.253,"angle":0},{"faceUp":false,"depth":0,"value":-1,"x":8.665,"y":-22.253,"angle":0},{"faceUp":false,"depth":0,"value":-1,"x":143.717,"y":-21.047,"angle":0},{"faceUp":false,"depth":1,"value":-1,"x":-186.335,"y":-76.253,"angle":0},{"faceUp":false,"depth":1,"value":1,"x":-56.335,"y":-76.253,"angle":0},{"faceUp":false,"depth":1,"value":-1,"x":73.665,"y":-76.253,"angle":0},{"faceUp":false,"depth":1,"value":-1,"x":203.665,"y":-76.253,"angle":0},{"faceUp":false,"depth":2,"value":-1,"x":-121.335,"y":-130.253,"angle":0},{"faceUp":false,"depth":2,"value":1,"x":138.665,"y":-130.253,"angle":0},{"faceUp":false,"depth":2,"value":1,"x":-251.335,"y":-130.253,"angle":0},{"faceUp":false,"depth":2,"value":-1,"x":10.629,"y":177.062,"angle":0},{"faceUp":false,"depth":2,"value":-1,"x":268.665,"y":-130.253,"angle":0},{"faceUp":false,"depth":2,"value":-1,"x":8.665,"y":-130.253,"angle":0},{"faceUp":true,"depth":3,"value":-1,"x":-56.335,"y":-202.253,"angle":0},{"faceUp":true,"depth":3,"value":-1,"x":-186.335,"y":-202.253,"angle":0},{"faceUp":true,"depth":3,"value":-1,"x":73.665,"y":-202.253,"angle":0},{"faceUp":true,"depth":3,"value":-1,"x":203.665,"y":-202.253,"angle":0},{"faceUp":true,"depth":3,"value":-1,"x":11.734,"y":288.559,"angle":0},{"faceUp":true,"depth":3,"value":-1,"x":75.629,"y":105.062,"angle":0},{"faceUp":true,"depth":3,"value":-1,"x":-54.371,"y":105.062,"angle":0}],"settings":{"disableCombo":false,"cost":1000,"reward":1050,"comboCoinReward":50,"undoCost":[100,150,400],"stars":[15,80,120],"wildCost":[1000],"cardsInStack":[-1,-1,-1,-1,-1,-1,-1,-1,-1,-1,-1,-1,-1,-1,-1],"comboBonus":[5,4,6,5],"extraCardCost":[200,300,500]}}]],0,0,[],[],[]]