[1,0,0,[["cc.JsonAsset",["_name","json"],1]],[[0,0,1,3]],[[0,"244",{"cards":[{"faceUp":false,"depth":0,"value":-1,"x":-191.472,"y":-17.086,"angle":0},{"faceUp":false,"depth":0,"value":-1,"x":-74.472,"y":-17.086,"angle":0},{"faceUp":false,"depth":0,"value":-1,"x":-191.472,"y":-269.086,"angle":0},{"faceUp":false,"depth":0,"value":-1,"x":-74.472,"y":-269.086,"angle":0},{"faceUp":false,"depth":0,"value":-1,"x":76.961,"y":-17.086,"angle":0},{"faceUp":false,"depth":0,"value":-1,"x":193.961,"y":-17.086,"angle":0},{"faceUp":false,"depth":0,"value":-1,"x":193.961,"y":-269.086,"angle":0},{"faceUp":false,"depth":0,"value":-1,"x":76.961,"y":-269.086,"angle":0},{"faceUp":false,"depth":1,"value":-1,"x":-52.298,"y":174.276,"angle":0},{"faceUp":false,"depth":1,"value":-1,"x":-74.472,"y":-233.086,"angle":0},{"faceUp":false,"depth":1,"value":-1,"x":-52.298,"y":354.276,"angle":0},{"faceUp":false,"depth":1,"value":-1,"x":-74.472,"y":-53.086,"angle":0},{"faceUp":false,"depth":1,"value":-1,"x":-191.472,"y":-53.086,"angle":0},{"faceUp":false,"depth":1,"value":-1,"x":-191.472,"y":-233.086,"angle":0},{"faceUp":false,"depth":1,"value":-1,"x":-308.472,"y":-215.086,"angle":0},{"faceUp":false,"depth":1,"value":-1,"x":-308.472,"y":-53.086,"angle":0},{"faceUp":false,"depth":1,"value":-1,"x":76.961,"y":-53.086,"angle":0},{"faceUp":false,"depth":1,"value":-1,"x":193.961,"y":-53.086,"angle":0},{"faceUp":false,"depth":1,"value":-1,"x":193.961,"y":-233.086,"angle":0},{"faceUp":false,"depth":1,"value":-1,"x":76.961,"y":-233.086,"angle":0},{"faceUp":false,"depth":1,"value":-1,"x":310.961,"y":-53.086,"angle":0},{"faceUp":false,"depth":1,"value":-1,"x":310.961,"y":-233.086,"angle":0},{"faceUp":false,"depth":1,"value":-1,"x":64.702,"y":354.276,"angle":0},{"faceUp":false,"depth":1,"value":-1,"x":64.702,"y":174.459,"angle":0},{"faceUp":true,"depth":2,"value":-1,"x":310.961,"y":-143.086,"angle":0},{"faceUp":true,"depth":2,"value":-1,"x":193.961,"y":-143.086,"angle":0},{"faceUp":true,"depth":2,"value":-1,"x":76.961,"y":-143.086,"angle":0},{"faceUp":true,"depth":2,"value":-1,"x":-52.298,"y":282.276,"angle":0},{"faceUp":true,"depth":2,"value":-1,"x":-74.472,"y":-143.086,"angle":0},{"faceUp":true,"depth":2,"value":-1,"x":-191.472,"y":-143.086,"angle":0},{"faceUp":true,"depth":2,"value":-1,"x":-308.472,"y":-143.086,"angle":0},{"faceUp":true,"depth":2,"value":-1,"x":64.702,"y":282.276,"angle":0}],"settings":{"disableCombo":false,"cost":2600,"reward":2750,"comboCoinReward":170,"undoCost":[650,975,1300],"stars":[30,200,300],"wildCost":[8000],"cardsInStack":[-1,-1,-1,-1,-1,-1,-1,-1,-1,-1,-1,-1,-1,-1,-1,-1,-1,-1,-1,-1,-1,-1,-1],"comboBonus":[5,4,6,4],"extraCardCost":[5000,7550,10000]}}]],0,0,[],[],[]]