[1,0,0,[["cc.JsonAsset",["_name","json"],1]],[[0,0,1,3]],[[0,"255",{"cards":[{"faceUp":false,"depth":0,"value":-1,"x":-329,"y":-3.877,"angle":0},{"faceUp":false,"depth":0,"value":-1,"x":-212,"y":-3.877,"angle":0},{"faceUp":false,"depth":0,"value":-1,"x":-95,"y":-3.877,"angle":0},{"faceUp":false,"depth":0,"value":-1,"x":22,"y":-3.877,"angle":0},{"faceUp":false,"depth":0,"value":-1,"x":139,"y":-3.877,"angle":0},{"faceUp":false,"depth":0,"value":-1,"x":256,"y":-3.877,"angle":0},{"faceUp":false,"depth":0,"value":-1,"x":373,"y":-3.877,"angle":0},{"faceUp":false,"depth":1,"value":-1,"x":-381,"y":32.123,"angle":0},{"faceUp":false,"depth":1,"value":-1,"x":-264,"y":32.123,"angle":0},{"faceUp":false,"depth":1,"value":-1,"x":-147,"y":32.123,"angle":0},{"faceUp":false,"depth":1,"value":-1,"x":-30,"y":32.123,"angle":0},{"faceUp":false,"depth":1,"value":-1,"x":87,"y":32.123,"angle":0},{"faceUp":false,"depth":1,"value":-1,"x":204,"y":32.123,"angle":0},{"faceUp":false,"depth":1,"value":-1,"x":321,"y":32.123,"angle":0},{"faceUp":true,"depth":2,"value":-1,"x":-303,"y":-75.877,"angle":0},{"faceUp":true,"depth":2,"value":-1,"x":-186,"y":-75.877,"angle":0},{"faceUp":true,"depth":2,"value":-1,"x":-69,"y":-75.877,"angle":0},{"faceUp":true,"depth":2,"value":-1,"x":48,"y":-75.877,"angle":0},{"faceUp":true,"depth":2,"value":-1,"x":165,"y":-75.877,"angle":0},{"faceUp":true,"depth":2,"value":-1,"x":282,"y":-75.877,"angle":0}],"settings":{"disableCombo":false,"cost":2700,"reward":2850,"comboCoinReward":170,"undoCost":[700,1050,1400],"stars":[30,200,300],"wildCost":[8000],"cardsInStack":[-1,-1,-1,-1,-1,-1,-1,-1,-1,-1,-1,-1,-1,-1,-1,-1,-1,-1],"comboBonus":[5,4,6,4],"extraCardCost":[5500,8250,11000]}}]],0,0,[],[],[]]