[1,0,0,[["cc.JsonAsset",["_name","json"],1]],[[0,0,1,3]],[[0,"97",{"cards":[{"faceUp":false,"depth":0,"value":-1,"x":79.064,"y":-109.617,"angle":0},{"faceUp":false,"depth":0,"value":-1,"x":-72.5,"y":48.665,"angle":0},{"faceUp":false,"depth":0,"value":-1,"x":-244,"y":316.367,"angle":0},{"faceUp":false,"depth":0,"value":-1,"x":-62,"y":316.367,"angle":0},{"faceUp":false,"depth":0,"value":-1,"x":94,"y":316.367,"angle":0},{"faceUp":false,"depth":0,"value":-1,"x":276,"y":316.367,"angle":0},{"faceUp":false,"depth":0,"value":-1,"x":93.91,"y":52.383,"angle":0},{"faceUp":false,"depth":0,"value":-1,"x":-61.346,"y":-113.335,"angle":0},{"faceUp":false,"depth":0,"value":-1,"x":-205,"y":154.367,"angle":0},{"faceUp":false,"depth":0,"value":-1,"x":237,"y":154.367,"angle":0},{"faceUp":false,"depth":1,"value":-1,"x":79.064,"y":-127.61699999999999,"angle":0},{"faceUp":false,"depth":1,"value":-1,"x":-72.5,"y":102.665,"angle":0},{"faceUp":false,"depth":1,"value":-1,"x":-244,"y":370.367,"angle":0},{"faceUp":false,"depth":1,"value":-1,"x":-62,"y":370.367,"angle":0},{"faceUp":false,"depth":1,"value":-1,"x":94,"y":370.367,"angle":0},{"faceUp":false,"depth":1,"value":-1,"x":276,"y":370.367,"angle":0},{"faceUp":false,"depth":1,"value":-1,"x":93.91,"y":106.383,"angle":0},{"faceUp":false,"depth":1,"value":-1,"x":-61.346,"y":-131.335,"angle":0},{"faceUp":false,"depth":1,"value":-1,"x":-205,"y":136.367,"angle":0},{"faceUp":false,"depth":1,"value":-1,"x":237,"y":136.367,"angle":0},{"faceUp":false,"depth":2,"value":-1,"x":79.064,"y":-145.617,"angle":0},{"faceUp":false,"depth":2,"value":-1,"x":-205,"y":370.367,"angle":0},{"faceUp":false,"depth":2,"value":-1,"x":-101,"y":370.367,"angle":0},{"faceUp":false,"depth":2,"value":-1,"x":237,"y":370.367,"angle":0},{"faceUp":false,"depth":2,"value":-1,"x":133,"y":370.367,"angle":0},{"faceUp":false,"depth":2,"value":-1,"x":67.91,"y":106.383,"angle":0},{"faceUp":false,"depth":2,"value":-1,"x":-46.5,"y":102.665,"angle":0},{"faceUp":false,"depth":2,"value":-1,"x":-61.346,"y":-149.335,"angle":0},{"faceUp":false,"depth":2,"value":-1,"x":-205,"y":118.367,"angle":0},{"faceUp":false,"depth":2,"value":-1,"x":237,"y":118.367,"angle":0},{"faceUp":false,"depth":3,"value":-1,"x":79.064,"y":-163.617,"angle":0},{"faceUp":true,"depth":3,"value":-1,"x":-46.5,"y":48.665,"angle":0},{"faceUp":true,"depth":3,"value":-1,"x":-205,"y":316.367,"angle":0},{"faceUp":true,"depth":3,"value":-1,"x":67.91,"y":52.383,"angle":0},{"faceUp":true,"depth":3,"value":-1,"x":237,"y":316.367,"angle":0},{"faceUp":true,"depth":3,"value":-1,"x":-101,"y":316.367,"angle":0},{"faceUp":true,"depth":3,"value":-1,"x":133,"y":316.367,"angle":0},{"faceUp":false,"depth":3,"value":-1,"x":-61.346,"y":-167.335,"angle":0},{"faceUp":false,"depth":3,"value":-1,"x":-205,"y":100.367,"angle":0},{"faceUp":false,"depth":3,"value":-1,"x":237,"y":100.367,"angle":0},{"faceUp":true,"depth":4,"value":-1,"x":79.064,"y":-181.617,"angle":0},{"faceUp":true,"depth":4,"value":-1,"x":-61.346,"y":-185.335,"angle":0},{"faceUp":true,"depth":4,"value":-1,"x":-205,"y":82.367,"angle":0},{"faceUp":true,"depth":4,"value":-1,"x":237,"y":82.367,"angle":0}],"settings":{"disableCombo":false,"cost":2000,"reward":2100,"comboCoinReward":150,"undoCost":[500,750,1000],"stars":[30,150,250],"wildCost":[6000],"cardsInStack":[-1,-1,-1,-1,-1,-1,-1,-1,-1,-1,-1,-1,-1,-1,-1,-1,-1,-1,-1,-1,-1,-1,-1,-1,-1],"comboBonus":[5,4,6,4],"extraCardCost":[4000,6000,8000]}}]],0,0,[],[],[]]