[1,0,0,[["cc.JsonAsset",["_name","json"],1]],[[0,0,1,3]],[[0,"111",{"cards":[{"faceUp":false,"depth":0,"value":-1,"x":101,"y":55,"angle":25},{"faceUp":false,"depth":0,"value":-1,"x":-94,"y":-215,"angle":-25},{"faceUp":false,"depth":0,"value":-1,"x":101,"y":-215,"angle":-25},{"faceUp":false,"depth":0,"value":-1,"x":202.12,"y":315.386,"angle":0},{"faceUp":false,"depth":0,"value":-1,"x":-187.138,"y":312.403,"angle":0},{"faceUp":false,"depth":0,"value":-1,"x":-289,"y":55,"angle":25},{"faceUp":false,"depth":0,"value":-1,"x":309,"y":55,"angle":25},{"faceUp":false,"depth":0,"value":-1,"x":309,"y":-215,"angle":-25},{"faceUp":false,"depth":0,"value":-1,"x":-94,"y":55,"angle":25},{"faceUp":false,"depth":0,"value":-1,"x":-289,"y":-215,"angle":-25},{"faceUp":false,"depth":1,"value":-1,"x":-107,"y":-179,"angle":-15},{"faceUp":false,"depth":1,"value":-1,"x":-107,"y":19,"angle":15},{"faceUp":false,"depth":1,"value":-1,"x":88,"y":-179,"angle":-15},{"faceUp":false,"depth":1,"value":-1,"x":88,"y":19,"angle":15},{"faceUp":false,"depth":1,"value":-1,"x":-302,"y":19,"angle":15},{"faceUp":false,"depth":1,"value":-1,"x":296,"y":19,"angle":15},{"faceUp":false,"depth":1,"value":-1,"x":-302,"y":-179,"angle":-15},{"faceUp":false,"depth":1,"value":-1,"x":296,"y":-179,"angle":-15},{"faceUp":false,"depth":2,"value":-1,"x":-315,"y":1,"angle":5},{"faceUp":false,"depth":2,"value":-1,"x":75,"y":-161,"angle":-5},{"faceUp":false,"depth":2,"value":-1,"x":75,"y":1,"angle":5},{"faceUp":false,"depth":2,"value":-1,"x":-187.138,"y":222.40300000000002,"angle":-10},{"faceUp":false,"depth":2,"value":-1,"x":-187.138,"y":384.403,"angle":10},{"faceUp":false,"depth":2,"value":-1,"x":-315,"y":-161,"angle":-5},{"faceUp":false,"depth":2,"value":-1,"x":283,"y":-161,"angle":-5},{"faceUp":false,"depth":2,"value":-1,"x":202.12,"y":387.386,"angle":10},{"faceUp":false,"depth":2,"value":-1,"x":283,"y":1,"angle":5},{"faceUp":false,"depth":2,"value":-1,"x":-120,"y":-161,"angle":-5},{"faceUp":false,"depth":2,"value":-1,"x":-120,"y":1,"angle":5},{"faceUp":false,"depth":2,"value":-1,"x":202.12,"y":225.38600000000002,"angle":-10},{"faceUp":true,"depth":3,"value":-1,"x":75,"y":-71,"angle":0},{"faceUp":true,"depth":3,"value":-1,"x":-315,"y":-71,"angle":0},{"faceUp":true,"depth":3,"value":-1,"x":-187.138,"y":312.403,"angle":0},{"faceUp":true,"depth":3,"value":-1,"x":283,"y":-71,"angle":0},{"faceUp":true,"depth":3,"value":-1,"x":202.12,"y":315.386,"angle":0},{"faceUp":true,"depth":3,"value":-1,"x":-120,"y":-71,"angle":0}],"settings":{"disableCombo":false,"cost":2200,"reward":2400,"comboCoinReward":170,"undoCost":[500,750,1000],"stars":[30,200,300],"wildCost":[6500],"cardsInStack":[-1,-1,-1,-1,-1,-1,-1,-1,-1,-1,-1,-1,-1,-1,-1,-1,-1,-1,-1,-1],"comboBonus":[5,4,6,4],"extraCardCost":[4500,6750,9000]}}]],0,0,[],[],[]]