[1,["ecpdLyjvZBwrvm+cedCcQy","29FYIk+N1GYaeWH/q1NxQO","2ai4iSoltLA4ntIjhTxjM4","d5zm91zZ1BX4NLZ+ZijOCG","a0elobwilGjpKY6DpTdIXK","f0BIwQ8D5Ml7nTNQbh1YlS","07its+m9tDWKCWtDnCtlql","c6Z3ZwH19ERpCKAKXF2OIv","a6aXnKjWxP15hUS7cHsDTb","b5gquINmpEKZrUItoF4EUp","b5TT65UztK0IpYhtedB1Ff","8472Bhq4JMjbMcIz8t5u7b","30+GqT0tZOYZj3ngFFEBsa","f759zje+JDh4q/UGJuptOx","74nfvgPZ5OmbePH+gz2fgo","371u9CpjJKf5lb+7DlCAqD","27ofb3iflLm662d4PFVJJb","edskttmYNH2KOGj0qdqmAq","3a39l9TkNNAqPGH2LYSQRe"],["node","_spriteFrame","_N$normalSprite","_N$disabledSprite","_textureSetter","_N$file","root","levelCostLabel","levelLabel","timeLabel","goldTemp","shopNode","goldNode","label","_N$placeholderLabel","_N$textLabel","data","_parent","spriteFrame"],[["cc.Node",["_name","_active","_prefab","_components","_trs","_parent","_contentSize","_children","_anchorPoint","_color"],1,4,9,7,1,5,2,5,5],["cc.Label",["_string","_fontSize","_lineHeight","_N$verticalAlign","_isSystemFontUsed","_styleFlags","_N$horizontalAlign","_enableWrapText","_N$overflow","node","_materials","_N$file"],-6,1,3,6],["cc.Sprite",["_sizeMode","_isTrimmedMode","_type","_enabled","node","_materials","_spriteFrame"],-1,1,3,6],"cc.SpriteFrame",["cc.Node",["_name","_objFlags","_active","_parent","_components","_prefab","_contentSize","_trs","_color","_anchorPoint"],0,1,12,4,5,7,5,5],["cc.LabelOutline",["_width","node","_color"],2,1,5],["cc.Layout",["_resize","_N$layoutType","_N$spacingX","_N$paddingLeft","_N$paddingRight","node","_layoutSize"],-2,1,5],["cc.Node",["_name","_parent","_components","_prefab","_contentSize","_trs","_anchorPoint"],2,1,2,4,5,7,5],["cc.Widget",["_alignFlags","_originalWidth","_originalHeight","alignMode","_left","node"],-2,1],["cc.PrefabInfo",["fileId","root","asset"],2,1,1],["cc.StudioWidget",["_alignFlags","_left","_bottom","_isAbsLeft","_isAbsBottom","node"],-2,1],["cc.Prefab",["_name"],2],["3ece6m5WaJAZoFV/gsbUfa3",["node","goldNode","shopNode","goldTemp","timeLabel","levelLabel","levelCostLabel"],3,1,1,1,1,1,1,1],["cc.Button",["node","clickEvents","_N$normalSprite","_N$disabledSprite"],3,1,9,6,6],["cc.ClickEvent",["_componentId","handler","target"],1,1],["cc.BlockInputEvents",["node"],3,1],["0b9c9QyqT9B243Smb/yMW0K",["node","label"],3,1,1],["cc.EditBox",["_string","maxLength","_N$inputMode","node","_N$textLabel","_N$placeholderLabel"],0,1,1,1],["cc.BitmapFont",["_name","fontSize","_fntConfig"],0]],[[9,0,1,2,2],[0,0,5,7,3,2,6,4,2],[13,0,1,2,3,1],[14,0,1,2,3],[2,0,1,4,5,6,3],[0,0,5,3,2,9,6,2],[0,0,1,5,3,2,6,4,3],[0,0,5,3,2,6,4,2],[2,2,0,1,4,5,6,4],[1,0,1,5,6,3,9,10,6],[0,0,7,3,2,6,4,2],[8,3,0,4,1,2,5,6],[10,0,1,2,3,4,5,6],[5,1,1],[5,0,1,2,2],[15,0,1],[1,0,1,6,3,9,10,5],[1,0,7,3,8,9,10,5],[11,0,2],[0,0,5,7,3,2,4,2],[0,0,5,7,3,2,6,8,4,2],[0,0,1,5,7,2,4,3],[4,0,3,4,5,8,6,7,2],[4,0,3,4,5,6,7,2],[4,0,1,3,4,5,6,9,7,3],[4,0,1,2,3,4,5,8,6,9,7,4],[7,0,1,2,3,4,5,2],[7,0,1,2,3,4,6,5,2],[8,0,1,2,5,4],[12,0,1,2,3,4,5,6,1],[9,1,2,1],[2,3,2,0,1,4,5,6,5],[2,4,5,6,1],[2,0,4,5,6,2],[10,0,5,2],[5,1,2,1],[16,0,1,1],[6,0,1,2,5,6,4],[6,0,1,5,6,3],[6,0,1,3,4,5,6,5],[17,0,1,2,3,4,5,4],[1,0,1,2,4,9,10,11,5],[1,0,1,2,5,9,10,5],[1,0,1,2,4,9,10,5],[1,0,2,4,9,10,4],[18,0,1,2,4]],[[[{"name":"layerbg","rect":[0,0,116,112],"offset":[0,0],"originalSize":[116,112],"capInsets":[42,42,42,42]}],[3],0,[0],[4],[7]],[[{"name":"button_offers","rect":[11,11,106,106],"offset":[0,0],"originalSize":[128,128],"capInsets":[0,0,0,0]}],[3],0,[0],[4],[8]],[[{"name":"keep_calm100","rect":[2,2,502,336],"offset":[-3,86],"originalSize":[512,512],"capInsets":[0,0,0,0]}],[3],0,[0],[4],[9]],[[[18,"Menu"],[10,"Layer",[-10,-11,-12,-13,-14,-15,-16,-17],[[28,45,1334,750,-2],[29,-9,-8,-7,-6,-5,-4,-3]],[30,-1,0],[5,750,1334],[375,667,0,0,0,0,1,1,1,1]],[1,"levels",1,[-20,-21],[[2,-18,[[3,"3ece6m5WaJAZoFV/gsbUfa3","onClickFreegold",1]],21,22],[4,0,false,-19,[23],24]],[0,"19Bc88zqFKZbwMKzGSA46r",1,0],[5,128,128],[285.004,392.612,0,0,0,0,1,1,1,0]],[1,"start",1,[-24,-25],[[8,1,0,false,-22,[6],7],[2,-23,[[3,"3ece6m5WaJAZoFV/gsbUfa3","onClickStart",1]],8,9]],[0,"32YnnNhq9K36tumvpzt0h1",1,0],[5,484.1287,128],[0,-352.473,0,0,0,0,1,1,1,0]],[22,"text",3,[[[12,12,0.23338350557899856,0.16562500000000002,false,false,-26],-27,[13,-28],[13,-29]],4,1,4,4],[0,"05GQZoy29H3JKlTx3erqLe",1,0],[4,4278252022],[5,258.1533936851934,77.6],[2.842170943040401e-14,-4,0,0,0,0,1,1,1,1]],[1,"settings",1,[-33],[[15,-30],[2,-31,[[3,"3ece6m5WaJAZoFV/gsbUfa3","onClickOptions",1]],11,12],[4,0,false,-32,[13],14]],[0,"393HX9PClIf6A5/VOasSlO",1,0],[5,128,128],[-280.61,586.437,0,0,0,0,1,1,1,0]],[19,"shopButton",1,[-36,-37],[[36,-35,-34]],[0,"c7ltv8vCRDMot3kpzATu5H",1,0],[293,585,0,0,0,0,1,1,1,1]],[10,"Button_1",[-41],[[15,-38],[8,1,0,false,-39,[42],43],[2,-40,[[3,"3ece6m5WaJAZoFV/gsbUfa3","onClickTest",1]],44,45]],[0,"e7HNND8PhFEZ1rT9z90PLA",1,0],[5,164,84],[356,331.1787,0,0,0,0,1,1,1,1]],[1,"New Layout",3,[-43,-44],[[37,1,1,10,-42,[5,119.75,150]]],[0,"92+x6HMfZLypVUZ2Bzn6OV",1,0],[5,119.75,150],[0,-85.456,0,0,0,0,1,1,1,1]],[20,"Image_1",6,[-47],[[31,false,1,0,false,-45,[28],29],[38,1,1,-46,[5,243,128]]],[0,"984yDUTYZFbIon8gT1a2Gz",1,0],[5,243,128],[0,1,0.5],[-33,0,0,0,0,0,1,1,1,1]],[1,"New Layout",9,[-49,-50],[[39,1,1,20,40,-48,[5,243,150]]],[0,"bbUN95TxRLLqwND6WaRpi2",1,0],[5,243,150],[-121.5,0,0,0,0,0,1,1,1,1]],[1,"shop",6,[-53],[[2,-51,[[3,"3ece6m5WaJAZoFV/gsbUfa3","onClickShop",1]],31,32],[4,0,false,-52,[33],34]],[0,"6cLaVpLhJKFbqCnExY96Jg",1,0],[5,128,128],[-1.696,0,0,0,0,0,1,1,1,0]],[21,"New Node",false,1,[-54,-55,7],[0,"2ejzXEpm9FP65NenHkwqUD",1,0],[-250.223,-307.098,0,0,0,0,1,1,1,1]],[1,"editbox",12,[-59,-60],[[40,"3",8,6,-58,-57,-56]],[0,"5cUgWnfeZJf5SFLXZg3ACQ",1,0],[5,209,88],[146,331,0,0,0,0,1,1,1,1]],[23,"cost",8,[[[12,12,0.4175365344467641,0.17723333333333335,false,false,-61],-62],4,1],[0,"50TnrNDdpDTLA+wTV7y4vb",1,0],[5,69.75,35],[25,-30.914999999999992,0,0,0,0,1,1,1,1]],[5,"New Label",5,[[9,"SET",35,3,1,1,-63,[10]],[14,2,-64,[4,4278387709]]],[0,"43KPSNsDxEobNfCq1DKLFC",1,0],[4,4278253307],[5,79.50947964969615,54.4]],[6,"levels",false,1,[[2,-65,[[3,"3ece6m5WaJAZoFV/gsbUfa3","onClickLevels",1]],15,16],[4,0,false,-66,[17],18]],[0,"65HPV3YyZC5YnJqeUPXCKs",1,0],[5,128,128],[-302,-589,0,0,0,0,1,1,1,0]],[5,"New Label",2,[[9,"COIN",30,3,1,1,-67,[20]],[14,2,-68,[4,4278585073]]],[0,"6em+z47lBAMovZtwCz/NEV",1,0],[4,4279298294],[5,85.3766968425967,54.4]],[5,"New Label",11,[[9,"SHOP",28,3,1,1,-69,[30]],[35,-70,[4,4278519292]]],[0,"26m5RD5r9A65n0SQs56ZRS",1,0],[4,4278910950],[5,87.30158371975692,52.4]],[6,"font_coin",false,1,[[32,-71,[35],36]],[0,"70f3lPj5NFzYXH1UAOOR7e",1,0],[5,64,64],[-430.766,187.094,0,0,0,0,1,1,1,1]],[24,"TEXT_LABEL",512,13,[[-72,[11,0,45,2,158,40,-73]],1,4],[0,"26lX1fkFNDtrP9jh1wYanF",1,0],[5,207,88],[0,0,1],[-102.5,44,0,0,0,0,1,1,1,1]],[25,"PLACEHOLDER_LABEL",512,false,13,[[-74,[11,0,45,2,158,40,-75]],1,4],[0,"3azfmWdxNIKYrtALZoz63b",1,0],[4,4290493371],[5,207,88],[0,0,1],[-102.5,44,0,0,0,0,1,1,1,1]],[5,"Label",7,[[16,"测试",14,1,1,-76,[41]],[34,18,-77]],[0,"b4rCk3rNhBRYXOvroy5IGb",1,0],[4,4282794305],[5,28,50.4]],[6,"keep_calm100",false,1,[[41,"SOLITAIRE",100,100,false,-78,[0],1]],[0,"6c1KbvKDBGFoKHoZQ9QcHI",1,0],[5,567,100],[14.065,130.531,0,0,0,0,1,1,1,1]],[42,"LEVEL 3",60,60,3,4,[2]],[7,"font_coin",8,[[33,0,-79,[3],4]],[0,"2ctZCKY3xAJK8B3Rq9OrNd",1,0],[5,40,40],[-39.875,-33.155,0,0,0,0,1,1,1,1]],[43,"1000",30,35,false,14,[5]],[26,"New Label",2,[-80],[0,"d7xz6+DVtCUaGaT/jsUqBZ",1,0],[5,75.07,50.4],[-0.167,-85.398,0,0,0,0,1,1,1,1]],[16,"12:00",30,1,1,27,[19]],[7,"coin",10,[[4,2,false,-81,[25],26]],[0,"69FU7/WYdNTr5FoEwCu51+",1,0],[5,45,45],[-79,0,0,0,0,0,1,1,1,1]],[27,"label",10,[-82],[0,"bcomIybKVKha3TSmjYLyeg",1,0],[5,138,48],[0,0,0.5],[-56.5,2.277,0,0,0,0,1,1,1,1]],[44,"111111",48,false,30,[27]],[7,"Image_1",12,[[8,1,0,false,-83,[37],38]],[0,"77W5p6bqVIPp7zT5+GLnrT",1,0],[5,430,112],[226,329.1787,0,0,0,0,1,1,1,1]],[17,"3",false,1,1,20,[39]],[17,"Enter text here...",false,1,1,21,[40]]],0,[0,6,1,0,0,1,0,7,26,0,8,24,0,9,28,0,10,19,0,11,6,0,12,2,0,0,1,0,-1,23,0,-2,3,0,-3,5,0,-4,16,0,-5,2,0,-6,6,0,-7,19,0,-8,12,0,0,2,0,0,2,0,-1,27,0,-2,17,0,0,3,0,0,3,0,-1,4,0,-2,8,0,0,4,0,-2,24,0,0,4,0,0,4,0,0,5,0,0,5,0,0,5,0,-1,15,0,13,31,0,0,6,0,-1,9,0,-2,11,0,0,7,0,0,7,0,0,7,0,-1,22,0,0,8,0,-1,25,0,-2,14,0,0,9,0,0,9,0,-1,10,0,0,10,0,-1,29,0,-2,30,0,0,11,0,0,11,0,-1,18,0,-1,32,0,-2,13,0,14,34,0,15,33,0,0,13,0,-1,20,0,-2,21,0,0,14,0,-2,26,0,0,15,0,0,15,0,0,16,0,0,16,0,0,17,0,0,17,0,0,18,0,0,18,0,0,19,0,-1,33,0,0,20,0,-1,34,0,0,21,0,0,22,0,0,22,0,0,23,0,0,25,0,-1,28,0,0,29,0,-1,31,0,0,32,0,16,1,7,17,12,83],[0,0,0,0,0,0,0,0,0,0,0,0,0,0,0,0,0,0,0,0,0,0,0,0,0,0,0,0,0,0,0,0,0,0,0,0,0,0,0,0,0,0,0,0,0,0,26,31],[-1,5,-1,-1,1,-1,-1,1,2,3,-1,2,3,-1,1,2,3,-1,1,-1,-1,2,3,-1,1,-1,1,-1,-1,1,-1,2,3,-1,1,-1,1,-1,1,-1,-1,-1,-1,1,2,3,5,5],[0,10,0,0,3,0,0,2,2,1,0,11,1,0,2,4,1,0,4,0,0,12,1,0,2,0,13,0,0,14,0,15,1,0,2,0,3,0,16,0,0,0,0,5,5,1,6,6]],[[{"name":"button_levels","rect":[11,11,106,106],"offset":[0,0],"originalSize":[128,128],"capInsets":[0,0,0,0]}],[3],0,[0],[4],[17]],[[[45,"keep_calm100",100,{"commonHeight":120,"fontSize":100,"atlasName":"keep_calm100.png","fontDefDictionary":{"65":{"xOffset":1,"yOffset":8,"xAdvance":89,"rect":{"x":168,"y":89,"width":89,"height":82}},"66":{"xOffset":8,"yOffset":8,"xAdvance":68,"rect":{"x":430,"y":174,"width":59,"height":82}},"67":{"xOffset":5,"yOffset":7,"xAdvance":81,"rect":{"x":178,"y":2,"width":78,"height":85}},"68":{"xOffset":8,"yOffset":8,"xAdvance":83,"rect":{"x":81,"y":174,"width":73,"height":82}},"69":{"xOffset":8,"yOffset":9,"xAdvance":65,"rect":{"x":249,"y":258,"width":54,"height":81}},"70":{"xOffset":8,"yOffset":9,"xAdvance":63,"rect":{"x":305,"y":258,"width":54,"height":81}},"71":{"xOffset":5,"yOffset":7,"xAdvance":86,"rect":{"x":258,"y":2,"width":78,"height":85}},"72":{"xOffset":8,"yOffset":9,"xAdvance":78,"rect":{"x":2,"y":258,"width":64,"height":81}},"73":{"xOffset":8,"yOffset":9,"xAdvance":31,"rect":{"x":361,"y":258,"width":17,"height":81}},"74":{"xOffset":2,"yOffset":9,"xAdvance":58,"rect":{"x":2,"y":89,"width":52,"height":83}},"75":{"xOffset":8,"yOffset":8,"xAdvance":75,"rect":{"x":156,"y":174,"width":69,"height":82}},"76":{"xOffset":8,"yOffset":9,"xAdvance":63,"rect":{"x":191,"y":258,"width":56,"height":81}},"77":{"xOffset":8,"yOffset":8,"xAdvance":95,"rect":{"x":259,"y":89,"width":81,"height":82}},"78":{"xOffset":8,"yOffset":8,"xAdvance":82,"rect":{"x":227,"y":174,"width":68,"height":82}},"79":{"xOffset":5,"yOffset":7,"xAdvance":94,"rect":{"x":2,"y":2,"width":86,"height":85}},"80":{"xOffset":8,"yOffset":9,"xAdvance":66,"rect":{"x":131,"y":258,"width":58,"height":81}},"81":{"xOffset":5,"yOffset":7,"xAdvance":93,"rect":{"x":90,"y":2,"width":86,"height":85}},"82":{"xOffset":8,"yOffset":8,"xAdvance":70,"rect":{"x":366,"y":174,"width":62,"height":82}},"83":{"xOffset":4,"yOffset":7,"xAdvance":64,"rect":{"x":338,"y":2,"width":59,"height":85}},"84":{"xOffset":3,"yOffset":9,"xAdvance":76,"rect":{"x":68,"y":258,"width":61,"height":81}},"85":{"xOffset":7,"yOffset":8,"xAdvance":83,"rect":{"x":399,"y":2,"width":73,"height":83}},"86":{"xOffset":2,"yOffset":8,"xAdvance":78,"rect":{"x":2,"y":174,"width":77,"height":82}},"87":{"xOffset":2,"yOffset":8,"xAdvance":111,"rect":{"x":56,"y":89,"width":110,"height":82}},"88":{"xOffset":1,"yOffset":8,"xAdvance":79,"rect":{"x":425,"y":89,"width":80,"height":82}},"89":{"xOffset":2,"yOffset":8,"xAdvance":81,"rect":{"x":342,"y":89,"width":81,"height":82}},"90":{"xOffset":4,"yOffset":8,"xAdvance":72,"rect":{"x":297,"y":174,"width":67,"height":82}}},"kerningDict":{}}]],0,0,[0],[18],[18]]]]