[1,0,0,[["cc.JsonAsset",["_name","json"],1]],[[0,0,1,3]],[[0,"66",{"cards":[{"faceUp":false,"depth":0,"value":-1,"x":3.478999999999999,"y":108,"angle":0},{"faceUp":false,"depth":1,"value":-1,"x":-74.521,"y":72,"angle":0},{"faceUp":false,"depth":1,"value":-1,"x":81.479,"y":72,"angle":0},{"faceUp":false,"depth":2,"value":-1,"x":-126.521,"y":36,"angle":0},{"faceUp":false,"depth":2,"value":-1,"x":133.479,"y":36,"angle":0},{"faceUp":false,"depth":2,"value":1,"x":3.478999999999999,"y":36,"angle":0},{"faceUp":false,"depth":3,"value":-1,"x":-204.521,"y":0,"angle":0},{"faceUp":false,"depth":3,"value":-1,"x":211.479,"y":0,"angle":0},{"faceUp":false,"depth":3,"value":-1,"x":81.479,"y":0,"angle":0},{"faceUp":false,"depth":3,"value":-1,"x":-74.521,"y":0,"angle":0},{"faceUp":false,"depth":4,"value":-1,"x":159.479,"y":-36,"angle":0},{"faceUp":false,"depth":4,"value":-1,"x":289.479,"y":-36,"angle":0},{"faceUp":false,"depth":4,"value":-1,"x":-282.521,"y":-36,"angle":0},{"faceUp":false,"depth":4,"value":-1,"x":-152.521,"y":-36,"angle":0},{"faceUp":false,"depth":4,"value":1,"x":3.478999999999999,"y":-36,"angle":0},{"faceUp":false,"depth":5,"value":-1,"x":81.479,"y":-72,"angle":0},{"faceUp":false,"depth":5,"value":-1,"x":211.479,"y":-72,"angle":0},{"faceUp":false,"depth":5,"value":-1,"x":341.479,"y":-72,"angle":0},{"faceUp":false,"depth":5,"value":-1,"x":-74.521,"y":-72,"angle":0},{"faceUp":false,"depth":5,"value":-1,"x":-204.521,"y":-72,"angle":0},{"faceUp":false,"depth":5,"value":-1,"x":-334.521,"y":-72,"angle":0},{"faceUp":true,"depth":6,"value":-1,"x":148.442,"y":-108,"angle":0},{"faceUp":true,"depth":6,"value":-1,"x":285.183,"y":-108,"angle":0},{"faceUp":true,"depth":6,"value":-1,"x":-136.631,"y":-108,"angle":0},{"faceUp":true,"depth":6,"value":-1,"x":-276.928,"y":-108,"angle":0}],"settings":{"disableCombo":false,"cost":2000,"reward":2100,"comboCoinReward":150,"undoCost":[500,750,1000],"stars":[30,150,250],"wildCost":[6000],"cardsInStack":[-1,-1,-1,-1,-1,-1,-1,-1,-1,-1,-1,-1,-1,-1,-1,-1,-1],"comboBonus":[5,4,6,4],"extraCardCost":[4000,6000,8000]}}]],0,0,[],[],[]]