[1,0,0,[["cc.JsonAsset",["_name","json"],1]],[[0,0,1,3]],[[0,"227",{"cards":[{"faceUp":false,"depth":0,"value":-1,"x":-45.5,"y":-19,"angle":0},{"faceUp":false,"depth":0,"value":-1,"x":110.5,"y":-19,"angle":0},{"faceUp":false,"depth":0,"value":-1,"x":-86.712,"y":175.502,"angle":0},{"faceUp":false,"depth":0,"value":-1,"x":-86.712,"y":373.50199999999995,"angle":0},{"faceUp":false,"depth":1,"value":-1,"x":149.5,"y":-19,"angle":0},{"faceUp":false,"depth":1,"value":-1,"x":-84.5,"y":-19,"angle":0},{"faceUp":false,"depth":1,"value":-1,"x":149.411,"y":377.48699999999997,"angle":0},{"faceUp":false,"depth":1,"value":-1,"x":149.411,"y":179.48700000000002,"angle":0},{"faceUp":false,"depth":1,"value":-1,"x":-32.5,"y":-181,"angle":0},{"faceUp":false,"depth":1,"value":-1,"x":97.5,"y":-181,"angle":0},{"faceUp":false,"depth":1,"value":-1,"x":227.5,"y":-181,"angle":0},{"faceUp":false,"depth":1,"value":-1,"x":-162.5,"y":-181,"angle":0},{"faceUp":false,"depth":1,"value":-1,"x":-112.712,"y":175.502,"angle":15},{"faceUp":false,"depth":1,"value":-1,"x":-112.712,"y":373.50199999999995,"angle":15},{"faceUp":false,"depth":2,"value":-1,"x":188.5,"y":-19,"angle":0},{"faceUp":false,"depth":2,"value":-1,"x":-123.5,"y":-19,"angle":0},{"faceUp":false,"depth":2,"value":-1,"x":175.411,"y":377.48699999999997,"angle":-15},{"faceUp":false,"depth":2,"value":-1,"x":175.411,"y":179.48700000000002,"angle":-15},{"faceUp":false,"depth":2,"value":-1,"x":-162.5,"y":-217,"angle":0},{"faceUp":false,"depth":2,"value":-1,"x":-32.5,"y":-217,"angle":0},{"faceUp":false,"depth":2,"value":-1,"x":97.5,"y":-217,"angle":0},{"faceUp":false,"depth":2,"value":-1,"x":227.5,"y":-217,"angle":0},{"faceUp":true,"depth":2,"value":-1,"x":-151.712,"y":175.502,"angle":30},{"faceUp":true,"depth":2,"value":-1,"x":-151.712,"y":373.50199999999995,"angle":30},{"faceUp":true,"depth":3,"value":-1,"x":227.5,"y":-19,"angle":0},{"faceUp":true,"depth":3,"value":-1,"x":-162.5,"y":-19,"angle":0},{"faceUp":true,"depth":3,"value":-1,"x":201.411,"y":377.48699999999997,"angle":-30},{"faceUp":true,"depth":3,"value":-1,"x":201.411,"y":179.48700000000002,"angle":-30},{"faceUp":true,"depth":3,"value":-1,"x":-110.5,"y":-253,"angle":-5},{"faceUp":true,"depth":3,"value":-1,"x":32.5,"y":-253,"angle":0},{"faceUp":true,"depth":3,"value":-1,"x":175.5,"y":-253,"angle":5}],"settings":{"disableCombo":false,"cost":2600,"reward":2750,"comboCoinReward":170,"undoCost":[650,975,1300],"stars":[30,200,300],"wildCost":[7800],"cardsInStack":[-1,-1,-1,-1,-1,-1,-1,-1,-1,-1,-1,-1,-1,-1,-1,-1,-1,-1,-1,-1],"comboBonus":[5,4,6,4],"extraCardCost":[5000,7550,10000]}}]],0,0,[],[],[]]