[1,0,0,[["cc.JsonAsset",["_name","json"],1]],[[0,0,1,3]],[[0,"176",{"cards":[{"faceUp":false,"depth":0,"value":-1,"x":-98.5,"y":-5,"angle":0},{"faceUp":false,"depth":0,"value":-1,"x":18.5,"y":-5,"angle":0},{"faceUp":false,"depth":0,"value":-1,"x":-98.5,"y":-149,"angle":0},{"faceUp":false,"depth":0,"value":-1,"x":18.5,"y":-149,"angle":0},{"faceUp":false,"depth":0,"value":-1,"x":135.5,"y":-149,"angle":0},{"faceUp":false,"depth":0,"value":-1,"x":-98.5,"y":-293,"angle":0},{"faceUp":false,"depth":0,"value":-1,"x":18.5,"y":-293,"angle":0},{"faceUp":false,"depth":0,"value":-1,"x":135.5,"y":-293,"angle":0},{"faceUp":false,"depth":0,"value":-1,"x":135.5,"y":-5,"angle":0},{"faceUp":false,"depth":0,"value":-1,"x":-98.738,"y":406.23800000000006,"angle":-45},{"faceUp":false,"depth":0,"value":-1,"x":102.65700000000001,"y":419.15700000000004,"angle":-45},{"faceUp":false,"depth":1,"value":-1,"x":-33.5,"y":-77,"angle":0},{"faceUp":false,"depth":1,"value":-1,"x":70.5,"y":-77,"angle":0},{"faceUp":false,"depth":1,"value":-1,"x":-33.5,"y":-221,"angle":0},{"faceUp":false,"depth":1,"value":-1,"x":70.5,"y":-221,"angle":0},{"faceUp":false,"depth":1,"value":-1,"x":-85.738,"y":352.23800000000006,"angle":45},{"faceUp":false,"depth":1,"value":-1,"x":115.65700000000001,"y":365.15700000000004,"angle":45},{"faceUp":false,"depth":2,"value":-1,"x":-98.738,"y":316.238,"angle":-45},{"faceUp":false,"depth":2,"value":-1,"x":102.65700000000001,"y":329.157,"angle":-45},{"faceUp":true,"depth":2,"value":-1,"x":18.5,"y":-5,"angle":0},{"faceUp":true,"depth":2,"value":-1,"x":18.5,"y":-149,"angle":0},{"faceUp":true,"depth":2,"value":-1,"x":18.5,"y":-293,"angle":0},{"faceUp":false,"depth":3,"value":-1,"x":-59.738,"y":280.238,"angle":45},{"faceUp":false,"depth":3,"value":-1,"x":141.657,"y":293.157,"angle":45},{"faceUp":false,"depth":4,"value":-1,"x":-72.738,"y":244.238,"angle":-45},{"faceUp":false,"depth":4,"value":-1,"x":128.657,"y":257.157,"angle":-45},{"faceUp":true,"depth":5,"value":-1,"x":-59.738,"y":190.238,"angle":45},{"faceUp":true,"depth":5,"value":-1,"x":141.657,"y":203.15699999999998,"angle":45}],"settings":{"disableCombo":false,"cost":2500,"reward":2650,"comboCoinReward":170,"undoCost":[650,975,1300],"stars":[30,200,300],"wildCost":[7500],"cardsInStack":[-1,-1,-1,-1,-1,-1,-1,-1,-1,-1,-1,-1,-1,-1,-1,-1,-1,-1,-1,-1],"comboBonus":[5,4,6,4],"extraCardCost":[5000,7550,10000]}}]],0,0,[],[],[]]