[1,0,0,[["cc.JsonAsset",["_name","json"],1]],[[0,0,1,3]],[[0,"22",{"cards":[{"faceUp":false,"depth":0,"value":-1,"x":-59.866,"y":241.531,"angle":0},{"faceUp":false,"depth":0,"value":-1,"x":-59.866,"y":97.531,"angle":0},{"faceUp":false,"depth":0,"value":-1,"x":57.134,"y":97.531,"angle":0},{"faceUp":false,"depth":0,"value":-1,"x":57.134,"y":-46.469,"angle":0},{"faceUp":false,"depth":1,"value":-1,"x":-169.505,"y":-146.753,"angle":0},{"faceUp":false,"depth":1,"value":-1,"x":164.933,"y":360.217,"angle":0},{"faceUp":false,"depth":1,"value":-1,"x":-169.504,"y":360.217,"angle":0},{"faceUp":false,"depth":1,"value":-1,"x":-169.505,"y":-290.753,"angle":0},{"faceUp":false,"depth":1,"value":-1,"x":5.134,"y":25.531,"angle":0},{"faceUp":false,"depth":1,"value":-1,"x":5.134,"y":169.531,"angle":0},{"faceUp":false,"depth":1,"value":-1,"x":166.773,"y":-290.753,"angle":0},{"faceUp":false,"depth":1,"value":-1,"x":166.773,"y":-146.753,"angle":0},{"faceUp":false,"depth":2,"value":-1,"x":166,"y":97.531,"angle":0},{"faceUp":false,"depth":2,"value":-1,"x":-170.572,"y":97.531,"angle":0},{"faceUp":false,"depth":2,"value":-1,"x":-287.572,"y":241.531,"angle":0},{"faceUp":false,"depth":2,"value":-1,"x":283,"y":97.531,"angle":0},{"faceUp":false,"depth":2,"value":-1,"x":-287.572,"y":97.531,"angle":0},{"faceUp":false,"depth":2,"value":-1,"x":166,"y":-46.469,"angle":0},{"faceUp":false,"depth":2,"value":-1,"x":283,"y":-46.469,"angle":0},{"faceUp":false,"depth":2,"value":-1,"x":-287.572,"y":-46.469,"angle":0},{"faceUp":false,"depth":2,"value":-1,"x":-170.572,"y":-46.469,"angle":0},{"faceUp":true,"depth":2,"value":-1,"x":164.933,"y":432.217,"angle":0},{"faceUp":true,"depth":2,"value":-1,"x":166.773,"y":-218.753,"angle":0},{"faceUp":true,"depth":2,"value":-1,"x":57.134,"y":241.531,"angle":0},{"faceUp":true,"depth":2,"value":-1,"x":-59.866,"y":-46.469,"angle":0},{"faceUp":true,"depth":2,"value":-1,"x":-169.505,"y":-218.753,"angle":0},{"faceUp":false,"depth":2,"value":-1,"x":283,"y":241.531,"angle":0},{"faceUp":true,"depth":2,"value":-1,"x":-170.572,"y":241.531,"angle":0},{"faceUp":true,"depth":2,"value":-1,"x":-169.504,"y":432.217,"angle":0},{"faceUp":true,"depth":2,"value":-1,"x":166,"y":241.531,"angle":0},{"faceUp":false,"depth":3,"value":-1,"x":-170.572,"y":25.531,"angle":0},{"faceUp":true,"depth":3,"value":-1,"x":-287.572,"y":169.531,"angle":0},{"faceUp":true,"depth":3,"value":-1,"x":283,"y":169.531,"angle":0},{"faceUp":false,"depth":3,"value":-1,"x":-287.572,"y":25.531,"angle":0},{"faceUp":false,"depth":3,"value":-1,"x":283,"y":25.531,"angle":0},{"faceUp":false,"depth":3,"value":-1,"x":166,"y":25.531,"angle":0},{"faceUp":true,"depth":4,"value":-1,"x":231,"y":-10.469,"angle":40},{"faceUp":true,"depth":4,"value":-1,"x":-235.572,"y":-10.469,"angle":-40}],"settings":{"disableCombo":false,"cost":1500,"reward":1550,"comboCoinReward":100,"undoCost":[200,300,600],"stars":[30,100,200],"wildCost":[2000],"cardsInStack":[-1,-1,-1,-1,-1,-1,-1,-1,-1,-1,-1,-1,-1,-1,-1,-1,-1,-1,-1,-1,-1,-1,-1,-1],"comboBonus":[5,5,4,6],"extraCardCost":[900,1350,1800]}}]],0,0,[],[],[]]