[1,0,0,[["cc.JsonAsset",["_name","json"],1]],[[0,0,1,3]],[[0,"212",{"cards":[{"faceUp":false,"depth":0,"value":-1,"x":-86.435,"y":146.44,"angle":0},{"faceUp":false,"depth":0,"value":-1,"x":17.565,"y":146.44,"angle":0},{"faceUp":false,"depth":0,"value":-1,"x":277.565,"y":290.44,"angle":0},{"faceUp":false,"depth":0,"value":-1,"x":-190.435,"y":146.44,"angle":0},{"faceUp":false,"depth":0,"value":-1,"x":121.565,"y":146.44,"angle":0},{"faceUp":false,"depth":0,"value":-1,"x":3.059,"y":-347.628,"angle":0},{"faceUp":false,"depth":0,"value":-1,"x":-126.941,"y":-59.628,"angle":0},{"faceUp":true,"depth":0,"value":-1,"x":225.565,"y":146.44,"angle":0},{"faceUp":false,"depth":0,"value":-1,"x":133.059,"y":-59.628,"angle":0},{"faceUp":false,"depth":0,"value":-1,"x":17.565,"y":434.44,"angle":0},{"faceUp":false,"depth":0,"value":-1,"x":121.565,"y":434.44,"angle":0},{"faceUp":true,"depth":0,"value":-1,"x":-190.435,"y":434.44,"angle":0},{"faceUp":false,"depth":0,"value":-1,"x":-86.435,"y":434.44,"angle":0},{"faceUp":false,"depth":0,"value":-1,"x":225.565,"y":434.44,"angle":0},{"faceUp":false,"depth":0,"value":-1,"x":69.565,"y":290.44,"angle":0},{"faceUp":false,"depth":0,"value":-1,"x":173.565,"y":290.44,"angle":0},{"faceUp":false,"depth":0,"value":-1,"x":-138.435,"y":290.44,"angle":0},{"faceUp":false,"depth":0,"value":-1,"x":-34.435,"y":290.44,"angle":0},{"faceUp":false,"depth":1,"value":-1,"x":133.059,"y":-95.62799999999999,"angle":0},{"faceUp":false,"depth":1,"value":-1,"x":3.059,"y":-311.628,"angle":0},{"faceUp":false,"depth":1,"value":-1,"x":-126.941,"y":-95.62799999999999,"angle":0},{"faceUp":true,"depth":1,"value":-1,"x":-60.435,"y":380.44,"angle":-20},{"faceUp":true,"depth":1,"value":-1,"x":212.565,"y":362.44,"angle":-30},{"faceUp":true,"depth":1,"value":-1,"x":56.565,"y":200.44,"angle":6},{"faceUp":true,"depth":1,"value":-1,"x":-151.435,"y":200.44,"angle":10},{"faceUp":false,"depth":2,"value":-1,"x":-126.941,"y":-131.628,"angle":0},{"faceUp":false,"depth":2,"value":-1,"x":3.059,"y":-275.628,"angle":0},{"faceUp":false,"depth":2,"value":-1,"x":133.059,"y":-131.628,"angle":0},{"faceUp":false,"depth":3,"value":-1,"x":-126.941,"y":-167.628,"angle":0},{"faceUp":false,"depth":3,"value":-1,"x":3.059,"y":-239.628,"angle":0},{"faceUp":false,"depth":3,"value":-1,"x":133.059,"y":-167.628,"angle":0},{"faceUp":true,"depth":4,"value":-1,"x":3.059,"y":-203.628,"angle":0},{"faceUp":true,"depth":4,"value":-1,"x":133.059,"y":-203.628,"angle":0},{"faceUp":true,"depth":4,"value":-1,"x":-126.941,"y":-203.628,"angle":0}],"settings":{"disableCombo":false,"cost":2600,"reward":2750,"comboCoinReward":170,"undoCost":[650,975,1300],"stars":[30,200,300],"wildCost":[7800],"cardsInStack":[-1,-1,-1,-1,-1,-1,-1,-1,-1,-1,-1,-1,-1,-1,-1,-1,-1,-1,-1,-1,-1,-1,-1],"comboBonus":[5,4,6,4],"extraCardCost":[5000,7550,10000]}}]],0,0,[],[],[]]