[1,0,0,[["cc.JsonAsset",["_name","json"],1]],[[0,0,1,3]],[[0,"128",{"cards":[{"faceUp":false,"depth":0,"value":-1,"x":-218.274,"y":115,"angle":0},{"faceUp":false,"depth":0,"value":-1,"x":-218.274,"y":-137,"angle":0},{"faceUp":false,"depth":0,"value":-1,"x":11,"y":389.677,"angle":0},{"faceUp":false,"depth":0,"value":-1,"x":11,"y":137.677,"angle":0},{"faceUp":false,"depth":0,"value":-1,"x":239.459,"y":115,"angle":0},{"faceUp":false,"depth":0,"value":-1,"x":239.459,"y":-137,"angle":0},{"faceUp":false,"depth":1,"value":-1,"x":-218.274,"y":97,"angle":0},{"faceUp":false,"depth":1,"value":-1,"x":-218.274,"y":-119,"angle":0},{"faceUp":false,"depth":1,"value":-1,"x":11,"y":371.677,"angle":0},{"faceUp":false,"depth":1,"value":-1,"x":11,"y":155.677,"angle":0},{"faceUp":false,"depth":1,"value":-1,"x":239.459,"y":97,"angle":0},{"faceUp":false,"depth":1,"value":-1,"x":239.459,"y":-119,"angle":0},{"faceUp":false,"depth":2,"value":-1,"x":-218.274,"y":79,"angle":0},{"faceUp":false,"depth":2,"value":-1,"x":-218.274,"y":-101,"angle":0},{"faceUp":false,"depth":2,"value":-1,"x":11,"y":353.677,"angle":0},{"faceUp":false,"depth":2,"value":-1,"x":11,"y":173.677,"angle":0},{"faceUp":false,"depth":2,"value":-1,"x":239.459,"y":79,"angle":0},{"faceUp":false,"depth":2,"value":-1,"x":239.459,"y":-101,"angle":0},{"faceUp":false,"depth":3,"value":-1,"x":-218.274,"y":61,"angle":0},{"faceUp":false,"depth":3,"value":-1,"x":-218.274,"y":-83,"angle":0},{"faceUp":false,"depth":3,"value":-1,"x":11,"y":335.677,"angle":0},{"faceUp":false,"depth":3,"value":-1,"x":11,"y":191.677,"angle":0},{"faceUp":false,"depth":3,"value":-1,"x":239.459,"y":61,"angle":0},{"faceUp":false,"depth":3,"value":-1,"x":239.459,"y":-83,"angle":0},{"faceUp":false,"depth":4,"value":-1,"x":-322.274,"y":-11,"angle":0},{"faceUp":false,"depth":4,"value":-1,"x":-114.274,"y":-11,"angle":0},{"faceUp":false,"depth":4,"value":-1,"x":115,"y":263.677,"angle":0},{"faceUp":false,"depth":4,"value":-1,"x":-93,"y":263.677,"angle":0},{"faceUp":false,"depth":4,"value":-1,"x":343.459,"y":-11,"angle":0},{"faceUp":false,"depth":4,"value":-1,"x":135.459,"y":-11,"angle":0},{"faceUp":false,"depth":5,"value":-1,"x":-296.274,"y":-11,"angle":0},{"faceUp":false,"depth":5,"value":-1,"x":-140.274,"y":-11,"angle":0},{"faceUp":false,"depth":5,"value":-1,"x":89,"y":263.677,"angle":0},{"faceUp":false,"depth":5,"value":-1,"x":-67,"y":263.677,"angle":0},{"faceUp":false,"depth":5,"value":-1,"x":317.459,"y":-11,"angle":0},{"faceUp":false,"depth":5,"value":-1,"x":161.459,"y":-11,"angle":0},{"faceUp":true,"depth":6,"value":-1,"x":-166.274,"y":-11,"angle":0},{"faceUp":true,"depth":6,"value":-1,"x":-270.274,"y":-11,"angle":0},{"faceUp":true,"depth":6,"value":-1,"x":63,"y":263.677,"angle":0},{"faceUp":true,"depth":6,"value":-1,"x":-41,"y":263.677,"angle":0},{"faceUp":true,"depth":6,"value":-1,"x":291.459,"y":-11,"angle":0},{"faceUp":true,"depth":6,"value":-1,"x":187.459,"y":-11,"angle":0}],"settings":{"disableCombo":false,"cost":2200,"reward":2400,"comboCoinReward":170,"undoCost":[500,750,1000],"stars":[30,200,300],"wildCost":[6500],"cardsInStack":[-1,-1,-1,-1,-1,-1,-1,-1,-1,-1,-1,-1,-1,-1,-1,-1,-1,-1,-1,-1,-1,-1,-1,-1,-1,-1],"comboBonus":[5,4,6,4],"extraCardCost":[4500,6750,9000]}}]],0,0,[],[],[]]