[1,0,0,[["cc.JsonAsset",["_name","json"],1]],[[0,0,1,3]],[[0,"245",{"cards":[{"faceUp":false,"depth":0,"value":-1,"x":-41.035,"y":152.358,"angle":0},{"faceUp":false,"depth":0,"value":-1,"x":184.133,"y":-99.642,"angle":0},{"faceUp":false,"depth":0,"value":-1,"x":314.133,"y":-99.642,"angle":0},{"faceUp":false,"depth":0,"value":-1,"x":-171.035,"y":152.358,"angle":0},{"faceUp":true,"depth":0,"value":-1,"x":-75.867,"y":-99.642,"angle":0},{"faceUp":false,"depth":0,"value":-1,"x":54.133,"y":-99.642,"angle":0},{"faceUp":false,"depth":0,"value":-1,"x":-301.035,"y":152.358,"angle":0},{"faceUp":true,"depth":1,"value":-1,"x":54.133,"y":-81.642,"angle":0},{"faceUp":false,"depth":1,"value":-1,"x":184.133,"y":-81.642,"angle":0},{"faceUp":false,"depth":1,"value":-1,"x":314.133,"y":-81.642,"angle":0},{"faceUp":false,"depth":1,"value":-1,"x":-301.035,"y":134.358,"angle":0},{"faceUp":false,"depth":1,"value":-1,"x":-171.035,"y":134.358,"angle":0},{"faceUp":true,"depth":1,"value":-1,"x":-41.035,"y":134.358,"angle":0},{"faceUp":true,"depth":2,"value":-1,"x":184.133,"y":-63.642,"angle":0},{"faceUp":true,"depth":2,"value":-1,"x":314.133,"y":-63.642,"angle":0},{"faceUp":true,"depth":2,"value":-1,"x":88.965,"y":152.358,"angle":0},{"faceUp":true,"depth":2,"value":-1,"x":-301.035,"y":116.358,"angle":0},{"faceUp":true,"depth":2,"value":-1,"x":-171.035,"y":116.358,"angle":0}],"settings":{"disableCombo":false,"cost":2600,"reward":2750,"comboCoinReward":170,"undoCost":[650,975,1300],"stars":[30,200,300],"wildCost":[8000],"cardsInStack":[-1,-1,-1,-1,-1,-1,-1,-1,-1,-1,-1],"comboBonus":[5,4,6,4],"extraCardCost":[5000,7550,10000]}}]],0,0,[],[],[]]