[1,0,0,[["cc.JsonAsset",["_name","json"],1]],[[0,0,1,3]],[[0,"136",{"cards":[{"faceUp":false,"depth":0,"value":-1,"x":382.067,"y":-70.60499999999999,"angle":0},{"faceUp":false,"depth":0,"value":-1,"x":266.067,"y":-70.60499999999999,"angle":0},{"faceUp":false,"depth":0,"value":-1,"x":155.067,"y":-70.60499999999999,"angle":0},{"faceUp":false,"depth":0,"value":-1,"x":46.067,"y":-70.60499999999999,"angle":0},{"faceUp":false,"depth":0,"value":-1,"x":-380.107,"y":-70.23599999999999,"angle":0},{"faceUp":false,"depth":0,"value":-1,"x":-274.107,"y":-70.23599999999999,"angle":0},{"faceUp":false,"depth":0,"value":-1,"x":-166.107,"y":-70.23599999999999,"angle":0},{"faceUp":false,"depth":0,"value":-1,"x":-59.107,"y":-70.23599999999999,"angle":0},{"faceUp":false,"depth":0,"value":-1,"x":-9.236,"y":368.787,"angle":0},{"faceUp":false,"depth":0,"value":-1,"x":133.764,"y":98.787,"angle":0},{"faceUp":false,"depth":0,"value":-1,"x":-152.236,"y":98.787,"angle":0},{"faceUp":true,"depth":1,"value":-1,"x":-336.107,"y":-142.236,"angle":0},{"faceUp":true,"depth":1,"value":-1,"x":-223.107,"y":-142.236,"angle":0},{"faceUp":true,"depth":1,"value":-1,"x":-105.107,"y":-142.236,"angle":0},{"faceUp":true,"depth":1,"value":-1,"x":212.067,"y":-142.60500000000002,"angle":0},{"faceUp":true,"depth":1,"value":-1,"x":330.067,"y":-142.60500000000002,"angle":0},{"faceUp":true,"depth":1,"value":-1,"x":96.067,"y":-142.60500000000002,"angle":0},{"faceUp":true,"depth":1,"value":-1,"x":-87.236,"y":116.787,"angle":0},{"faceUp":true,"depth":1,"value":-1,"x":68.764,"y":116.787,"angle":0},{"faceUp":false,"depth":1,"value":-1,"x":-9.236,"y":188.787,"angle":0},{"faceUp":true,"depth":2,"value":-1,"x":-9.236,"y":278.787,"angle":0}],"settings":{"disableCombo":false,"cost":2200,"reward":2400,"comboCoinReward":170,"undoCost":[500,750,1000],"stars":[30,200,300],"wildCost":[6500],"cardsInStack":[-1,-1,-1,-1,-1,-1,-1,-1,-1,-1,-1,-1,-1],"comboBonus":[5,4,6,4],"extraCardCost":[4500,6750,9000]}}]],0,0,[],[],[]]