[1,0,0,[["cc.JsonAsset",["_name","json"],1]],[[0,0,1,3]],[[0,"54",{"cards":[{"faceUp":false,"depth":0,"value":-1,"x":187.658,"y":38.923,"angle":0},{"faceUp":false,"depth":0,"value":-1,"x":-177.335,"y":38.923,"angle":0},{"faceUp":false,"depth":0,"value":5,"x":6.015,"y":164.923,"angle":0},{"faceUp":false,"depth":0,"value":-1,"x":317.658,"y":38.923,"angle":0},{"faceUp":false,"depth":0,"value":-1,"x":-307.335,"y":38.923,"angle":0},{"faceUp":false,"depth":0,"value":-1,"x":317.658,"y":290.923,"angle":0},{"faceUp":false,"depth":0,"value":-1,"x":-307.335,"y":290.923,"angle":0},{"faceUp":false,"depth":0,"value":-1,"x":-177.335,"y":290.923,"angle":0},{"faceUp":false,"depth":0,"value":-1,"x":187.658,"y":290.923,"angle":0},{"faceUp":false,"depth":1,"value":-1,"x":187.658,"y":92.923,"angle":0},{"faceUp":false,"depth":1,"value":-1,"x":317.658,"y":236.923,"angle":0},{"faceUp":false,"depth":1,"value":-1,"x":317.658,"y":92.923,"angle":0},{"faceUp":true,"depth":1,"value":5,"x":71.015,"y":164.923,"angle":0},{"faceUp":true,"depth":1,"value":5,"x":-58.985,"y":164.923,"angle":0},{"faceUp":false,"depth":1,"value":-1,"x":-177.335,"y":236.923,"angle":0},{"faceUp":false,"depth":1,"value":-1,"x":-307.335,"y":236.923,"angle":0},{"faceUp":false,"depth":1,"value":-1,"x":-307.335,"y":92.923,"angle":0},{"faceUp":false,"depth":1,"value":-1,"x":187.658,"y":236.923,"angle":0},{"faceUp":false,"depth":1,"value":-1,"x":-177.335,"y":92.923,"angle":0},{"faceUp":true,"depth":2,"value":-1,"x":187.658,"y":164.923,"angle":0},{"faceUp":true,"depth":2,"value":-1,"x":317.658,"y":164.923,"angle":0},{"faceUp":true,"depth":2,"value":-1,"x":-307.335,"y":164.923,"angle":0},{"faceUp":true,"depth":2,"value":-1,"x":-177.335,"y":164.923,"angle":0}],"settings":{"disableCombo":false,"cost":1500,"reward":1550,"comboCoinReward":100,"undoCost":[400,600,800],"stars":[30,100,200],"wildCost":[4500],"cardsInStack":[-1,-1,-1,-1,-1,-1,-1,-1,-1,-1,-1,-1,-1,-1,-1],"comboBonus":[5,4,6,4],"extraCardCost":[3000,4500,6000]}}]],0,0,[],[],[]]