[1,0,0,[["cc.JsonAsset",["_name","json"],1]],[[0,0,1,3]],[[0,"114",{"cards":[{"faceUp":false,"depth":0,"value":-1,"x":-206,"y":82,"angle":0},{"faceUp":false,"depth":0,"value":-1,"x":196,"y":82,"angle":0},{"faceUp":false,"depth":1,"value":-1,"x":-271,"y":172,"angle":0},{"faceUp":false,"depth":1,"value":-1,"x":-271,"y":10,"angle":0},{"faceUp":false,"depth":1,"value":-1,"x":-141,"y":172,"angle":0},{"faceUp":false,"depth":1,"value":-1,"x":-141,"y":10,"angle":0},{"faceUp":false,"depth":1,"value":-1,"x":131,"y":172,"angle":0},{"faceUp":false,"depth":1,"value":-1,"x":261,"y":172,"angle":0},{"faceUp":false,"depth":1,"value":-1,"x":131,"y":10,"angle":0},{"faceUp":false,"depth":1,"value":-1,"x":261,"y":10,"angle":0},{"faceUp":false,"depth":2,"value":-1,"x":-323,"y":208,"angle":0},{"faceUp":false,"depth":2,"value":-1,"x":-89,"y":208,"angle":0},{"faceUp":false,"depth":2,"value":-1,"x":79,"y":208,"angle":0},{"faceUp":false,"depth":2,"value":-1,"x":313,"y":208,"angle":0},{"faceUp":true,"depth":2,"value":-1,"x":313,"y":-26,"angle":0},{"faceUp":false,"depth":2,"value":-1,"x":79,"y":-26,"angle":0},{"faceUp":true,"depth":2,"value":-1,"x":-89,"y":-26,"angle":0},{"faceUp":false,"depth":2,"value":-1,"x":-323,"y":-26,"angle":0},{"faceUp":true,"depth":3,"value":-1,"x":-310,"y":208,"angle":0},{"faceUp":true,"depth":3,"value":-1,"x":-102,"y":208,"angle":0},{"faceUp":true,"depth":3,"value":-1,"x":-310,"y":-26,"angle":0},{"faceUp":true,"depth":3,"value":-1,"x":92,"y":208,"angle":0},{"faceUp":true,"depth":3,"value":-1,"x":300,"y":208,"angle":0},{"faceUp":true,"depth":3,"value":-1,"x":92,"y":-26,"angle":0}],"settings":{"disableCombo":false,"cost":2200,"reward":2400,"comboCoinReward":170,"undoCost":[500,750,1000],"stars":[30,200,300],"wildCost":[6500],"cardsInStack":[-1,-1,-1,-1,-1,-1,-1,-1,-1,-1,-1,-1,-1,-1,-1,-1],"comboBonus":[5,4,6,4],"extraCardCost":[4500,6750,9000]}}]],0,0,[],[],[]]