[1,0,0,[["cc.JsonAsset",["_name","json"],1]],[[0,0,1,3]],[[0,"29",{"cards":[{"faceUp":false,"depth":0,"value":-1,"x":324.154,"y":-166.798,"angle":15},{"faceUp":false,"depth":0,"value":-1,"x":116.154,"y":-165.798,"angle":15},{"faceUp":false,"depth":0,"value":-1,"x":324.154,"y":31.202,"angle":-15},{"faceUp":false,"depth":0,"value":-1,"x":116.154,"y":32.202,"angle":-15},{"faceUp":false,"depth":0,"value":-1,"x":-97.846,"y":-162.798,"angle":-15},{"faceUp":false,"depth":0,"value":-1,"x":-97.846,"y":35.202,"angle":15},{"faceUp":false,"depth":0,"value":-1,"x":9.154,"y":325.416,"angle":0},{"faceUp":false,"depth":0,"value":-1,"x":-305.846,"y":-162.798,"angle":-15},{"faceUp":false,"depth":0,"value":-1,"x":-305.846,"y":35.202,"angle":15},{"faceUp":false,"depth":1,"value":-1,"x":324.154,"y":13.202,"angle":-15},{"faceUp":false,"depth":1,"value":-1,"x":-97.846,"y":-180.798,"angle":-15},{"faceUp":false,"depth":1,"value":-1,"x":116.154,"y":-183.798,"angle":15},{"faceUp":false,"depth":1,"value":-1,"x":116.154,"y":14.202,"angle":-15},{"faceUp":false,"depth":1,"value":-1,"x":9.154,"y":307.416,"angle":0},{"faceUp":false,"depth":1,"value":-1,"x":-305.846,"y":17.202,"angle":15},{"faceUp":false,"depth":1,"value":-1,"x":-97.846,"y":17.202,"angle":15},{"faceUp":true,"depth":2,"value":-1,"x":116.154,"y":-3.798,"angle":-15},{"faceUp":true,"depth":2,"value":-1,"x":324.154,"y":-76.798,"angle":-15},{"faceUp":true,"depth":2,"value":-1,"x":-305.846,"y":-72.798,"angle":15},{"faceUp":true,"depth":2,"value":-1,"x":116.154,"y":-201.798,"angle":15},{"faceUp":false,"depth":2,"value":-1,"x":9.154,"y":289.416,"angle":0},{"faceUp":true,"depth":2,"value":-1,"x":-97.846,"y":-0.798,"angle":15},{"faceUp":true,"depth":2,"value":-1,"x":-97.846,"y":-198.798,"angle":-15},{"faceUp":false,"depth":3,"value":-1,"x":9.154,"y":271.416,"angle":0},{"faceUp":false,"depth":4,"value":-1,"x":9.154,"y":253.416,"angle":0},{"faceUp":true,"depth":5,"value":-1,"x":9.154,"y":235.416,"angle":0}],"settings":{"disableCombo":false,"cost":1500,"reward":1550,"comboCoinReward":100,"undoCost":[200,300,600],"stars":[30,100,200],"wildCost":[2000],"cardsInStack":[-1,-1,-1,-1,-1,-1,-1,-1,-1,-1,-1,-1,-1,-1,-1,-1,-1,-1,-1,-1],"comboBonus":[5,4,6,4],"extraCardCost":[1500,2250,3000]}}]],0,0,[],[],[]]