[1,0,0,[["cc.JsonAsset",["_name","json"],1]],[[0,0,1,3]],[[0,"15",{"cards":[{"faceUp":false,"depth":0,"value":-1,"x":-205.825,"y":216.17,"angle":0},{"faceUp":false,"depth":0,"value":-1,"x":251.716,"y":216.17,"angle":0},{"faceUp":false,"depth":0,"value":-1,"x":117.443,"y":216.17,"angle":0},{"faceUp":false,"depth":0,"value":-1,"x":-64.557,"y":216.17,"angle":0},{"faceUp":false,"depth":0,"value":-1,"x":251.716,"y":0.17,"angle":0},{"faceUp":false,"depth":0,"value":-1,"x":-205.825,"y":0.17,"angle":0},{"faceUp":false,"depth":0,"value":-1,"x":-64.557,"y":0.17,"angle":0},{"faceUp":false,"depth":0,"value":-1,"x":117.443,"y":0.17,"angle":0},{"faceUp":false,"depth":1,"value":-1,"x":-205.825,"y":198.17,"angle":0},{"faceUp":false,"depth":1,"value":-1,"x":-64.557,"y":198.17,"angle":0},{"faceUp":false,"depth":1,"value":-1,"x":117.443,"y":198.17,"angle":0},{"faceUp":false,"depth":1,"value":-1,"x":251.716,"y":198.17,"angle":0},{"faceUp":false,"depth":1,"value":-1,"x":251.716,"y":-17.83,"angle":0},{"faceUp":false,"depth":1,"value":-1,"x":117.443,"y":-17.83,"angle":0},{"faceUp":false,"depth":1,"value":-1,"x":-64.557,"y":-17.83,"angle":0},{"faceUp":false,"depth":1,"value":-1,"x":-205.825,"y":-17.83,"angle":0},{"faceUp":true,"depth":2,"value":-1,"x":117.443,"y":180.17,"angle":0},{"faceUp":true,"depth":2,"value":-1,"x":251.716,"y":180.17,"angle":0},{"faceUp":true,"depth":2,"value":-1,"x":-205.825,"y":180.17,"angle":0},{"faceUp":true,"depth":2,"value":-1,"x":-64.557,"y":180.17,"angle":0},{"faceUp":true,"depth":2,"value":-1,"x":-205.825,"y":-35.83,"angle":0},{"faceUp":true,"depth":2,"value":-1,"x":-64.557,"y":-35.83,"angle":0},{"faceUp":true,"depth":2,"value":-1,"x":117.443,"y":-35.83,"angle":0},{"faceUp":true,"depth":2,"value":-1,"x":251.716,"y":-35.83,"angle":0}],"settings":{"disableCombo":false,"cost":1000,"reward":1050,"comboCoinReward":50,"undoCost":[100,150,400],"stars":[15,80,120],"wildCost":[1000],"cardsInStack":[-1,-1,-1,-1,-1,-1,-1,-1,-1,-1,-1,-1,-1,-1,-1],"comboBonus":[5,4,6,5],"extraCardCost":[200,300,500]}}]],0,0,[],[],[]]