[1,0,0,[["cc.JsonAsset",["_name","json"],1]],[[0,0,1,3]],[[0,"275",{"cards":[{"faceUp":false,"depth":0,"value":-1,"x":1.597,"y":-12.731000000000002,"angle":0},{"faceUp":false,"depth":0,"value":-1,"x":1.597,"y":-300.731,"angle":0},{"faceUp":false,"depth":0,"value":-1,"x":-250.562,"y":371.143,"angle":0},{"faceUp":false,"depth":0,"value":-1,"x":250.669,"y":371.143,"angle":0},{"faceUp":false,"depth":1,"value":-1,"x":1.597,"y":-48.731,"angle":0},{"faceUp":false,"depth":1,"value":-1,"x":1.597,"y":-264.731,"angle":0},{"faceUp":false,"depth":1,"value":-1,"x":-258.403,"y":-30.731,"angle":0},{"faceUp":false,"depth":1,"value":-1,"x":-128.403,"y":-30.731,"angle":0},{"faceUp":false,"depth":1,"value":-1,"x":261.597,"y":-30.731,"angle":0},{"faceUp":false,"depth":1,"value":-1,"x":131.59699999999998,"y":-30.731,"angle":0},{"faceUp":false,"depth":1,"value":-1,"x":261.597,"y":-282.731,"angle":0},{"faceUp":false,"depth":1,"value":-1,"x":131.59699999999998,"y":-282.731,"angle":0},{"faceUp":false,"depth":1,"value":-1,"x":-128.403,"y":-282.731,"angle":0},{"faceUp":false,"depth":1,"value":-1,"x":-258.403,"y":-282.731,"angle":0},{"faceUp":false,"depth":1,"value":-1,"x":133.669,"y":317.143,"angle":0},{"faceUp":false,"depth":1,"value":-1,"x":250.669,"y":317.143,"angle":0},{"faceUp":false,"depth":1,"value":-1,"x":-250.562,"y":317.143,"angle":0},{"faceUp":false,"depth":1,"value":-1,"x":-133.562,"y":317.143,"angle":0},{"faceUp":false,"depth":2,"value":-1,"x":1.597,"y":-84.731,"angle":0},{"faceUp":false,"depth":2,"value":-1,"x":1.597,"y":-228.731,"angle":0},{"faceUp":true,"depth":2,"value":-1,"x":-193.403,"y":-30.731,"angle":0},{"faceUp":true,"depth":2,"value":-1,"x":196.597,"y":-30.731,"angle":0},{"faceUp":true,"depth":2,"value":-1,"x":196.597,"y":-282.731,"angle":0},{"faceUp":true,"depth":2,"value":-1,"x":-193.403,"y":-282.731,"angle":0},{"faceUp":false,"depth":2,"value":-1,"x":133.669,"y":263.143,"angle":0},{"faceUp":false,"depth":2,"value":-1,"x":250.669,"y":263.143,"angle":0},{"faceUp":false,"depth":2,"value":-1,"x":-250.562,"y":263.143,"angle":0},{"faceUp":false,"depth":2,"value":-1,"x":-133.562,"y":263.143,"angle":0},{"faceUp":true,"depth":3,"value":-1,"x":1.597,"y":-156.731,"angle":0},{"faceUp":true,"depth":3,"value":-1,"x":133.669,"y":209.143,"angle":0},{"faceUp":false,"depth":3,"value":-1,"x":250.669,"y":209.143,"angle":0},{"faceUp":false,"depth":3,"value":-1,"x":-250.562,"y":209.143,"angle":0},{"faceUp":true,"depth":3,"value":-1,"x":-133.562,"y":209.143,"angle":0},{"faceUp":true,"depth":4,"value":-1,"x":-250.562,"y":155.143,"angle":0},{"faceUp":true,"depth":4,"value":-1,"x":250.669,"y":155.143,"angle":0}],"settings":{"disableCombo":false,"cost":2700,"reward":2850,"comboCoinReward":170,"undoCost":[700,1050,1400],"stars":[30,200,300],"wildCost":[8000],"cardsInStack":[-1,-1,-1,-1,-1,-1,-1,-1,-1,-1,-1,-1,-1,-1,-1,-1,-1,-1,-1,-1,-1,-1,-1],"comboBonus":[5,4,6,4],"extraCardCost":[5500,8250,11000]}}]],0,0,[],[],[]]